[2025-09-04T05:04:49.223] debug:  Log file re-opened
[2025-09-04T05:04:49.225] debug:  auth/munge: init: Munge authentication plugin loaded
[2025-09-04T05:04:49.229] debug2: accounting_storage/as_mysql: init: mysql_connect() called for db slurm_acct_db
[2025-09-04T05:04:49.230] debug2: Attempting to connect to mysql:3306
[2025-09-04T05:04:49.232] accounting_storage/as_mysql: _check_mysql_concat_is_sane: MySQL server version is: 9.4.0
[2025-09-04T05:04:49.239] debug2: accounting_storage/as_mysql: _check_database_variables: innodb_buffer_pool_size: 134217728
[2025-09-04T05:04:49.240] error: _get_database_variable: invalid results from query `show variables like 'innodb_log_file_size';`
[2025-09-04T05:04:49.452] accounting_storage/as_mysql: init: Accounting storage MYSQL plugin loaded
[2025-09-04T05:04:49.452] Not running as root. Can't drop supplementary groups
[2025-09-04T05:04:49.452] debug2: ArchiveDir        = /tmp
[2025-09-04T05:04:49.452] debug2: ArchiveScript     = (null)
[2025-09-04T05:04:49.452] debug2: AuthAltTypes      = (null)
[2025-09-04T05:04:49.452] debug2: AuthAltParameters = (null)
[2025-09-04T05:04:49.452] debug2: AuthInfo          = (null)
[2025-09-04T05:04:49.452] debug2: AuthType          = auth/munge
[2025-09-04T05:04:49.452] debug2: CommitDelay       = 0
[2025-09-04T05:04:49.452] debug2: CommunicationParameters	= (null)
[2025-09-04T05:04:49.452] debug2: DbdAddr           = slurmdbd
[2025-09-04T05:04:49.452] debug2: DbdBackupHost     = (null)
[2025-09-04T05:04:49.452] debug2: DbdHost           = slurmdbd
[2025-09-04T05:04:49.452] debug2: DbdPort           = 6819
[2025-09-04T05:04:49.452] debug2: DebugFlags        = (null)
[2025-09-04T05:04:49.452] debug2: DebugLevel        = 6
[2025-09-04T05:04:49.452] debug2: DebugLevelSyslog  = 10
[2025-09-04T05:04:49.452] debug2: DefaultQOS        = (null)
[2025-09-04T05:04:49.452] debug2: LogFile           = /var/log/slurm/slurmdbd.log
[2025-09-04T05:04:49.452] debug2: MessageTimeout    = 10
[2025-09-04T05:04:49.452] debug2: Parameters        = (null)
[2025-09-04T05:04:49.452] debug2: PidFile           = /var/run/slurmdbd/slurmdbd.pid
[2025-09-04T05:04:49.452] debug2: PluginDir         = /usr/lib64/slurm
[2025-09-04T05:04:49.452] debug2: PrivateData       = none
[2025-09-04T05:04:49.452] debug2: PurgeEventAfter   = NONE
[2025-09-04T05:04:49.452] debug2: PurgeJobAfter     = NONE
[2025-09-04T05:04:49.452] debug2: PurgeResvAfter    = NONE
[2025-09-04T05:04:49.452] debug2: PurgeStepAfter    = NONE
[2025-09-04T05:04:49.452] debug2: PurgeSuspendAfter = NONE
[2025-09-04T05:04:49.452] debug2: PurgeTXNAfter = NONE
[2025-09-04T05:04:49.452] debug2: PurgeUsageAfter = NONE
[2025-09-04T05:04:49.452] debug2: SlurmUser         = slurm(990)
[2025-09-04T05:04:49.452] debug2: StorageBackupHost = (null)
[2025-09-04T05:04:49.452] debug2: StorageHost       = mysql
[2025-09-04T05:04:49.452] debug2: StorageLoc        = slurm_acct_db
[2025-09-04T05:04:49.452] debug2: StorageParameters = (null)
[2025-09-04T05:04:49.452] debug2: StoragePort       = 3306
[2025-09-04T05:04:49.452] debug2: StorageType       = accounting_storage/mysql
[2025-09-04T05:04:49.452] debug2: StorageUser       = slurm
[2025-09-04T05:04:49.452] debug2: TCPTimeout        = 2
[2025-09-04T05:04:49.452] debug2: TrackWCKey        = 0
[2025-09-04T05:04:49.452] debug2: TrackSlurmctldDown= 0
[2025-09-04T05:04:49.453] debug2: accounting_storage/as_mysql: acct_storage_p_get_connection: acct_storage_p_get_connection: request new connection 1
[2025-09-04T05:04:49.453] debug2: Attempting to connect to mysql:3306
[2025-09-04T05:04:49.456] slurmdbd version 21.08.6 started
[2025-09-04T05:04:49.456] debug2: running rollup at Thu Sep 04 05:04:49 2025
[2025-09-04T05:04:49.457] debug2: Attempting to connect to mysql:3306
[2025-09-04T05:04:49.459] debug:  accounting_storage/as_mysql: _cluster_rollup_usage: Cluster linux not registered, not doing rollup
[2025-09-04T05:04:49.465] debug2: accounting_storage/as_mysql: as_mysql_roll_usage: Got 1 of 1 rolled up
[2025-09-04T05:04:49.465] debug2: accounting_storage/as_mysql: as_mysql_roll_usage: Everything rolled up
[2025-09-04T05:04:52.024] debug:  REQUEST_PERSIST_INIT: CLUSTER:linux VERSION:9472 UID:990 IP:172.19.0.4 CONN:8
[2025-09-04T05:04:52.024] debug2: accounting_storage/as_mysql: acct_storage_p_get_connection: acct_storage_p_get_connection: request new connection 1
[2025-09-04T05:04:52.025] debug2: Attempting to connect to mysql:3306
[2025-09-04T05:04:52.067] debug2: DBD_REGISTER_CTLD: called in CONN 8 for linux(6817)
[2025-09-04T05:04:52.067] debug2: slurmctld at ip:172.19.0.4, port:6817
[2025-09-04T05:04:52.160] debug2: DBD_GET_TRES: called in CONN 8
[2025-09-04T05:04:52.247] debug2: DBD_GET_QOS: called in CONN 8
[2025-09-04T05:04:52.336] debug2: DBD_GET_USERS: called in CONN 8
[2025-09-04T05:04:52.423] debug2: DBD_GET_ASSOCS: called in CONN 8
[2025-09-04T05:04:52.515] debug2: DBD_GET_RES: called in CONN 8
[2025-09-04T05:04:52.615] debug2: DBD_FLUSH_JOBS: called in CONN 8 for linux
[2025-09-04T05:04:52.704] debug2: DBD_CLUSTER_TRES: called in CONN 8 for linux(1=2,2=2000,3=0,4=2,5=2,6=0,7=0,8=0)
[2025-09-04T05:04:52.705] debug:  accounting_storage/as_mysql: as_mysql_cluster_tres: We don't have an entry for this machine linux most likely a first time running.
[2025-09-04T05:04:52.796] debug2: DBD_GET_FEDERATIONS: called in CONN 8
[2025-09-04T05:04:53.971] debug2: DBD_NODE_STATE_UP: NODE:c1 REASON:(null) TIME:1756962293
[2025-09-04T05:04:54.015] debug2: DBD_NODE_STATE_UP: NODE:c2 REASON:(null) TIME:1756962293
[2025-09-04T05:09:52.667] debug2: DBD_CLUSTER_TRES: called in CONN 8 for linux(1=2,2=2000,3=0,4=2,5=2,6=0,7=0,8=0)
[2025-09-04T05:14:52.774] debug2: DBD_CLUSTER_TRES: called in CONN 8 for linux(1=2,2=2000,3=0,4=2,5=2,6=0,7=0,8=0)
[2025-09-04T05:19:52.539] debug2: DBD_CLUSTER_TRES: called in CONN 8 for linux(1=2,2=2000,3=0,4=2,5=2,6=0,7=0,8=0)
[2025-09-04T05:24:52.628] debug2: DBD_CLUSTER_TRES: called in CONN 8 for linux(1=2,2=2000,3=0,4=2,5=2,6=0,7=0,8=0)
[2025-09-04T05:29:52.087] debug2: DBD_CLUSTER_TRES: called in CONN 8 for linux(1=2,2=2000,3=0,4=2,5=2,6=0,7=0,8=0)
[2025-09-04T05:34:52.718] debug2: DBD_CLUSTER_TRES: called in CONN 8 for linux(1=2,2=2000,3=0,4=2,5=2,6=0,7=0,8=0)
[2025-09-04T05:39:52.132] debug2: DBD_CLUSTER_TRES: called in CONN 8 for linux(1=2,2=2000,3=0,4=2,5=2,6=0,7=0,8=0)
[2025-09-04T05:44:52.820] debug2: DBD_CLUSTER_TRES: called in CONN 8 for linux(1=2,2=2000,3=0,4=2,5=2,6=0,7=0,8=0)
[2025-09-04T05:49:52.966] debug2: DBD_CLUSTER_TRES: called in CONN 8 for linux(1=2,2=2000,3=0,4=2,5=2,6=0,7=0,8=0)
[2025-09-04T05:54:52.615] debug2: DBD_CLUSTER_TRES: called in CONN 8 for linux(1=2,2=2000,3=0,4=2,5=2,6=0,7=0,8=0)
[2025-09-04T05:57:39.055] debug2: running rollup at Thu Sep 04 06:00:00 2025
[2025-09-04T05:57:39.056] debug2: Attempting to connect to mysql:3306
[2025-09-04T05:57:39.058] debug2: accounting_storage/as_mysql: _cluster_rollup_usage: No need to roll cluster linux this hour 1756962000 <= 1756962000
[2025-09-04T05:57:39.058] debug2: accounting_storage/as_mysql: _cluster_rollup_usage: No need to roll cluster linux this day 1756944000 <= 1756944000
[2025-09-04T05:57:39.058] debug2: accounting_storage/as_mysql: _cluster_rollup_usage: No need to roll cluster linux this month 1756684800 <= 1756684800
[2025-09-04T05:57:39.058] debug2: accounting_storage/as_mysql: as_mysql_roll_usage: Got 1 of 1 rolled up
[2025-09-04T05:57:39.058] debug2: accounting_storage/as_mysql: as_mysql_roll_usage: Everything rolled up
[2025-09-04T05:59:52.512] debug2: DBD_CLUSTER_TRES: called in CONN 8 for linux(1=2,2=2000,3=0,4=2,5=2,6=0,7=0,8=0)
[2025-09-04T05:59:53.013] debug2: running rollup at Thu Sep 04 06:00:00 2025
[2025-09-04T05:59:53.014] debug2: Attempting to connect to mysql:3306
[2025-09-04T05:59:53.016] debug2: accounting_storage/as_mysql: _cluster_rollup_usage: No need to roll cluster linux this hour 1756962000 <= 1756962000
[2025-09-04T05:59:53.016] debug2: accounting_storage/as_mysql: _cluster_rollup_usage: No need to roll cluster linux this day 1756944000 <= 1756944000
[2025-09-04T05:59:53.016] debug2: accounting_storage/as_mysql: _cluster_rollup_usage: No need to roll cluster linux this month 1756684800 <= 1756684800
[2025-09-04T05:59:53.016] debug2: accounting_storage/as_mysql: as_mysql_roll_usage: Got 1 of 1 rolled up
[2025-09-04T05:59:53.016] debug2: accounting_storage/as_mysql: as_mysql_roll_usage: Everything rolled up
[2025-09-04T06:00:00.017] debug2: running rollup at Thu Sep 04 06:00:00 2025
[2025-09-04T06:00:00.018] debug2: Attempting to connect to mysql:3306
[2025-09-04T06:00:00.027] debug2: accounting_storage/as_mysql: _cluster_rollup_usage: No need to roll cluster linux this day 1756944000 <= 1756944000
[2025-09-04T06:00:00.027] debug2: accounting_storage/as_mysql: _cluster_rollup_usage: No need to roll cluster linux this month 1756684800 <= 1756684800
[2025-09-04T06:00:00.036] debug2: accounting_storage/as_mysql: as_mysql_roll_usage: Got 1 of 1 rolled up
[2025-09-04T06:00:00.036] debug2: accounting_storage/as_mysql: as_mysql_roll_usage: Everything rolled up
[2025-09-04T06:04:52.765] debug2: DBD_CLUSTER_TRES: called in CONN 8 for linux(1=2,2=2000,3=0,4=2,5=2,6=0,7=0,8=0)
[2025-09-04T06:09:52.973] debug2: DBD_CLUSTER_TRES: called in CONN 8 for linux(1=2,2=2000,3=0,4=2,5=2,6=0,7=0,8=0)
[2025-09-04T06:14:52.310] debug2: DBD_CLUSTER_TRES: called in CONN 8 for linux(1=2,2=2000,3=0,4=2,5=2,6=0,7=0,8=0)
[2025-09-04T06:19:52.755] debug2: DBD_CLUSTER_TRES: called in CONN 8 for linux(1=2,2=2000,3=0,4=2,5=2,6=0,7=0,8=0)
[2025-09-04T06:24:52.366] debug2: DBD_CLUSTER_TRES: called in CONN 8 for linux(1=2,2=2000,3=0,4=2,5=2,6=0,7=0,8=0)
[2025-09-04T06:29:52.272] debug2: DBD_CLUSTER_TRES: called in CONN 8 for linux(1=2,2=2000,3=0,4=2,5=2,6=0,7=0,8=0)
[2025-09-04T06:34:52.801] debug2: DBD_CLUSTER_TRES: called in CONN 8 for linux(1=2,2=2000,3=0,4=2,5=2,6=0,7=0,8=0)
[2025-09-04T06:39:52.732] debug2: DBD_CLUSTER_TRES: called in CONN 8 for linux(1=2,2=2000,3=0,4=2,5=2,6=0,7=0,8=0)
[2025-09-04T06:44:52.908] debug2: DBD_CLUSTER_TRES: called in CONN 8 for linux(1=2,2=2000,3=0,4=2,5=2,6=0,7=0,8=0)
[2025-09-04T06:49:52.337] debug2: DBD_CLUSTER_TRES: called in CONN 8 for linux(1=2,2=2000,3=0,4=2,5=2,6=0,7=0,8=0)
[2025-09-04T06:54:52.535] debug2: DBD_CLUSTER_TRES: called in CONN 8 for linux(1=2,2=2000,3=0,4=2,5=2,6=0,7=0,8=0)
[2025-09-04T06:57:01.265] debug2: running rollup at Thu Sep 04 07:00:00 2025
[2025-09-04T06:57:01.266] debug2: Attempting to connect to mysql:3306
[2025-09-04T06:57:01.268] debug2: accounting_storage/as_mysql: _cluster_rollup_usage: No need to roll cluster linux this hour 1756965600 <= 1756965600
[2025-09-04T06:57:01.268] debug2: accounting_storage/as_mysql: _cluster_rollup_usage: No need to roll cluster linux this day 1756944000 <= 1756944000
[2025-09-04T06:57:01.268] debug2: accounting_storage/as_mysql: _cluster_rollup_usage: No need to roll cluster linux this month 1756684800 <= 1756684800
[2025-09-04T06:57:01.268] debug2: accounting_storage/as_mysql: as_mysql_roll_usage: Got 1 of 1 rolled up
[2025-09-04T06:57:01.268] debug2: accounting_storage/as_mysql: as_mysql_roll_usage: Everything rolled up
[2025-09-04T06:59:50.725] debug2: running rollup at Thu Sep 04 07:00:00 2025
[2025-09-04T06:59:50.725] debug2: Attempting to connect to mysql:3306
[2025-09-04T06:59:50.727] debug2: accounting_storage/as_mysql: _cluster_rollup_usage: No need to roll cluster linux this hour 1756965600 <= 1756965600
[2025-09-04T06:59:50.727] debug2: accounting_storage/as_mysql: _cluster_rollup_usage: No need to roll cluster linux this day 1756944000 <= 1756944000
[2025-09-04T06:59:50.727] debug2: accounting_storage/as_mysql: _cluster_rollup_usage: No need to roll cluster linux this month 1756684800 <= 1756684800
[2025-09-04T06:59:50.727] debug2: accounting_storage/as_mysql: as_mysql_roll_usage: Got 1 of 1 rolled up
[2025-09-04T06:59:50.727] debug2: accounting_storage/as_mysql: as_mysql_roll_usage: Everything rolled up
[2025-09-04T06:59:52.856] debug2: DBD_CLUSTER_TRES: called in CONN 8 for linux(1=2,2=2000,3=0,4=2,5=2,6=0,7=0,8=0)
[2025-09-04T07:00:00.110] debug2: running rollup at Thu Sep 04 07:00:00 2025
[2025-09-04T07:00:00.111] debug2: Attempting to connect to mysql:3306
[2025-09-04T07:00:00.117] debug2: accounting_storage/as_mysql: _cluster_rollup_usage: No need to roll cluster linux this day 1756944000 <= 1756944000
[2025-09-04T07:00:00.117] debug2: accounting_storage/as_mysql: _cluster_rollup_usage: No need to roll cluster linux this month 1756684800 <= 1756684800
[2025-09-04T07:00:00.119] debug2: accounting_storage/as_mysql: as_mysql_roll_usage: Got 1 of 1 rolled up
[2025-09-04T07:00:00.119] debug2: accounting_storage/as_mysql: as_mysql_roll_usage: Everything rolled up
[2025-09-04T07:04:52.757] debug2: DBD_CLUSTER_TRES: called in CONN 8 for linux(1=2,2=2000,3=0,4=2,5=2,6=0,7=0,8=0)
[2025-09-04T07:09:52.275] debug2: DBD_CLUSTER_TRES: called in CONN 8 for linux(1=2,2=2000,3=0,4=2,5=2,6=0,7=0,8=0)
[2025-09-04T07:14:52.660] debug2: DBD_CLUSTER_TRES: called in CONN 8 for linux(1=2,2=2000,3=0,4=2,5=2,6=0,7=0,8=0)
[2025-09-04T07:19:52.686] debug2: DBD_CLUSTER_TRES: called in CONN 8 for linux(1=2,2=2000,3=0,4=2,5=2,6=0,7=0,8=0)
[2025-09-04T07:24:52.181] debug2: DBD_CLUSTER_TRES: called in CONN 8 for linux(1=2,2=2000,3=0,4=2,5=2,6=0,7=0,8=0)
[2025-09-04T07:29:52.261] debug2: DBD_CLUSTER_TRES: called in CONN 8 for linux(1=2,2=2000,3=0,4=2,5=2,6=0,7=0,8=0)
[2025-09-04T07:34:52.256] debug2: DBD_CLUSTER_TRES: called in CONN 8 for linux(1=2,2=2000,3=0,4=2,5=2,6=0,7=0,8=0)
[2025-09-04T07:39:52.635] debug2: DBD_CLUSTER_TRES: called in CONN 8 for linux(1=2,2=2000,3=0,4=2,5=2,6=0,7=0,8=0)
[2025-09-04T07:44:52.867] debug2: DBD_CLUSTER_TRES: called in CONN 8 for linux(1=2,2=2000,3=0,4=2,5=2,6=0,7=0,8=0)
[2025-09-04T07:49:52.745] debug2: DBD_CLUSTER_TRES: called in CONN 8 for linux(1=2,2=2000,3=0,4=2,5=2,6=0,7=0,8=0)
[2025-09-04T07:54:52.135] debug2: DBD_CLUSTER_TRES: called in CONN 8 for linux(1=2,2=2000,3=0,4=2,5=2,6=0,7=0,8=0)
[2025-09-04T07:56:37.058] debug2: running rollup at Thu Sep 04 08:00:00 2025
[2025-09-04T07:56:37.058] debug2: Attempting to connect to mysql:3306
[2025-09-04T07:56:37.060] debug2: accounting_storage/as_mysql: _cluster_rollup_usage: No need to roll cluster linux this hour 1756969200 <= 1756969200
[2025-09-04T07:56:37.060] debug2: accounting_storage/as_mysql: _cluster_rollup_usage: No need to roll cluster linux this day 1756944000 <= 1756944000
[2025-09-04T07:56:37.060] debug2: accounting_storage/as_mysql: _cluster_rollup_usage: No need to roll cluster linux this month 1756684800 <= 1756684800
[2025-09-04T07:56:37.060] debug2: accounting_storage/as_mysql: as_mysql_roll_usage: Got 1 of 1 rolled up
[2025-09-04T07:56:37.060] debug2: accounting_storage/as_mysql: as_mysql_roll_usage: Everything rolled up
[2025-09-04T07:59:49.288] debug2: running rollup at Thu Sep 04 08:00:00 2025
[2025-09-04T07:59:49.289] debug2: Attempting to connect to mysql:3306
[2025-09-04T07:59:49.290] debug2: accounting_storage/as_mysql: _cluster_rollup_usage: No need to roll cluster linux this hour 1756969200 <= 1756969200
[2025-09-04T07:59:49.290] debug2: accounting_storage/as_mysql: _cluster_rollup_usage: No need to roll cluster linux this day 1756944000 <= 1756944000
[2025-09-04T07:59:49.290] debug2: accounting_storage/as_mysql: _cluster_rollup_usage: No need to roll cluster linux this month 1756684800 <= 1756684800
[2025-09-04T07:59:49.291] debug2: accounting_storage/as_mysql: as_mysql_roll_usage: Got 1 of 1 rolled up
[2025-09-04T07:59:49.291] debug2: accounting_storage/as_mysql: as_mysql_roll_usage: Everything rolled up
[2025-09-04T07:59:52.957] debug2: DBD_CLUSTER_TRES: called in CONN 8 for linux(1=2,2=2000,3=0,4=2,5=2,6=0,7=0,8=0)
[2025-09-04T07:59:58.411] debug2: running rollup at Thu Sep 04 08:00:00 2025
[2025-09-04T07:59:58.412] debug2: Attempting to connect to mysql:3306
[2025-09-04T07:59:58.414] debug2: accounting_storage/as_mysql: _cluster_rollup_usage: No need to roll cluster linux this hour 1756969200 <= 1756969200
[2025-09-04T07:59:58.414] debug2: accounting_storage/as_mysql: _cluster_rollup_usage: No need to roll cluster linux this day 1756944000 <= 1756944000
[2025-09-04T07:59:58.414] debug2: accounting_storage/as_mysql: _cluster_rollup_usage: No need to roll cluster linux this month 1756684800 <= 1756684800
[2025-09-04T07:59:58.414] debug2: accounting_storage/as_mysql: as_mysql_roll_usage: Got 1 of 1 rolled up
[2025-09-04T07:59:58.414] debug2: accounting_storage/as_mysql: as_mysql_roll_usage: Everything rolled up
[2025-09-04T08:00:00.415] debug2: running rollup at Thu Sep 04 08:00:00 2025
[2025-09-04T08:00:00.415] debug2: Attempting to connect to mysql:3306
[2025-09-04T08:00:00.421] debug2: accounting_storage/as_mysql: _cluster_rollup_usage: No need to roll cluster linux this day 1756944000 <= 1756944000
[2025-09-04T08:00:00.421] debug2: accounting_storage/as_mysql: _cluster_rollup_usage: No need to roll cluster linux this month 1756684800 <= 1756684800
[2025-09-04T08:00:00.425] debug2: accounting_storage/as_mysql: as_mysql_roll_usage: Got 1 of 1 rolled up
[2025-09-04T08:00:00.425] debug2: accounting_storage/as_mysql: as_mysql_roll_usage: Everything rolled up
[2025-09-04T08:04:52.196] debug2: DBD_CLUSTER_TRES: called in CONN 8 for linux(1=2,2=2000,3=0,4=2,5=2,6=0,7=0,8=0)
[2025-09-04T08:09:52.097] debug2: DBD_CLUSTER_TRES: called in CONN 8 for linux(1=2,2=2000,3=0,4=2,5=2,6=0,7=0,8=0)
[2025-09-04T08:14:53.015] debug2: DBD_CLUSTER_TRES: called in CONN 8 for linux(1=2,2=2000,3=0,4=2,5=2,6=0,7=0,8=0)
[2025-09-04T08:19:52.542] debug2: DBD_CLUSTER_TRES: called in CONN 8 for linux(1=2,2=2000,3=0,4=2,5=2,6=0,7=0,8=0)
[2025-09-04T08:24:52.225] debug2: DBD_CLUSTER_TRES: called in CONN 8 for linux(1=2,2=2000,3=0,4=2,5=2,6=0,7=0,8=0)
[2025-09-04T08:29:52.643] debug2: DBD_CLUSTER_TRES: called in CONN 8 for linux(1=2,2=2000,3=0,4=2,5=2,6=0,7=0,8=0)
[2025-09-04T08:34:52.246] debug2: DBD_CLUSTER_TRES: called in CONN 8 for linux(1=2,2=2000,3=0,4=2,5=2,6=0,7=0,8=0)
[2025-09-04T08:39:52.385] debug2: DBD_CLUSTER_TRES: called in CONN 8 for linux(1=2,2=2000,3=0,4=2,5=2,6=0,7=0,8=0)
[2025-09-04T08:44:52.968] debug2: DBD_CLUSTER_TRES: called in CONN 8 for linux(1=2,2=2000,3=0,4=2,5=2,6=0,7=0,8=0)
[2025-09-04T08:49:52.383] debug2: DBD_CLUSTER_TRES: called in CONN 8 for linux(1=2,2=2000,3=0,4=2,5=2,6=0,7=0,8=0)
[2025-09-04T08:54:53.070] debug2: DBD_CLUSTER_TRES: called in CONN 8 for linux(1=2,2=2000,3=0,4=2,5=2,6=0,7=0,8=0)
[2025-09-04T08:56:14.238] debug2: running rollup at Thu Sep 04 09:00:00 2025
[2025-09-04T08:56:14.239] debug2: Attempting to connect to mysql:3306
[2025-09-04T08:56:14.241] debug2: accounting_storage/as_mysql: _cluster_rollup_usage: No need to roll cluster linux this hour 1756972800 <= 1756972800
[2025-09-04T08:56:14.241] debug2: accounting_storage/as_mysql: _cluster_rollup_usage: No need to roll cluster linux this day 1756944000 <= 1756944000
[2025-09-04T08:56:14.241] debug2: accounting_storage/as_mysql: _cluster_rollup_usage: No need to roll cluster linux this month 1756684800 <= 1756684800
[2025-09-04T08:56:14.242] debug2: accounting_storage/as_mysql: as_mysql_roll_usage: Got 1 of 1 rolled up
[2025-09-04T08:56:14.242] debug2: accounting_storage/as_mysql: as_mysql_roll_usage: Everything rolled up
[2025-09-04T08:59:46.336] debug2: running rollup at Thu Sep 04 09:00:00 2025
[2025-09-04T08:59:46.336] debug2: Attempting to connect to mysql:3306
[2025-09-04T08:59:46.338] debug2: accounting_storage/as_mysql: _cluster_rollup_usage: No need to roll cluster linux this hour 1756972800 <= 1756972800
[2025-09-04T08:59:46.338] debug2: accounting_storage/as_mysql: _cluster_rollup_usage: No need to roll cluster linux this day 1756944000 <= 1756944000
[2025-09-04T08:59:46.338] debug2: accounting_storage/as_mysql: _cluster_rollup_usage: No need to roll cluster linux this month 1756684800 <= 1756684800
[2025-09-04T08:59:46.339] debug2: accounting_storage/as_mysql: as_mysql_roll_usage: Got 1 of 1 rolled up
[2025-09-04T08:59:46.339] debug2: accounting_storage/as_mysql: as_mysql_roll_usage: Everything rolled up
[2025-09-04T08:59:54.004] debug2: DBD_CLUSTER_TRES: called in CONN 8 for linux(1=2,2=2000,3=0,4=2,5=2,6=0,7=0,8=0)
[2025-09-04T08:59:58.381] debug2: running rollup at Thu Sep 04 09:00:00 2025
[2025-09-04T08:59:58.382] debug2: Attempting to connect to mysql:3306
[2025-09-04T08:59:58.383] debug2: accounting_storage/as_mysql: _cluster_rollup_usage: No need to roll cluster linux this hour 1756972800 <= 1756972800
[2025-09-04T08:59:58.384] debug2: accounting_storage/as_mysql: _cluster_rollup_usage: No need to roll cluster linux this day 1756944000 <= 1756944000
[2025-09-04T08:59:58.384] debug2: accounting_storage/as_mysql: _cluster_rollup_usage: No need to roll cluster linux this month 1756684800 <= 1756684800
[2025-09-04T08:59:58.384] debug2: accounting_storage/as_mysql: as_mysql_roll_usage: Got 1 of 1 rolled up
[2025-09-04T08:59:58.384] debug2: accounting_storage/as_mysql: as_mysql_roll_usage: Everything rolled up
[2025-09-04T09:00:00.385] debug2: running rollup at Thu Sep 04 09:00:00 2025
[2025-09-04T09:00:00.385] debug2: Attempting to connect to mysql:3306
[2025-09-04T09:00:00.391] debug2: accounting_storage/as_mysql: _cluster_rollup_usage: No need to roll cluster linux this day 1756944000 <= 1756944000
[2025-09-04T09:00:00.391] debug2: accounting_storage/as_mysql: _cluster_rollup_usage: No need to roll cluster linux this month 1756684800 <= 1756684800
[2025-09-04T09:00:00.394] debug2: accounting_storage/as_mysql: as_mysql_roll_usage: Got 1 of 1 rolled up
[2025-09-04T09:00:00.394] debug2: accounting_storage/as_mysql: as_mysql_roll_usage: Everything rolled up
[2025-09-04T09:04:53.296] debug2: DBD_CLUSTER_TRES: called in CONN 8 for linux(1=2,2=2000,3=0,4=2,5=2,6=0,7=0,8=0)
[2025-09-04T09:09:53.499] debug2: DBD_CLUSTER_TRES: called in CONN 8 for linux(1=2,2=2000,3=0,4=2,5=2,6=0,7=0,8=0)
[2025-09-04T09:14:53.912] debug2: DBD_CLUSTER_TRES: called in CONN 8 for linux(1=2,2=2000,3=0,4=2,5=2,6=0,7=0,8=0)
[2025-09-04T09:19:53.389] debug2: DBD_CLUSTER_TRES: called in CONN 8 for linux(1=2,2=2000,3=0,4=2,5=2,6=0,7=0,8=0)
[2025-09-04T09:24:53.337] debug2: DBD_CLUSTER_TRES: called in CONN 8 for linux(1=2,2=2000,3=0,4=2,5=2,6=0,7=0,8=0)
[2025-09-04T09:29:53.850] debug2: DBD_CLUSTER_TRES: called in CONN 8 for linux(1=2,2=2000,3=0,4=2,5=2,6=0,7=0,8=0)
[2025-09-04T09:34:53.792] debug2: DBD_CLUSTER_TRES: called in CONN 8 for linux(1=2,2=2000,3=0,4=2,5=2,6=0,7=0,8=0)
[2025-09-04T09:39:53.185] debug2: DBD_CLUSTER_TRES: called in CONN 8 for linux(1=2,2=2000,3=0,4=2,5=2,6=0,7=0,8=0)
[2025-09-04T09:44:53.851] debug2: DBD_CLUSTER_TRES: called in CONN 8 for linux(1=2,2=2000,3=0,4=2,5=2,6=0,7=0,8=0)
[2025-09-04T09:49:53.887] debug2: DBD_CLUSTER_TRES: called in CONN 8 for linux(1=2,2=2000,3=0,4=2,5=2,6=0,7=0,8=0)
[2025-09-04T09:54:53.481] debug2: DBD_CLUSTER_TRES: called in CONN 8 for linux(1=2,2=2000,3=0,4=2,5=2,6=0,7=0,8=0)
[2025-09-04T09:55:55.534] debug2: running rollup at Thu Sep 04 10:00:00 2025
[2025-09-04T09:55:55.534] debug2: Attempting to connect to mysql:3306
[2025-09-04T09:55:55.536] debug2: accounting_storage/as_mysql: _cluster_rollup_usage: No need to roll cluster linux this hour 1756976400 <= 1756976400
[2025-09-04T09:55:55.536] debug2: accounting_storage/as_mysql: _cluster_rollup_usage: No need to roll cluster linux this day 1756944000 <= 1756944000
[2025-09-04T09:55:55.536] debug2: accounting_storage/as_mysql: _cluster_rollup_usage: No need to roll cluster linux this month 1756684800 <= 1756684800
[2025-09-04T09:55:55.537] debug2: accounting_storage/as_mysql: as_mysql_roll_usage: Got 1 of 1 rolled up
[2025-09-04T09:55:55.537] debug2: accounting_storage/as_mysql: as_mysql_roll_usage: Everything rolled up
[2025-09-04T09:59:43.757] debug2: running rollup at Thu Sep 04 10:00:00 2025
[2025-09-04T09:59:43.758] debug2: Attempting to connect to mysql:3306
[2025-09-04T09:59:43.760] debug2: accounting_storage/as_mysql: _cluster_rollup_usage: No need to roll cluster linux this hour 1756976400 <= 1756976400
[2025-09-04T09:59:43.760] debug2: accounting_storage/as_mysql: _cluster_rollup_usage: No need to roll cluster linux this day 1756944000 <= 1756944000
[2025-09-04T09:59:43.760] debug2: accounting_storage/as_mysql: _cluster_rollup_usage: No need to roll cluster linux this month 1756684800 <= 1756684800
[2025-09-04T09:59:43.760] debug2: accounting_storage/as_mysql: as_mysql_roll_usage: Got 1 of 1 rolled up
[2025-09-04T09:59:43.760] debug2: accounting_storage/as_mysql: as_mysql_roll_usage: Everything rolled up
[2025-09-04T09:59:53.388] debug2: DBD_CLUSTER_TRES: called in CONN 8 for linux(1=2,2=2000,3=0,4=2,5=2,6=0,7=0,8=0)
[2025-09-04T09:59:58.662] debug2: running rollup at Thu Sep 04 10:00:00 2025
[2025-09-04T09:59:58.662] debug2: Attempting to connect to mysql:3306
[2025-09-04T09:59:58.664] debug2: accounting_storage/as_mysql: _cluster_rollup_usage: No need to roll cluster linux this hour 1756976400 <= 1756976400
[2025-09-04T09:59:58.664] debug2: accounting_storage/as_mysql: _cluster_rollup_usage: No need to roll cluster linux this day 1756944000 <= 1756944000
[2025-09-04T09:59:58.664] debug2: accounting_storage/as_mysql: _cluster_rollup_usage: No need to roll cluster linux this month 1756684800 <= 1756684800
[2025-09-04T09:59:58.664] debug2: accounting_storage/as_mysql: as_mysql_roll_usage: Got 1 of 1 rolled up
[2025-09-04T09:59:58.664] debug2: accounting_storage/as_mysql: as_mysql_roll_usage: Everything rolled up
[2025-09-04T10:00:00.671] debug2: running rollup at Thu Sep 04 10:00:00 2025
[2025-09-04T10:00:00.672] debug2: Attempting to connect to mysql:3306
[2025-09-04T10:00:00.679] debug2: accounting_storage/as_mysql: _cluster_rollup_usage: No need to roll cluster linux this day 1756944000 <= 1756944000
[2025-09-04T10:00:00.679] debug2: accounting_storage/as_mysql: _cluster_rollup_usage: No need to roll cluster linux this month 1756684800 <= 1756684800
[2025-09-04T10:00:00.681] debug2: accounting_storage/as_mysql: as_mysql_roll_usage: Got 1 of 1 rolled up
[2025-09-04T10:00:00.681] debug2: accounting_storage/as_mysql: as_mysql_roll_usage: Everything rolled up
[2025-09-04T10:04:53.321] debug2: DBD_CLUSTER_TRES: called in CONN 8 for linux(1=2,2=2000,3=0,4=2,5=2,6=0,7=0,8=0)
[2025-09-04T10:07:59.725] debug:  REQUEST_PERSIST_INIT: CLUSTER:linux VERSION:9472 UID:0 IP:172.19.0.5 CONN:7
[2025-09-04T10:07:59.725] debug2: accounting_storage/as_mysql: acct_storage_p_get_connection: acct_storage_p_get_connection: request new connection 1
[2025-09-04T10:07:59.725] debug2: Attempting to connect to mysql:3306
[2025-09-04T10:07:59.769] debug2: DBD_FINI: CLOSE:0 COMMIT:0
[2025-09-04T10:07:59.859] debug2: DBD_GET_ASSOCS: called in CONN 7
[2025-09-04T10:07:59.951] debug2: DBD_GET_QOS: called in CONN 7
[2025-09-04T10:07:59.997] debug2: DBD_FINI: CLOSE:1 COMMIT:0
[2025-09-04T10:08:59.787] debug:  REQUEST_PERSIST_INIT: CLUSTER:linux VERSION:9472 UID:0 IP:172.19.0.5 CONN:10
[2025-09-04T10:08:59.787] debug2: accounting_storage/as_mysql: acct_storage_p_get_connection: acct_storage_p_get_connection: request new connection 1
[2025-09-04T10:08:59.787] debug2: Attempting to connect to mysql:3306
[2025-09-04T10:08:59.834] debug2: DBD_FINI: CLOSE:0 COMMIT:0
[2025-09-04T10:08:59.923] debug2: DBD_GET_CLUSTERS: called in CONN 10
[2025-09-04T10:09:00.013] debug2: DBD_GET_TRES: called in CONN 10
[2025-09-04T10:09:00.103] debug2: DBD_GET_QOS: called in CONN 10
[2025-09-04T10:09:00.149] debug2: DBD_FINI: CLOSE:1 COMMIT:0
[2025-09-04T10:09:53.739] debug2: DBD_CLUSTER_TRES: called in CONN 8 for linux(1=2,2=2000,3=0,4=2,5=2,6=0,7=0,8=0)
[2025-09-04T10:14:53.176] debug2: DBD_CLUSTER_TRES: called in CONN 8 for linux(1=2,2=2000,3=0,4=2,5=2,6=0,7=0,8=0)
[2025-09-04T10:19:54.023] debug2: DBD_CLUSTER_TRES: called in CONN 8 for linux(1=2,2=2000,3=0,4=2,5=2,6=0,7=0,8=0)
[2025-09-04T10:19:56.570] debug:  REQUEST_PERSIST_INIT: CLUSTER:linux VERSION:9472 UID:0 IP:172.19.0.6 CONN:7
[2025-09-04T10:19:56.570] debug2: accounting_storage/as_mysql: acct_storage_p_get_connection: acct_storage_p_get_connection: request new connection 1
[2025-09-04T10:19:56.570] debug2: Attempting to connect to mysql:3306
[2025-09-04T10:19:56.617] debug2: DBD_FINI: CLOSE:0 COMMIT:0
[2025-09-04T10:19:56.661] debug2: DBD_FINI: CLOSE:1 COMMIT:0
[2025-09-04T10:20:05.055] debug:  REQUEST_PERSIST_INIT: CLUSTER:linux VERSION:9472 UID:0 IP:172.19.0.6 CONN:10
[2025-09-04T10:20:05.055] debug2: accounting_storage/as_mysql: acct_storage_p_get_connection: acct_storage_p_get_connection: request new connection 1
[2025-09-04T10:20:05.055] debug2: Attempting to connect to mysql:3306
[2025-09-04T10:20:05.099] debug2: DBD_FINI: CLOSE:0 COMMIT:0
[2025-09-04T10:20:05.189] debug2: DBD_GET_CLUSTERS: called in CONN 10
[2025-09-04T10:20:14.780] debug2: DBD_ADD_CLUSTERS: called in CONN 10
[2025-09-04T10:20:15.153] dropping key time_start_end from table "test1_step_table"
[2025-09-04T10:20:15.300] debug2: DBD_FINI: CLOSE:0 COMMIT:1
[2025-09-04T10:20:15.304] debug:  sending updates to linux at 172.19.0.4(6817) ver 9472
[2025-09-04T10:20:15.350] debug2: DBD_FINI: CLOSE:1 COMMIT:0
[2025-09-04T10:20:31.491] debug:  REQUEST_PERSIST_INIT: CLUSTER:linux VERSION:9472 UID:0 IP:172.19.0.6 CONN:7
[2025-09-04T10:20:31.491] debug2: accounting_storage/as_mysql: acct_storage_p_get_connection: acct_storage_p_get_connection: request new connection 1
[2025-09-04T10:20:31.491] debug2: Attempting to connect to mysql:3306
[2025-09-04T10:20:31.534] debug2: DBD_FINI: CLOSE:0 COMMIT:0
[2025-09-04T10:20:31.625] debug2: DBD_GET_CLUSTERS: called in CONN 7
[2025-09-04T10:20:31.715] debug2: DBD_GET_TRES: called in CONN 7
[2025-09-04T10:20:31.806] debug2: DBD_GET_QOS: called in CONN 7
[2025-09-04T10:20:31.854] debug2: DBD_FINI: CLOSE:1 COMMIT:0
[2025-09-04T10:21:55.808] debug:  REQUEST_PERSIST_INIT: CLUSTER:linux VERSION:9472 UID:0 IP:172.19.0.6 CONN:10
[2025-09-04T10:21:55.808] debug2: accounting_storage/as_mysql: acct_storage_p_get_connection: acct_storage_p_get_connection: request new connection 1
[2025-09-04T10:21:55.808] debug2: Attempting to connect to mysql:3306
[2025-09-04T10:21:55.854] debug2: DBD_FINI: CLOSE:0 COMMIT:0
[2025-09-04T10:21:55.943] debug2: DBD_GET_ACCOUNTS: called in CONN 10
[2025-09-04T10:21:56.035] debug2: DBD_GET_CLUSTERS: called in CONN 10
[2025-09-04T10:21:56.127] debug2: DBD_GET_ASSOCS: called in CONN 10
[2025-09-04T10:21:56.217] debug2: DBD_ADD_ACCOUNTS: called in CONN 10
[2025-09-04T10:22:04.509] debug2: DBD_FINI: CLOSE:0 COMMIT:1
[2025-09-04T10:22:04.512] debug:  sending updates to linux at 172.19.0.4(6817) ver 9472
[2025-09-04T10:22:04.513] debug2: DBD_FINI: CLOSE:1 COMMIT:0
[2025-09-04T10:24:05.405] debug:  REQUEST_PERSIST_INIT: CLUSTER:linux VERSION:9472 UID:0 IP:172.19.0.6 CONN:7
[2025-09-04T10:24:05.405] debug2: accounting_storage/as_mysql: acct_storage_p_get_connection: acct_storage_p_get_connection: request new connection 1
[2025-09-04T10:24:05.405] debug2: Attempting to connect to mysql:3306
[2025-09-04T10:24:05.448] debug2: DBD_FINI: CLOSE:0 COMMIT:0
[2025-09-04T10:24:05.538] debug2: DBD_GET_ACCOUNTS: called in CONN 7
[2025-09-04T10:24:05.584] debug2: DBD_FINI: CLOSE:1 COMMIT:0
[2025-09-04T10:24:53.696] debug2: DBD_CLUSTER_TRES: called in CONN 8 for linux(1=2,2=2000,3=0,4=2,5=2,6=0,7=0,8=0)
[2025-09-04T10:25:33.194] debug:  REQUEST_PERSIST_INIT: CLUSTER:linux VERSION:9472 UID:0 IP:172.19.0.6 CONN:10
[2025-09-04T10:25:33.194] debug2: accounting_storage/as_mysql: acct_storage_p_get_connection: acct_storage_p_get_connection: request new connection 1
[2025-09-04T10:25:33.194] debug2: Attempting to connect to mysql:3306
[2025-09-04T10:25:33.237] debug2: DBD_FINI: CLOSE:0 COMMIT:0
[2025-09-04T10:25:33.328] debug2: DBD_GET_USERS: called in CONN 10
[2025-09-04T10:25:33.417] debug2: DBD_GET_CLUSTERS: called in CONN 10
[2025-09-04T10:25:33.505] debug2: DBD_GET_ACCOUNTS: called in CONN 10
[2025-09-04T10:25:33.593] debug2: DBD_GET_ASSOCS: called in CONN 10
[2025-09-04T10:25:40.577] debug2: DBD_ADD_USERS: called in CONN 10
[2025-09-04T10:26:08.488] debug2: DBD_FINI: CLOSE:0 COMMIT:0
[2025-09-04T10:26:08.491] debug2: DBD_FINI: CLOSE:1 COMMIT:0
[2025-09-04T10:28:05.594] debug:  REQUEST_PERSIST_INIT: CLUSTER:linux VERSION:9472 UID:0 IP:172.19.0.6 CONN:7
[2025-09-04T10:28:05.594] debug2: accounting_storage/as_mysql: acct_storage_p_get_connection: acct_storage_p_get_connection: request new connection 1
[2025-09-04T10:28:05.594] debug2: Attempting to connect to mysql:3306
[2025-09-04T10:28:05.638] debug2: DBD_FINI: CLOSE:0 COMMIT:0
[2025-09-04T10:28:05.727] debug2: DBD_GET_ASSOCS: called in CONN 7
[2025-09-04T10:28:05.818] debug2: DBD_GET_TRES: called in CONN 7
[2025-09-04T10:28:05.906] debug2: DBD_GET_QOS: called in CONN 7
[2025-09-04T10:28:05.950] debug2: DBD_FINI: CLOSE:1 COMMIT:0
[2025-09-04T10:29:53.588] debug2: DBD_CLUSTER_TRES: called in CONN 8 for linux(1=2,2=2000,3=0,4=2,5=2,6=0,7=0,8=0)
[2025-09-04T10:34:53.721] debug2: DBD_CLUSTER_TRES: called in CONN 8 for linux(1=2,2=2000,3=0,4=2,5=2,6=0,7=0,8=0)
[2025-09-04T10:39:53.963] debug2: DBD_CLUSTER_TRES: called in CONN 8 for linux(1=2,2=2000,3=0,4=2,5=2,6=0,7=0,8=0)
[2025-09-04T10:40:02.640] debug:  REQUEST_PERSIST_INIT: CLUSTER:linux VERSION:9472 UID:0 IP:172.19.0.6 CONN:10
[2025-09-04T10:40:02.640] debug2: accounting_storage/as_mysql: acct_storage_p_get_connection: acct_storage_p_get_connection: request new connection 1
[2025-09-04T10:40:02.640] debug2: Attempting to connect to mysql:3306
[2025-09-04T10:40:02.687] debug2: DBD_FINI: CLOSE:0 COMMIT:0
[2025-09-04T10:40:02.776] debug2: DBD_GET_ASSOCS: called in CONN 10
[2025-09-04T10:40:02.866] debug2: DBD_REMOVE_ACCOUNTS: called in CONN 10
[2025-09-04T10:40:02.869] debug2: accounting_storage/as_mysql: remove_common: No associations with object being deleted
[2025-09-04T10:40:06.024] debug2: DBD_FINI: CLOSE:0 COMMIT:1
[2025-09-04T10:40:06.028] debug:  sending updates to linux at 172.19.0.4(6817) ver 9472
[2025-09-04T10:40:06.029] debug2: DBD_FINI: CLOSE:1 COMMIT:0
[2025-09-04T10:40:13.967] debug:  REQUEST_PERSIST_INIT: CLUSTER:linux VERSION:9472 UID:0 IP:172.19.0.6 CONN:7
[2025-09-04T10:40:13.967] debug2: accounting_storage/as_mysql: acct_storage_p_get_connection: acct_storage_p_get_connection: request new connection 1
[2025-09-04T10:40:13.967] debug2: Attempting to connect to mysql:3306
[2025-09-04T10:40:14.013] debug2: DBD_FINI: CLOSE:0 COMMIT:0
[2025-09-04T10:40:14.101] debug2: DBD_GET_ASSOCS: called in CONN 7
[2025-09-04T10:40:14.188] debug2: DBD_GET_TRES: called in CONN 7
[2025-09-04T10:40:14.276] debug2: DBD_GET_QOS: called in CONN 7
[2025-09-04T10:40:14.324] debug2: DBD_FINI: CLOSE:1 COMMIT:0
[2025-09-04T10:40:42.569] debug:  REQUEST_PERSIST_INIT: CLUSTER:linux VERSION:9472 UID:0 IP:172.19.0.6 CONN:10
[2025-09-04T10:40:42.570] debug2: accounting_storage/as_mysql: acct_storage_p_get_connection: acct_storage_p_get_connection: request new connection 1
[2025-09-04T10:40:42.570] debug2: Attempting to connect to mysql:3306
[2025-09-04T10:40:42.612] debug2: DBD_FINI: CLOSE:0 COMMIT:0
[2025-09-04T10:40:42.700] debug2: DBD_REMOVE_CLUSTERS: called in CONN 10
[2025-09-04T10:40:44.652] debug2: DBD_FINI: CLOSE:0 COMMIT:1
[2025-09-04T10:40:44.768] debug:  sending updates to linux at 172.19.0.4(6817) ver 9472
[2025-09-04T10:40:44.770] debug2: DBD_FINI: CLOSE:1 COMMIT:0
[2025-09-04T10:40:48.418] debug:  REQUEST_PERSIST_INIT: CLUSTER:linux VERSION:9472 UID:0 IP:172.19.0.6 CONN:7
[2025-09-04T10:40:48.419] debug2: accounting_storage/as_mysql: acct_storage_p_get_connection: acct_storage_p_get_connection: request new connection 1
[2025-09-04T10:40:48.419] debug2: Attempting to connect to mysql:3306
[2025-09-04T10:40:48.465] debug2: DBD_FINI: CLOSE:0 COMMIT:0
[2025-09-04T10:40:48.553] debug2: DBD_GET_ASSOCS: called in CONN 7
[2025-09-04T10:40:48.643] debug2: DBD_GET_TRES: called in CONN 7
[2025-09-04T10:40:48.735] debug2: DBD_GET_QOS: called in CONN 7
[2025-09-04T10:40:48.777] debug2: DBD_FINI: CLOSE:1 COMMIT:0
[2025-09-04T10:41:36.534] debug:  REQUEST_PERSIST_INIT: CLUSTER:linux VERSION:9472 UID:0 IP:172.19.0.6 CONN:10
[2025-09-04T10:41:36.534] debug2: accounting_storage/as_mysql: acct_storage_p_get_connection: acct_storage_p_get_connection: request new connection 1
[2025-09-04T10:41:36.534] debug2: Attempting to connect to mysql:3306
[2025-09-04T10:41:36.579] debug2: DBD_FINI: CLOSE:0 COMMIT:0
[2025-09-04T10:41:36.666] debug2: DBD_GET_ACCOUNTS: called in CONN 10
[2025-09-04T10:41:36.754] debug2: DBD_GET_CLUSTERS: called in CONN 10
[2025-09-04T10:41:36.842] debug2: DBD_GET_ASSOCS: called in CONN 10
[2025-09-04T10:41:36.930] debug2: DBD_ADD_ACCOUNTS: called in CONN 10
[2025-09-04T10:41:40.537] debug2: DBD_FINI: CLOSE:0 COMMIT:1
[2025-09-04T10:41:40.540] debug:  sending updates to linux at 172.19.0.4(6817) ver 9472
[2025-09-04T10:41:40.542] debug2: DBD_FINI: CLOSE:1 COMMIT:0
[2025-09-04T10:41:50.996] debug:  REQUEST_PERSIST_INIT: CLUSTER:linux VERSION:9472 UID:0 IP:172.19.0.6 CONN:7
[2025-09-04T10:41:50.996] debug2: accounting_storage/as_mysql: acct_storage_p_get_connection: acct_storage_p_get_connection: request new connection 1
[2025-09-04T10:41:50.996] debug2: Attempting to connect to mysql:3306
[2025-09-04T10:41:51.042] debug2: DBD_FINI: CLOSE:0 COMMIT:0
[2025-09-04T10:41:51.131] debug2: DBD_GET_USERS: called in CONN 7
[2025-09-04T10:41:51.223] debug2: DBD_GET_CLUSTERS: called in CONN 7
[2025-09-04T10:41:51.315] debug2: DBD_GET_ACCOUNTS: called in CONN 7
[2025-09-04T10:41:51.408] debug2: DBD_GET_ASSOCS: called in CONN 7
[2025-09-04T10:41:56.681] debug2: DBD_ADD_USERS: called in CONN 7
[2025-09-04T10:42:09.419] debug2: DBD_FINI: CLOSE:0 COMMIT:1
[2025-09-04T10:42:09.423] debug:  sending updates to linux at 172.19.0.4(6817) ver 9472
[2025-09-04T10:42:09.426] debug:  user add couldn't get a uid for user testuser1
[2025-09-04T10:42:09.426] debug2: DBD_FINI: CLOSE:1 COMMIT:0
[2025-09-04T10:42:20.603] debug:  REQUEST_PERSIST_INIT: CLUSTER:linux VERSION:9472 UID:0 IP:172.19.0.6 CONN:10
[2025-09-04T10:42:20.603] debug2: accounting_storage/as_mysql: acct_storage_p_get_connection: acct_storage_p_get_connection: request new connection 1
[2025-09-04T10:42:20.603] debug2: Attempting to connect to mysql:3306
[2025-09-04T10:42:20.649] debug2: DBD_FINI: CLOSE:0 COMMIT:0
[2025-09-04T10:42:20.738] debug2: DBD_GET_USERS: called in CONN 10
[2025-09-04T10:42:20.784] debug2: DBD_FINI: CLOSE:1 COMMIT:0
[2025-09-04T10:42:34.706] debug:  REQUEST_PERSIST_INIT: CLUSTER:linux VERSION:9472 UID:0 IP:172.19.0.6 CONN:7
[2025-09-04T10:42:34.706] debug2: accounting_storage/as_mysql: acct_storage_p_get_connection: acct_storage_p_get_connection: request new connection 1
[2025-09-04T10:42:34.706] debug2: Attempting to connect to mysql:3306
[2025-09-04T10:42:34.752] debug2: DBD_FINI: CLOSE:0 COMMIT:0
[2025-09-04T10:42:34.840] debug2: DBD_GET_ACCOUNTS: called in CONN 7
[2025-09-04T10:42:34.884] debug2: DBD_FINI: CLOSE:1 COMMIT:0
[2025-09-04T10:43:57.768] debug:  REQUEST_PERSIST_INIT: CLUSTER:linux VERSION:9472 UID:0 IP:172.19.0.6 CONN:10
[2025-09-04T10:43:57.768] debug2: accounting_storage/as_mysql: acct_storage_p_get_connection: acct_storage_p_get_connection: request new connection 1
[2025-09-04T10:43:57.769] debug2: Attempting to connect to mysql:3306
[2025-09-04T10:43:57.814] debug2: DBD_FINI: CLOSE:0 COMMIT:0
[2025-09-04T10:43:57.902] debug2: DBD_GET_ASSOCS: called in CONN 10
[2025-09-04T10:43:57.990] debug2: DBD_GET_QOS: called in CONN 10
[2025-09-04T10:43:58.037] debug2: DBD_FINI: CLOSE:1 COMMIT:0
[2025-09-04T10:44:53.567] debug2: DBD_CLUSTER_TRES: called in CONN 8 for linux(1=2,2=2000,3=0,4=2,5=2,6=0,7=0,8=0)
[2025-09-04T10:49:53.800] debug2: DBD_CLUSTER_TRES: called in CONN 8 for linux(1=2,2=2000,3=0,4=2,5=2,6=0,7=0,8=0)
[2025-09-04T10:54:53.184] debug2: DBD_CLUSTER_TRES: called in CONN 8 for linux(1=2,2=2000,3=0,4=2,5=2,6=0,7=0,8=0)
[2025-09-04T10:55:40.976] debug2: running rollup at Thu Sep 04 11:00:00 2025
[2025-09-04T10:55:40.977] debug2: Attempting to connect to mysql:3306
[2025-09-04T10:55:40.979] debug2: accounting_storage/as_mysql: _cluster_rollup_usage: No need to roll cluster linux this hour 1756980000 <= 1756980000
[2025-09-04T10:55:40.979] debug2: accounting_storage/as_mysql: _cluster_rollup_usage: No need to roll cluster linux this day 1756944000 <= 1756944000
[2025-09-04T10:55:40.979] debug2: accounting_storage/as_mysql: _cluster_rollup_usage: No need to roll cluster linux this month 1756684800 <= 1756684800
[2025-09-04T10:55:40.979] debug2: accounting_storage/as_mysql: as_mysql_roll_usage: Got 1 of 1 rolled up
[2025-09-04T10:55:40.979] debug2: accounting_storage/as_mysql: as_mysql_roll_usage: Everything rolled up
[2025-09-04T10:59:43.270] debug2: running rollup at Thu Sep 04 11:00:00 2025
[2025-09-04T10:59:43.271] debug2: Attempting to connect to mysql:3306
[2025-09-04T10:59:43.272] debug2: accounting_storage/as_mysql: _cluster_rollup_usage: No need to roll cluster linux this hour 1756980000 <= 1756980000
[2025-09-04T10:59:43.272] debug2: accounting_storage/as_mysql: _cluster_rollup_usage: No need to roll cluster linux this day 1756944000 <= 1756944000
[2025-09-04T10:59:43.272] debug2: accounting_storage/as_mysql: _cluster_rollup_usage: No need to roll cluster linux this month 1756684800 <= 1756684800
[2025-09-04T10:59:43.273] debug2: accounting_storage/as_mysql: as_mysql_roll_usage: Got 1 of 1 rolled up
[2025-09-04T10:59:43.273] debug2: accounting_storage/as_mysql: as_mysql_roll_usage: Everything rolled up
[2025-09-04T10:59:53.929] debug2: DBD_CLUSTER_TRES: called in CONN 8 for linux(1=2,2=2000,3=0,4=2,5=2,6=0,7=0,8=0)
[2025-09-04T10:59:58.041] debug2: running rollup at Thu Sep 04 11:00:00 2025
[2025-09-04T10:59:58.042] debug2: Attempting to connect to mysql:3306
[2025-09-04T10:59:58.044] debug2: accounting_storage/as_mysql: _cluster_rollup_usage: No need to roll cluster linux this hour 1756980000 <= 1756980000
[2025-09-04T10:59:58.044] debug2: accounting_storage/as_mysql: _cluster_rollup_usage: No need to roll cluster linux this day 1756944000 <= 1756944000
[2025-09-04T10:59:58.044] debug2: accounting_storage/as_mysql: _cluster_rollup_usage: No need to roll cluster linux this month 1756684800 <= 1756684800
[2025-09-04T10:59:58.044] debug2: accounting_storage/as_mysql: as_mysql_roll_usage: Got 1 of 1 rolled up
[2025-09-04T10:59:58.044] debug2: accounting_storage/as_mysql: as_mysql_roll_usage: Everything rolled up
[2025-09-04T11:00:00.046] debug2: running rollup at Thu Sep 04 11:00:00 2025
[2025-09-04T11:00:00.046] debug2: Attempting to connect to mysql:3306
[2025-09-04T11:00:00.052] debug2: accounting_storage/as_mysql: _cluster_rollup_usage: No need to roll cluster linux this day 1756944000 <= 1756944000
[2025-09-04T11:00:00.052] debug2: accounting_storage/as_mysql: _cluster_rollup_usage: No need to roll cluster linux this month 1756684800 <= 1756684800
[2025-09-04T11:00:00.055] debug2: accounting_storage/as_mysql: as_mysql_roll_usage: Got 1 of 1 rolled up
[2025-09-04T11:00:00.055] debug2: accounting_storage/as_mysql: as_mysql_roll_usage: Everything rolled up
[2025-09-04T11:04:53.603] debug2: DBD_CLUSTER_TRES: called in CONN 8 for linux(1=2,2=2000,3=0,4=2,5=2,6=0,7=0,8=0)
[2025-09-04T11:09:53.071] debug2: DBD_CLUSTER_TRES: called in CONN 8 for linux(1=2,2=2000,3=0,4=2,5=2,6=0,7=0,8=0)
[2025-09-04T11:14:53.796] debug2: DBD_CLUSTER_TRES: called in CONN 8 for linux(1=2,2=2000,3=0,4=2,5=2,6=0,7=0,8=0)
[2025-09-04T11:19:53.620] debug2: DBD_CLUSTER_TRES: called in CONN 8 for linux(1=2,2=2000,3=0,4=2,5=2,6=0,7=0,8=0)
[2025-09-04T11:24:53.610] debug2: DBD_CLUSTER_TRES: called in CONN 8 for linux(1=2,2=2000,3=0,4=2,5=2,6=0,7=0,8=0)
[2025-09-04T11:29:53.551] debug2: DBD_CLUSTER_TRES: called in CONN 8 for linux(1=2,2=2000,3=0,4=2,5=2,6=0,7=0,8=0)
[2025-09-04T11:34:53.505] debug2: DBD_CLUSTER_TRES: called in CONN 8 for linux(1=2,2=2000,3=0,4=2,5=2,6=0,7=0,8=0)
[2025-09-04T11:39:53.490] debug2: DBD_CLUSTER_TRES: called in CONN 8 for linux(1=2,2=2000,3=0,4=2,5=2,6=0,7=0,8=0)
[2025-09-04T11:44:53.486] debug2: DBD_CLUSTER_TRES: called in CONN 8 for linux(1=2,2=2000,3=0,4=2,5=2,6=0,7=0,8=0)
[2025-09-04T11:49:53.431] debug2: DBD_CLUSTER_TRES: called in CONN 8 for linux(1=2,2=2000,3=0,4=2,5=2,6=0,7=0,8=0)
[2025-09-04T11:54:53.408] debug2: DBD_CLUSTER_TRES: called in CONN 8 for linux(1=2,2=2000,3=0,4=2,5=2,6=0,7=0,8=0)
[2025-09-04T11:59:40.191] debug2: running rollup at Thu Sep 04 12:00:00 2025
[2025-09-04T11:59:40.191] debug2: Attempting to connect to mysql:3306
[2025-09-04T11:59:40.193] debug2: accounting_storage/as_mysql: _cluster_rollup_usage: No need to roll cluster linux this hour 1756983600 <= 1756983600
[2025-09-04T11:59:40.193] debug2: accounting_storage/as_mysql: _cluster_rollup_usage: No need to roll cluster linux this day 1756944000 <= 1756944000
[2025-09-04T11:59:40.193] debug2: accounting_storage/as_mysql: _cluster_rollup_usage: No need to roll cluster linux this month 1756684800 <= 1756684800
[2025-09-04T11:59:40.193] debug2: accounting_storage/as_mysql: as_mysql_roll_usage: Got 1 of 1 rolled up
[2025-09-04T11:59:40.193] debug2: accounting_storage/as_mysql: as_mysql_roll_usage: Everything rolled up
[2025-09-04T11:59:53.395] debug2: DBD_CLUSTER_TRES: called in CONN 8 for linux(1=2,2=2000,3=0,4=2,5=2,6=0,7=0,8=0)
[2025-09-04T12:00:00.193] debug2: running rollup at Thu Sep 04 12:00:00 2025
[2025-09-04T12:00:00.193] debug2: Attempting to connect to mysql:3306
[2025-09-04T12:00:00.199] debug2: accounting_storage/as_mysql: _cluster_rollup_usage: No need to roll cluster linux this day 1756944000 <= 1756944000
[2025-09-04T12:00:00.199] debug2: accounting_storage/as_mysql: _cluster_rollup_usage: No need to roll cluster linux this month 1756684800 <= 1756684800
[2025-09-04T12:00:00.201] debug2: accounting_storage/as_mysql: as_mysql_roll_usage: Got 1 of 1 rolled up
[2025-09-04T12:00:00.201] debug2: accounting_storage/as_mysql: as_mysql_roll_usage: Everything rolled up
[2025-09-04T12:04:53.370] debug2: DBD_CLUSTER_TRES: called in CONN 8 for linux(1=2,2=2000,3=0,4=2,5=2,6=0,7=0,8=0)
[2025-09-04T12:09:53.338] debug2: DBD_CLUSTER_TRES: called in CONN 8 for linux(1=2,2=2000,3=0,4=2,5=2,6=0,7=0,8=0)
[2025-09-04T12:14:53.306] debug2: DBD_CLUSTER_TRES: called in CONN 8 for linux(1=2,2=2000,3=0,4=2,5=2,6=0,7=0,8=0)
[2025-09-04T12:19:53.260] debug2: DBD_CLUSTER_TRES: called in CONN 8 for linux(1=2,2=2000,3=0,4=2,5=2,6=0,7=0,8=0)
[2025-09-04T12:24:53.235] debug2: DBD_CLUSTER_TRES: called in CONN 8 for linux(1=2,2=2000,3=0,4=2,5=2,6=0,7=0,8=0)
[2025-09-04T12:29:53.223] debug2: DBD_CLUSTER_TRES: called in CONN 8 for linux(1=2,2=2000,3=0,4=2,5=2,6=0,7=0,8=0)
[2025-09-04T12:34:53.189] debug2: DBD_CLUSTER_TRES: called in CONN 8 for linux(1=2,2=2000,3=0,4=2,5=2,6=0,7=0,8=0)
[2025-09-04T12:39:53.136] debug2: DBD_CLUSTER_TRES: called in CONN 8 for linux(1=2,2=2000,3=0,4=2,5=2,6=0,7=0,8=0)
[2025-09-04T12:44:53.107] debug2: DBD_CLUSTER_TRES: called in CONN 8 for linux(1=2,2=2000,3=0,4=2,5=2,6=0,7=0,8=0)
[2025-09-04T12:49:53.078] debug2: DBD_CLUSTER_TRES: called in CONN 8 for linux(1=2,2=2000,3=0,4=2,5=2,6=0,7=0,8=0)
[2025-09-04T12:54:54.044] debug2: DBD_CLUSTER_TRES: called in CONN 8 for linux(1=2,2=2000,3=0,4=2,5=2,6=0,7=0,8=0)
[2025-09-04T12:59:53.994] debug2: DBD_CLUSTER_TRES: called in CONN 8 for linux(1=2,2=2000,3=0,4=2,5=2,6=0,7=0,8=0)
[2025-09-04T12:59:59.972] debug2: running rollup at Thu Sep 04 13:00:00 2025
[2025-09-04T12:59:59.973] debug2: Attempting to connect to mysql:3306
[2025-09-04T12:59:59.975] debug2: accounting_storage/as_mysql: _cluster_rollup_usage: No need to roll cluster linux this hour 1756987200 <= 1756987200
[2025-09-04T12:59:59.975] debug2: accounting_storage/as_mysql: _cluster_rollup_usage: No need to roll cluster linux this day 1756944000 <= 1756944000
[2025-09-04T12:59:59.975] debug2: accounting_storage/as_mysql: _cluster_rollup_usage: No need to roll cluster linux this month 1756684800 <= 1756684800
[2025-09-04T12:59:59.975] debug2: accounting_storage/as_mysql: as_mysql_roll_usage: Got 1 of 1 rolled up
[2025-09-04T12:59:59.975] debug2: accounting_storage/as_mysql: as_mysql_roll_usage: Everything rolled up
[2025-09-04T13:00:00.976] debug2: running rollup at Thu Sep 04 13:00:00 2025
[2025-09-04T13:00:00.976] debug2: Attempting to connect to mysql:3306
[2025-09-04T13:00:00.982] debug2: accounting_storage/as_mysql: _cluster_rollup_usage: No need to roll cluster linux this day 1756944000 <= 1756944000
[2025-09-04T13:00:00.983] debug2: accounting_storage/as_mysql: _cluster_rollup_usage: No need to roll cluster linux this month 1756684800 <= 1756684800
[2025-09-04T13:00:00.985] debug2: accounting_storage/as_mysql: as_mysql_roll_usage: Got 1 of 1 rolled up
[2025-09-04T13:00:00.985] debug2: accounting_storage/as_mysql: as_mysql_roll_usage: Everything rolled up
[2025-09-04T13:04:53.929] debug2: DBD_CLUSTER_TRES: called in CONN 8 for linux(1=2,2=2000,3=0,4=2,5=2,6=0,7=0,8=0)
[2025-09-04T13:09:53.888] debug2: DBD_CLUSTER_TRES: called in CONN 8 for linux(1=2,2=2000,3=0,4=2,5=2,6=0,7=0,8=0)
[2025-09-04T13:14:53.869] debug2: DBD_CLUSTER_TRES: called in CONN 8 for linux(1=2,2=2000,3=0,4=2,5=2,6=0,7=0,8=0)
[2025-09-04T13:19:53.808] debug2: DBD_CLUSTER_TRES: called in CONN 8 for linux(1=2,2=2000,3=0,4=2,5=2,6=0,7=0,8=0)
[2025-09-04T13:24:53.771] debug2: DBD_CLUSTER_TRES: called in CONN 8 for linux(1=2,2=2000,3=0,4=2,5=2,6=0,7=0,8=0)
[2025-09-04T13:29:53.778] debug2: DBD_CLUSTER_TRES: called in CONN 8 for linux(1=2,2=2000,3=0,4=2,5=2,6=0,7=0,8=0)
[2025-09-04T13:34:53.725] debug2: DBD_CLUSTER_TRES: called in CONN 8 for linux(1=2,2=2000,3=0,4=2,5=2,6=0,7=0,8=0)
[2025-09-04T13:39:53.703] debug2: DBD_CLUSTER_TRES: called in CONN 8 for linux(1=2,2=2000,3=0,4=2,5=2,6=0,7=0,8=0)
[2025-09-04T13:44:53.680] debug2: DBD_CLUSTER_TRES: called in CONN 8 for linux(1=2,2=2000,3=0,4=2,5=2,6=0,7=0,8=0)
[2025-09-04T13:49:53.644] debug2: DBD_CLUSTER_TRES: called in CONN 8 for linux(1=2,2=2000,3=0,4=2,5=2,6=0,7=0,8=0)
[2025-09-04T13:54:53.630] debug2: DBD_CLUSTER_TRES: called in CONN 8 for linux(1=2,2=2000,3=0,4=2,5=2,6=0,7=0,8=0)
[2025-09-04T13:59:53.581] debug2: DBD_CLUSTER_TRES: called in CONN 8 for linux(1=2,2=2000,3=0,4=2,5=2,6=0,7=0,8=0)
[2025-09-04T14:00:00.744] debug2: running rollup at Thu Sep 04 14:00:00 2025
[2025-09-04T14:00:00.745] debug2: Attempting to connect to mysql:3306
[2025-09-04T14:00:00.750] debug2: accounting_storage/as_mysql: _cluster_rollup_usage: No need to roll cluster linux this day 1756944000 <= 1756944000
[2025-09-04T14:00:00.750] debug2: accounting_storage/as_mysql: _cluster_rollup_usage: No need to roll cluster linux this month 1756684800 <= 1756684800
[2025-09-04T14:00:00.753] debug2: accounting_storage/as_mysql: as_mysql_roll_usage: Got 1 of 1 rolled up
[2025-09-04T14:00:00.753] debug2: accounting_storage/as_mysql: as_mysql_roll_usage: Everything rolled up
[2025-09-04T14:04:53.578] debug2: DBD_CLUSTER_TRES: called in CONN 8 for linux(1=2,2=2000,3=0,4=2,5=2,6=0,7=0,8=0)
[2025-09-04T14:09:53.495] debug2: DBD_CLUSTER_TRES: called in CONN 8 for linux(1=2,2=2000,3=0,4=2,5=2,6=0,7=0,8=0)
[2025-09-04T14:14:53.501] debug2: DBD_CLUSTER_TRES: called in CONN 8 for linux(1=2,2=2000,3=0,4=2,5=2,6=0,7=0,8=0)
[2025-09-04T14:19:53.454] debug2: DBD_CLUSTER_TRES: called in CONN 8 for linux(1=2,2=2000,3=0,4=2,5=2,6=0,7=0,8=0)
[2025-09-04T14:24:53.439] debug2: DBD_CLUSTER_TRES: called in CONN 8 for linux(1=2,2=2000,3=0,4=2,5=2,6=0,7=0,8=0)
[2025-09-04T14:29:53.405] debug2: DBD_CLUSTER_TRES: called in CONN 8 for linux(1=2,2=2000,3=0,4=2,5=2,6=0,7=0,8=0)
[2025-09-04T14:34:53.394] debug2: DBD_CLUSTER_TRES: called in CONN 8 for linux(1=2,2=2000,3=0,4=2,5=2,6=0,7=0,8=0)
[2025-09-04T14:39:53.342] debug2: DBD_CLUSTER_TRES: called in CONN 8 for linux(1=2,2=2000,3=0,4=2,5=2,6=0,7=0,8=0)
[2025-09-04T14:44:53.324] debug2: DBD_CLUSTER_TRES: called in CONN 8 for linux(1=2,2=2000,3=0,4=2,5=2,6=0,7=0,8=0)
[2025-09-04T14:49:53.277] debug2: DBD_CLUSTER_TRES: called in CONN 8 for linux(1=2,2=2000,3=0,4=2,5=2,6=0,7=0,8=0)
[2025-09-04T14:54:53.231] debug2: DBD_CLUSTER_TRES: called in CONN 8 for linux(1=2,2=2000,3=0,4=2,5=2,6=0,7=0,8=0)
[2025-09-04T14:59:53.198] debug2: DBD_CLUSTER_TRES: called in CONN 8 for linux(1=2,2=2000,3=0,4=2,5=2,6=0,7=0,8=0)
[2025-09-04T15:00:00.531] debug2: running rollup at Thu Sep 04 15:00:00 2025
[2025-09-04T15:00:00.532] debug2: Attempting to connect to mysql:3306
[2025-09-04T15:00:00.537] debug2: accounting_storage/as_mysql: _cluster_rollup_usage: No need to roll cluster linux this day 1756944000 <= 1756944000
[2025-09-04T15:00:00.537] debug2: accounting_storage/as_mysql: _cluster_rollup_usage: No need to roll cluster linux this month 1756684800 <= 1756684800
[2025-09-04T15:00:00.539] debug2: accounting_storage/as_mysql: as_mysql_roll_usage: Got 1 of 1 rolled up
[2025-09-04T15:00:00.539] debug2: accounting_storage/as_mysql: as_mysql_roll_usage: Everything rolled up
[2025-09-04T15:04:53.153] debug2: DBD_CLUSTER_TRES: called in CONN 8 for linux(1=2,2=2000,3=0,4=2,5=2,6=0,7=0,8=0)
[2025-09-04T15:09:53.156] debug2: DBD_CLUSTER_TRES: called in CONN 8 for linux(1=2,2=2000,3=0,4=2,5=2,6=0,7=0,8=0)
[2025-09-04T15:14:53.117] debug2: DBD_CLUSTER_TRES: called in CONN 8 for linux(1=2,2=2000,3=0,4=2,5=2,6=0,7=0,8=0)
[2025-09-04T15:19:53.087] debug2: DBD_CLUSTER_TRES: called in CONN 8 for linux(1=2,2=2000,3=0,4=2,5=2,6=0,7=0,8=0)
[2025-09-04T15:24:53.085] debug2: DBD_CLUSTER_TRES: called in CONN 8 for linux(1=2,2=2000,3=0,4=2,5=2,6=0,7=0,8=0)
[2025-09-04T15:29:53.081] debug2: DBD_CLUSTER_TRES: called in CONN 8 for linux(1=2,2=2000,3=0,4=2,5=2,6=0,7=0,8=0)
[2025-09-04T15:34:53.083] debug2: DBD_CLUSTER_TRES: called in CONN 8 for linux(1=2,2=2000,3=0,4=2,5=2,6=0,7=0,8=0)
[2025-09-04T15:39:53.069] debug2: DBD_CLUSTER_TRES: called in CONN 8 for linux(1=2,2=2000,3=0,4=2,5=2,6=0,7=0,8=0)
[2025-09-04T15:44:53.071] debug2: DBD_CLUSTER_TRES: called in CONN 8 for linux(1=2,2=2000,3=0,4=2,5=2,6=0,7=0,8=0)
[2025-09-04T15:49:54.010] debug2: DBD_CLUSTER_TRES: called in CONN 8 for linux(1=2,2=2000,3=0,4=2,5=2,6=0,7=0,8=0)
[2025-09-04T15:54:53.994] debug2: DBD_CLUSTER_TRES: called in CONN 8 for linux(1=2,2=2000,3=0,4=2,5=2,6=0,7=0,8=0)
[2025-09-04T15:59:53.934] debug2: DBD_CLUSTER_TRES: called in CONN 8 for linux(1=2,2=2000,3=0,4=2,5=2,6=0,7=0,8=0)
[2025-09-04T16:00:00.388] debug2: running rollup at Thu Sep 04 16:00:00 2025
[2025-09-04T16:00:00.389] debug2: Attempting to connect to mysql:3306
[2025-09-04T16:00:00.395] debug2: accounting_storage/as_mysql: _cluster_rollup_usage: No need to roll cluster linux this day 1756944000 <= 1756944000
[2025-09-04T16:00:00.395] debug2: accounting_storage/as_mysql: _cluster_rollup_usage: No need to roll cluster linux this month 1756684800 <= 1756684800
[2025-09-04T16:00:00.397] debug2: accounting_storage/as_mysql: as_mysql_roll_usage: Got 1 of 1 rolled up
[2025-09-04T16:00:00.398] debug2: accounting_storage/as_mysql: as_mysql_roll_usage: Everything rolled up
[2025-09-04T16:04:53.880] debug2: DBD_CLUSTER_TRES: called in CONN 8 for linux(1=2,2=2000,3=0,4=2,5=2,6=0,7=0,8=0)
[2025-09-04T16:09:53.845] debug2: DBD_CLUSTER_TRES: called in CONN 8 for linux(1=2,2=2000,3=0,4=2,5=2,6=0,7=0,8=0)
[2025-09-04T16:14:53.842] debug2: DBD_CLUSTER_TRES: called in CONN 8 for linux(1=2,2=2000,3=0,4=2,5=2,6=0,7=0,8=0)
[2025-09-04T16:19:53.798] debug2: DBD_CLUSTER_TRES: called in CONN 8 for linux(1=2,2=2000,3=0,4=2,5=2,6=0,7=0,8=0)
[2025-09-04T16:24:53.787] debug2: DBD_CLUSTER_TRES: called in CONN 8 for linux(1=2,2=2000,3=0,4=2,5=2,6=0,7=0,8=0)
[2025-09-04T16:29:53.742] debug2: DBD_CLUSTER_TRES: called in CONN 8 for linux(1=2,2=2000,3=0,4=2,5=2,6=0,7=0,8=0)
[2025-09-04T16:34:53.745] debug2: DBD_CLUSTER_TRES: called in CONN 8 for linux(1=2,2=2000,3=0,4=2,5=2,6=0,7=0,8=0)
[2025-09-04T16:39:53.715] debug2: DBD_CLUSTER_TRES: called in CONN 8 for linux(1=2,2=2000,3=0,4=2,5=2,6=0,7=0,8=0)
[2025-09-04T16:44:53.739] debug2: DBD_CLUSTER_TRES: called in CONN 8 for linux(1=2,2=2000,3=0,4=2,5=2,6=0,7=0,8=0)
[2025-09-04T16:49:53.702] debug2: DBD_CLUSTER_TRES: called in CONN 8 for linux(1=2,2=2000,3=0,4=2,5=2,6=0,7=0,8=0)
[2025-09-04T16:54:53.728] debug2: DBD_CLUSTER_TRES: called in CONN 8 for linux(1=2,2=2000,3=0,4=2,5=2,6=0,7=0,8=0)
[2025-09-04T16:59:53.689] debug2: DBD_CLUSTER_TRES: called in CONN 8 for linux(1=2,2=2000,3=0,4=2,5=2,6=0,7=0,8=0)
[2025-09-04T17:00:00.112] debug2: running rollup at Thu Sep 04 17:00:00 2025
[2025-09-04T17:00:00.112] debug2: Attempting to connect to mysql:3306
[2025-09-04T17:00:00.117] debug2: accounting_storage/as_mysql: _cluster_rollup_usage: No need to roll cluster linux this day 1756944000 <= 1756944000
[2025-09-04T17:00:00.117] debug2: accounting_storage/as_mysql: _cluster_rollup_usage: No need to roll cluster linux this month 1756684800 <= 1756684800
[2025-09-04T17:00:00.120] debug2: accounting_storage/as_mysql: as_mysql_roll_usage: Got 1 of 1 rolled up
[2025-09-04T17:00:00.120] debug2: accounting_storage/as_mysql: as_mysql_roll_usage: Everything rolled up
[2025-09-04T17:04:53.670] debug2: DBD_CLUSTER_TRES: called in CONN 8 for linux(1=2,2=2000,3=0,4=2,5=2,6=0,7=0,8=0)
[2025-09-04T17:09:53.596] debug2: DBD_CLUSTER_TRES: called in CONN 8 for linux(1=2,2=2000,3=0,4=2,5=2,6=0,7=0,8=0)
[2025-09-04T17:14:53.577] debug2: DBD_CLUSTER_TRES: called in CONN 8 for linux(1=2,2=2000,3=0,4=2,5=2,6=0,7=0,8=0)
[2025-09-04T17:19:53.527] debug2: DBD_CLUSTER_TRES: called in CONN 8 for linux(1=2,2=2000,3=0,4=2,5=2,6=0,7=0,8=0)
[2025-09-04T17:24:53.525] debug2: DBD_CLUSTER_TRES: called in CONN 8 for linux(1=2,2=2000,3=0,4=2,5=2,6=0,7=0,8=0)
[2025-09-04T17:29:53.497] debug2: DBD_CLUSTER_TRES: called in CONN 8 for linux(1=2,2=2000,3=0,4=2,5=2,6=0,7=0,8=0)
[2025-09-04T17:34:53.479] debug2: DBD_CLUSTER_TRES: called in CONN 8 for linux(1=2,2=2000,3=0,4=2,5=2,6=0,7=0,8=0)
[2025-09-04T17:39:53.446] debug2: DBD_CLUSTER_TRES: called in CONN 8 for linux(1=2,2=2000,3=0,4=2,5=2,6=0,7=0,8=0)
[2025-09-04T17:44:53.449] debug2: DBD_CLUSTER_TRES: called in CONN 8 for linux(1=2,2=2000,3=0,4=2,5=2,6=0,7=0,8=0)
[2025-09-04T17:49:53.423] debug2: DBD_CLUSTER_TRES: called in CONN 8 for linux(1=2,2=2000,3=0,4=2,5=2,6=0,7=0,8=0)
[2025-09-04T17:54:53.386] debug2: DBD_CLUSTER_TRES: called in CONN 8 for linux(1=2,2=2000,3=0,4=2,5=2,6=0,7=0,8=0)
[2025-09-04T17:59:53.334] debug2: DBD_CLUSTER_TRES: called in CONN 8 for linux(1=2,2=2000,3=0,4=2,5=2,6=0,7=0,8=0)
[2025-09-04T17:59:59.888] debug2: running rollup at Thu Sep 04 18:00:00 2025
[2025-09-04T17:59:59.889] debug2: Attempting to connect to mysql:3306
[2025-09-04T17:59:59.890] debug2: accounting_storage/as_mysql: _cluster_rollup_usage: No need to roll cluster linux this hour 1757005200 <= 1757005200
[2025-09-04T17:59:59.890] debug2: accounting_storage/as_mysql: _cluster_rollup_usage: No need to roll cluster linux this day 1756944000 <= 1756944000
[2025-09-04T17:59:59.890] debug2: accounting_storage/as_mysql: _cluster_rollup_usage: No need to roll cluster linux this month 1756684800 <= 1756684800
[2025-09-04T17:59:59.891] debug2: accounting_storage/as_mysql: as_mysql_roll_usage: Got 1 of 1 rolled up
[2025-09-04T17:59:59.891] debug2: accounting_storage/as_mysql: as_mysql_roll_usage: Everything rolled up
[2025-09-04T18:00:00.892] debug2: running rollup at Thu Sep 04 18:00:00 2025
[2025-09-04T18:00:00.892] debug2: Attempting to connect to mysql:3306
[2025-09-04T18:00:00.897] debug2: accounting_storage/as_mysql: _cluster_rollup_usage: No need to roll cluster linux this day 1756944000 <= 1756944000
[2025-09-04T18:00:00.897] debug2: accounting_storage/as_mysql: _cluster_rollup_usage: No need to roll cluster linux this month 1756684800 <= 1756684800
[2025-09-04T18:00:00.900] debug2: accounting_storage/as_mysql: as_mysql_roll_usage: Got 1 of 1 rolled up
[2025-09-04T18:00:00.900] debug2: accounting_storage/as_mysql: as_mysql_roll_usage: Everything rolled up
[2025-09-04T18:04:53.278] debug2: DBD_CLUSTER_TRES: called in CONN 8 for linux(1=2,2=2000,3=0,4=2,5=2,6=0,7=0,8=0)
[2025-09-04T18:09:53.197] debug2: DBD_CLUSTER_TRES: called in CONN 8 for linux(1=2,2=2000,3=0,4=2,5=2,6=0,7=0,8=0)
[2025-09-04T18:14:53.170] debug2: DBD_CLUSTER_TRES: called in CONN 8 for linux(1=2,2=2000,3=0,4=2,5=2,6=0,7=0,8=0)
[2025-09-04T18:19:53.124] debug2: DBD_CLUSTER_TRES: called in CONN 8 for linux(1=2,2=2000,3=0,4=2,5=2,6=0,7=0,8=0)
[2025-09-04T18:24:53.133] debug2: DBD_CLUSTER_TRES: called in CONN 8 for linux(1=2,2=2000,3=0,4=2,5=2,6=0,7=0,8=0)
[2025-09-04T18:29:53.084] debug2: DBD_CLUSTER_TRES: called in CONN 8 for linux(1=2,2=2000,3=0,4=2,5=2,6=0,7=0,8=0)
[2025-09-04T18:34:53.070] debug2: DBD_CLUSTER_TRES: called in CONN 8 for linux(1=2,2=2000,3=0,4=2,5=2,6=0,7=0,8=0)
[2025-09-04T18:39:53.071] debug2: DBD_CLUSTER_TRES: called in CONN 8 for linux(1=2,2=2000,3=0,4=2,5=2,6=0,7=0,8=0)
[2025-09-04T18:44:53.063] debug2: DBD_CLUSTER_TRES: called in CONN 8 for linux(1=2,2=2000,3=0,4=2,5=2,6=0,7=0,8=0)
[2025-09-04T18:49:54.047] debug2: DBD_CLUSTER_TRES: called in CONN 8 for linux(1=2,2=2000,3=0,4=2,5=2,6=0,7=0,8=0)
[2025-09-04T18:54:55.035] debug2: DBD_CLUSTER_TRES: called in CONN 8 for linux(1=2,2=2000,3=0,4=2,5=2,6=0,7=0,8=0)
[2025-09-04T18:59:55.166] debug2: DBD_CLUSTER_TRES: called in CONN 8 for linux(1=2,2=2000,3=0,4=2,5=2,6=0,7=0,8=0)
[2025-09-04T19:00:00.729] debug2: running rollup at Thu Sep 04 19:00:00 2025
[2025-09-04T19:00:00.730] debug2: Attempting to connect to mysql:3306
[2025-09-04T19:00:00.735] debug2: accounting_storage/as_mysql: _cluster_rollup_usage: No need to roll cluster linux this day 1756944000 <= 1756944000
[2025-09-04T19:00:00.735] debug2: accounting_storage/as_mysql: _cluster_rollup_usage: No need to roll cluster linux this month 1756684800 <= 1756684800
[2025-09-04T19:00:00.737] debug2: accounting_storage/as_mysql: as_mysql_roll_usage: Got 1 of 1 rolled up
[2025-09-04T19:00:00.737] debug2: accounting_storage/as_mysql: as_mysql_roll_usage: Everything rolled up
[2025-09-04T19:04:55.157] debug2: DBD_CLUSTER_TRES: called in CONN 8 for linux(1=2,2=2000,3=0,4=2,5=2,6=0,7=0,8=0)
[2025-09-04T19:09:55.123] debug2: DBD_CLUSTER_TRES: called in CONN 8 for linux(1=2,2=2000,3=0,4=2,5=2,6=0,7=0,8=0)
[2025-09-04T19:14:55.112] debug2: DBD_CLUSTER_TRES: called in CONN 8 for linux(1=2,2=2000,3=0,4=2,5=2,6=0,7=0,8=0)
[2025-09-04T19:19:55.093] debug2: DBD_CLUSTER_TRES: called in CONN 8 for linux(1=2,2=2000,3=0,4=2,5=2,6=0,7=0,8=0)
[2025-09-04T19:24:55.099] debug2: DBD_CLUSTER_TRES: called in CONN 8 for linux(1=2,2=2000,3=0,4=2,5=2,6=0,7=0,8=0)
[2025-09-04T19:29:55.057] debug2: DBD_CLUSTER_TRES: called in CONN 8 for linux(1=2,2=2000,3=0,4=2,5=2,6=0,7=0,8=0)
[2025-09-04T19:34:56.030] debug2: DBD_CLUSTER_TRES: called in CONN 8 for linux(1=2,2=2000,3=0,4=2,5=2,6=0,7=0,8=0)
[2025-09-04T19:39:56.026] debug2: DBD_CLUSTER_TRES: called in CONN 8 for linux(1=2,2=2000,3=0,4=2,5=2,6=0,7=0,8=0)
[2025-09-04T19:44:55.967] debug2: DBD_CLUSTER_TRES: called in CONN 8 for linux(1=2,2=2000,3=0,4=2,5=2,6=0,7=0,8=0)
[2025-09-04T19:49:55.916] debug2: DBD_CLUSTER_TRES: called in CONN 8 for linux(1=2,2=2000,3=0,4=2,5=2,6=0,7=0,8=0)
[2025-09-04T19:54:55.872] debug2: DBD_CLUSTER_TRES: called in CONN 8 for linux(1=2,2=2000,3=0,4=2,5=2,6=0,7=0,8=0)
[2025-09-04T19:59:55.860] debug2: DBD_CLUSTER_TRES: called in CONN 8 for linux(1=2,2=2000,3=0,4=2,5=2,6=0,7=0,8=0)
[2025-09-04T20:00:00.605] debug2: running rollup at Thu Sep 04 20:00:00 2025
[2025-09-04T20:00:00.606] debug2: Attempting to connect to mysql:3306
[2025-09-04T20:00:00.613] debug2: accounting_storage/as_mysql: _cluster_rollup_usage: No need to roll cluster linux this day 1756944000 <= 1756944000
[2025-09-04T20:00:00.613] debug2: accounting_storage/as_mysql: _cluster_rollup_usage: No need to roll cluster linux this month 1756684800 <= 1756684800
[2025-09-04T20:00:00.615] debug2: accounting_storage/as_mysql: as_mysql_roll_usage: Got 1 of 1 rolled up
[2025-09-04T20:00:00.615] debug2: accounting_storage/as_mysql: as_mysql_roll_usage: Everything rolled up
[2025-09-04T20:04:55.806] debug2: DBD_CLUSTER_TRES: called in CONN 8 for linux(1=2,2=2000,3=0,4=2,5=2,6=0,7=0,8=0)
[2025-09-04T20:09:55.781] debug2: DBD_CLUSTER_TRES: called in CONN 8 for linux(1=2,2=2000,3=0,4=2,5=2,6=0,7=0,8=0)
[2025-09-04T20:14:55.728] debug2: DBD_CLUSTER_TRES: called in CONN 8 for linux(1=2,2=2000,3=0,4=2,5=2,6=0,7=0,8=0)
[2025-09-04T20:19:55.708] debug2: DBD_CLUSTER_TRES: called in CONN 8 for linux(1=2,2=2000,3=0,4=2,5=2,6=0,7=0,8=0)
[2025-09-04T20:24:55.666] debug2: DBD_CLUSTER_TRES: called in CONN 8 for linux(1=2,2=2000,3=0,4=2,5=2,6=0,7=0,8=0)
[2025-09-04T20:29:55.668] debug2: DBD_CLUSTER_TRES: called in CONN 8 for linux(1=2,2=2000,3=0,4=2,5=2,6=0,7=0,8=0)
[2025-09-04T20:34:55.635] debug2: DBD_CLUSTER_TRES: called in CONN 8 for linux(1=2,2=2000,3=0,4=2,5=2,6=0,7=0,8=0)
[2025-09-04T20:39:55.641] debug2: DBD_CLUSTER_TRES: called in CONN 8 for linux(1=2,2=2000,3=0,4=2,5=2,6=0,7=0,8=0)
[2025-09-04T20:44:55.781] debug2: DBD_CLUSTER_TRES: called in CONN 8 for linux(1=2,2=2000,3=0,4=2,5=2,6=0,7=0,8=0)
[2025-09-04T20:49:55.917] debug2: DBD_CLUSTER_TRES: called in CONN 8 for linux(1=2,2=2000,3=0,4=2,5=2,6=0,7=0,8=0)
[2025-09-04T20:54:55.858] debug2: DBD_CLUSTER_TRES: called in CONN 8 for linux(1=2,2=2000,3=0,4=2,5=2,6=0,7=0,8=0)
[2025-09-04T20:59:55.863] debug2: DBD_CLUSTER_TRES: called in CONN 8 for linux(1=2,2=2000,3=0,4=2,5=2,6=0,7=0,8=0)
[2025-09-04T21:00:00.420] debug2: running rollup at Thu Sep 04 21:00:00 2025
[2025-09-04T21:00:00.421] debug2: Attempting to connect to mysql:3306
[2025-09-04T21:00:00.426] debug2: accounting_storage/as_mysql: _cluster_rollup_usage: No need to roll cluster linux this day 1756944000 <= 1756944000
[2025-09-04T21:00:00.426] debug2: accounting_storage/as_mysql: _cluster_rollup_usage: No need to roll cluster linux this month 1756684800 <= 1756684800
[2025-09-04T21:00:00.429] debug2: accounting_storage/as_mysql: as_mysql_roll_usage: Got 1 of 1 rolled up
[2025-09-04T21:00:00.429] debug2: accounting_storage/as_mysql: as_mysql_roll_usage: Everything rolled up
[2025-09-04T21:04:55.768] debug2: DBD_CLUSTER_TRES: called in CONN 8 for linux(1=2,2=2000,3=0,4=2,5=2,6=0,7=0,8=0)
[2025-09-04T21:09:55.710] debug2: DBD_CLUSTER_TRES: called in CONN 8 for linux(1=2,2=2000,3=0,4=2,5=2,6=0,7=0,8=0)
[2025-09-04T21:14:55.684] debug2: DBD_CLUSTER_TRES: called in CONN 8 for linux(1=2,2=2000,3=0,4=2,5=2,6=0,7=0,8=0)
[2025-09-04T21:19:55.671] debug2: DBD_CLUSTER_TRES: called in CONN 8 for linux(1=2,2=2000,3=0,4=2,5=2,6=0,7=0,8=0)
[2025-09-04T21:24:55.623] debug2: DBD_CLUSTER_TRES: called in CONN 8 for linux(1=2,2=2000,3=0,4=2,5=2,6=0,7=0,8=0)
[2025-09-04T21:29:55.600] debug2: DBD_CLUSTER_TRES: called in CONN 8 for linux(1=2,2=2000,3=0,4=2,5=2,6=0,7=0,8=0)
[2025-09-04T21:34:55.563] debug2: DBD_CLUSTER_TRES: called in CONN 8 for linux(1=2,2=2000,3=0,4=2,5=2,6=0,7=0,8=0)
[2025-09-04T21:39:55.586] debug2: DBD_CLUSTER_TRES: called in CONN 8 for linux(1=2,2=2000,3=0,4=2,5=2,6=0,7=0,8=0)
[2025-09-04T21:44:55.558] debug2: DBD_CLUSTER_TRES: called in CONN 8 for linux(1=2,2=2000,3=0,4=2,5=2,6=0,7=0,8=0)
[2025-09-04T21:49:55.529] debug2: DBD_CLUSTER_TRES: called in CONN 8 for linux(1=2,2=2000,3=0,4=2,5=2,6=0,7=0,8=0)
[2025-09-04T21:54:55.464] debug2: DBD_CLUSTER_TRES: called in CONN 8 for linux(1=2,2=2000,3=0,4=2,5=2,6=0,7=0,8=0)
[2025-09-04T21:59:55.357] debug2: DBD_CLUSTER_TRES: called in CONN 8 for linux(1=2,2=2000,3=0,4=2,5=2,6=0,7=0,8=0)
[2025-09-04T22:00:00.160] debug2: running rollup at Thu Sep 04 22:00:00 2025
[2025-09-04T22:00:00.160] debug2: Attempting to connect to mysql:3306
[2025-09-04T22:00:00.165] debug2: accounting_storage/as_mysql: _cluster_rollup_usage: No need to roll cluster linux this day 1756944000 <= 1756944000
[2025-09-04T22:00:00.165] debug2: accounting_storage/as_mysql: _cluster_rollup_usage: No need to roll cluster linux this month 1756684800 <= 1756684800
[2025-09-04T22:00:00.168] debug2: accounting_storage/as_mysql: as_mysql_roll_usage: Got 1 of 1 rolled up
[2025-09-04T22:00:00.168] debug2: accounting_storage/as_mysql: as_mysql_roll_usage: Everything rolled up
[2025-09-04T22:04:55.333] debug2: DBD_CLUSTER_TRES: called in CONN 8 for linux(1=2,2=2000,3=0,4=2,5=2,6=0,7=0,8=0)
[2025-09-04T22:09:55.233] debug2: DBD_CLUSTER_TRES: called in CONN 8 for linux(1=2,2=2000,3=0,4=2,5=2,6=0,7=0,8=0)
[2025-09-04T22:14:55.180] debug2: DBD_CLUSTER_TRES: called in CONN 8 for linux(1=2,2=2000,3=0,4=2,5=2,6=0,7=0,8=0)
[2025-09-04T22:19:55.150] debug2: DBD_CLUSTER_TRES: called in CONN 8 for linux(1=2,2=2000,3=0,4=2,5=2,6=0,7=0,8=0)
[2025-09-04T22:24:55.143] debug2: DBD_CLUSTER_TRES: called in CONN 8 for linux(1=2,2=2000,3=0,4=2,5=2,6=0,7=0,8=0)
[2025-09-04T22:29:55.118] debug2: DBD_CLUSTER_TRES: called in CONN 8 for linux(1=2,2=2000,3=0,4=2,5=2,6=0,7=0,8=0)
[2025-09-04T22:34:55.065] debug2: DBD_CLUSTER_TRES: called in CONN 8 for linux(1=2,2=2000,3=0,4=2,5=2,6=0,7=0,8=0)
[2025-09-04T22:39:56.034] debug2: DBD_CLUSTER_TRES: called in CONN 8 for linux(1=2,2=2000,3=0,4=2,5=2,6=0,7=0,8=0)
[2025-09-04T22:44:56.026] debug2: DBD_CLUSTER_TRES: called in CONN 8 for linux(1=2,2=2000,3=0,4=2,5=2,6=0,7=0,8=0)
[2025-09-04T22:49:55.974] debug2: DBD_CLUSTER_TRES: called in CONN 8 for linux(1=2,2=2000,3=0,4=2,5=2,6=0,7=0,8=0)
[2025-09-04T22:54:55.981] debug2: DBD_CLUSTER_TRES: called in CONN 8 for linux(1=2,2=2000,3=0,4=2,5=2,6=0,7=0,8=0)
[2025-09-04T22:59:55.923] debug2: DBD_CLUSTER_TRES: called in CONN 8 for linux(1=2,2=2000,3=0,4=2,5=2,6=0,7=0,8=0)
[2025-09-04T22:59:59.972] debug2: running rollup at Thu Sep 04 23:00:00 2025
[2025-09-04T22:59:59.973] debug2: Attempting to connect to mysql:3306
[2025-09-04T22:59:59.975] debug2: accounting_storage/as_mysql: _cluster_rollup_usage: No need to roll cluster linux this hour 1757023200 <= 1757023200
[2025-09-04T22:59:59.975] debug2: accounting_storage/as_mysql: _cluster_rollup_usage: No need to roll cluster linux this day 1756944000 <= 1756944000
[2025-09-04T22:59:59.975] debug2: accounting_storage/as_mysql: _cluster_rollup_usage: No need to roll cluster linux this month 1756684800 <= 1756684800
[2025-09-04T22:59:59.975] debug2: accounting_storage/as_mysql: as_mysql_roll_usage: Got 1 of 1 rolled up
[2025-09-04T22:59:59.975] debug2: accounting_storage/as_mysql: as_mysql_roll_usage: Everything rolled up
[2025-09-04T23:00:00.976] debug2: running rollup at Thu Sep 04 23:00:00 2025
[2025-09-04T23:00:00.977] debug2: Attempting to connect to mysql:3306
[2025-09-04T23:00:00.982] debug2: accounting_storage/as_mysql: _cluster_rollup_usage: No need to roll cluster linux this day 1756944000 <= 1756944000
[2025-09-04T23:00:00.982] debug2: accounting_storage/as_mysql: _cluster_rollup_usage: No need to roll cluster linux this month 1756684800 <= 1756684800
[2025-09-04T23:00:00.984] debug2: accounting_storage/as_mysql: as_mysql_roll_usage: Got 1 of 1 rolled up
[2025-09-04T23:00:00.984] debug2: accounting_storage/as_mysql: as_mysql_roll_usage: Everything rolled up
[2025-09-04T23:04:55.910] debug2: DBD_CLUSTER_TRES: called in CONN 8 for linux(1=2,2=2000,3=0,4=2,5=2,6=0,7=0,8=0)
[2025-09-04T23:09:55.888] debug2: DBD_CLUSTER_TRES: called in CONN 8 for linux(1=2,2=2000,3=0,4=2,5=2,6=0,7=0,8=0)
[2025-09-04T23:14:55.882] debug2: DBD_CLUSTER_TRES: called in CONN 8 for linux(1=2,2=2000,3=0,4=2,5=2,6=0,7=0,8=0)
[2025-09-04T23:19:55.853] debug2: DBD_CLUSTER_TRES: called in CONN 8 for linux(1=2,2=2000,3=0,4=2,5=2,6=0,7=0,8=0)
[2025-09-04T23:24:55.809] debug2: DBD_CLUSTER_TRES: called in CONN 8 for linux(1=2,2=2000,3=0,4=2,5=2,6=0,7=0,8=0)
[2025-09-04T23:29:55.771] debug2: DBD_CLUSTER_TRES: called in CONN 8 for linux(1=2,2=2000,3=0,4=2,5=2,6=0,7=0,8=0)
[2025-09-04T23:34:55.755] debug2: DBD_CLUSTER_TRES: called in CONN 8 for linux(1=2,2=2000,3=0,4=2,5=2,6=0,7=0,8=0)
[2025-09-04T23:39:55.695] debug2: DBD_CLUSTER_TRES: called in CONN 8 for linux(1=2,2=2000,3=0,4=2,5=2,6=0,7=0,8=0)
[2025-09-04T23:44:55.694] debug2: DBD_CLUSTER_TRES: called in CONN 8 for linux(1=2,2=2000,3=0,4=2,5=2,6=0,7=0,8=0)
[2025-09-04T23:49:55.663] debug2: DBD_CLUSTER_TRES: called in CONN 8 for linux(1=2,2=2000,3=0,4=2,5=2,6=0,7=0,8=0)
[2025-09-04T23:54:55.652] debug2: DBD_CLUSTER_TRES: called in CONN 8 for linux(1=2,2=2000,3=0,4=2,5=2,6=0,7=0,8=0)
[2025-09-04T23:59:55.609] debug2: DBD_CLUSTER_TRES: called in CONN 8 for linux(1=2,2=2000,3=0,4=2,5=2,6=0,7=0,8=0)
[2025-09-05T00:00:00.815] debug2: running rollup at Fri Sep 05 00:00:00 2025
[2025-09-05T00:00:00.815] debug2: Attempting to connect to mysql:3306
[2025-09-05T00:00:00.821] debug2: accounting_storage/as_mysql: _cluster_rollup_usage: No need to roll cluster linux this month 1756684800 <= 1756684800
[2025-09-05T00:00:00.824] debug2: accounting_storage/as_mysql: as_mysql_roll_usage: Got 1 of 1 rolled up
[2025-09-05T00:00:00.824] debug2: accounting_storage/as_mysql: as_mysql_roll_usage: Everything rolled up
[2025-09-05T00:04:55.608] debug2: DBD_CLUSTER_TRES: called in CONN 8 for linux(1=2,2=2000,3=0,4=2,5=2,6=0,7=0,8=0)
[2025-09-05T00:09:55.593] debug2: DBD_CLUSTER_TRES: called in CONN 8 for linux(1=2,2=2000,3=0,4=2,5=2,6=0,7=0,8=0)
[2025-09-05T00:14:55.555] debug2: DBD_CLUSTER_TRES: called in CONN 8 for linux(1=2,2=2000,3=0,4=2,5=2,6=0,7=0,8=0)
[2025-09-05T00:19:55.459] debug2: DBD_CLUSTER_TRES: called in CONN 8 for linux(1=2,2=2000,3=0,4=2,5=2,6=0,7=0,8=0)
[2025-09-05T00:24:55.452] debug2: DBD_CLUSTER_TRES: called in CONN 8 for linux(1=2,2=2000,3=0,4=2,5=2,6=0,7=0,8=0)
[2025-09-05T00:29:55.398] debug2: DBD_CLUSTER_TRES: called in CONN 8 for linux(1=2,2=2000,3=0,4=2,5=2,6=0,7=0,8=0)
[2025-09-05T00:34:55.367] debug2: DBD_CLUSTER_TRES: called in CONN 8 for linux(1=2,2=2000,3=0,4=2,5=2,6=0,7=0,8=0)
[2025-09-05T00:39:55.319] debug2: DBD_CLUSTER_TRES: called in CONN 8 for linux(1=2,2=2000,3=0,4=2,5=2,6=0,7=0,8=0)
[2025-09-05T00:44:55.307] debug2: DBD_CLUSTER_TRES: called in CONN 8 for linux(1=2,2=2000,3=0,4=2,5=2,6=0,7=0,8=0)
[2025-09-05T00:49:55.215] debug2: DBD_CLUSTER_TRES: called in CONN 8 for linux(1=2,2=2000,3=0,4=2,5=2,6=0,7=0,8=0)
[2025-09-05T00:54:55.191] debug2: DBD_CLUSTER_TRES: called in CONN 8 for linux(1=2,2=2000,3=0,4=2,5=2,6=0,7=0,8=0)
[2025-09-05T00:59:55.157] debug2: DBD_CLUSTER_TRES: called in CONN 8 for linux(1=2,2=2000,3=0,4=2,5=2,6=0,7=0,8=0)
[2025-09-05T01:00:00.578] debug2: running rollup at Fri Sep 05 01:00:00 2025
[2025-09-05T01:00:00.579] debug2: Attempting to connect to mysql:3306
[2025-09-05T01:00:00.584] debug2: accounting_storage/as_mysql: _cluster_rollup_usage: No need to roll cluster linux this day 1757030400 <= 1757030400
[2025-09-05T01:00:00.584] debug2: accounting_storage/as_mysql: _cluster_rollup_usage: No need to roll cluster linux this month 1756684800 <= 1756684800
[2025-09-05T01:00:00.587] debug2: accounting_storage/as_mysql: as_mysql_roll_usage: Got 1 of 1 rolled up
[2025-09-05T01:00:00.587] debug2: accounting_storage/as_mysql: as_mysql_roll_usage: Everything rolled up
[2025-09-05T01:04:55.067] debug2: DBD_CLUSTER_TRES: called in CONN 8 for linux(1=2,2=2000,3=0,4=2,5=2,6=0,7=0,8=0)
[2025-09-05T01:09:56.128] debug2: DBD_CLUSTER_TRES: called in CONN 8 for linux(1=2,2=2000,3=0,4=2,5=2,6=0,7=0,8=0)
[2025-09-05T01:14:56.106] debug2: DBD_CLUSTER_TRES: called in CONN 8 for linux(1=2,2=2000,3=0,4=2,5=2,6=0,7=0,8=0)
[2025-09-05T01:19:56.062] debug2: DBD_CLUSTER_TRES: called in CONN 8 for linux(1=2,2=2000,3=0,4=2,5=2,6=0,7=0,8=0)
[2025-09-05T01:24:57.042] debug2: DBD_CLUSTER_TRES: called in CONN 8 for linux(1=2,2=2000,3=0,4=2,5=2,6=0,7=0,8=0)
[2025-09-05T01:29:57.025] debug2: DBD_CLUSTER_TRES: called in CONN 8 for linux(1=2,2=2000,3=0,4=2,5=2,6=0,7=0,8=0)
[2025-09-05T01:34:56.955] debug2: DBD_CLUSTER_TRES: called in CONN 8 for linux(1=2,2=2000,3=0,4=2,5=2,6=0,7=0,8=0)
[2025-09-05T01:39:56.960] debug2: DBD_CLUSTER_TRES: called in CONN 8 for linux(1=2,2=2000,3=0,4=2,5=2,6=0,7=0,8=0)
[2025-09-05T01:44:56.902] debug2: DBD_CLUSTER_TRES: called in CONN 8 for linux(1=2,2=2000,3=0,4=2,5=2,6=0,7=0,8=0)
[2025-09-05T01:49:56.876] debug2: DBD_CLUSTER_TRES: called in CONN 8 for linux(1=2,2=2000,3=0,4=2,5=2,6=0,7=0,8=0)
[2025-09-05T01:54:56.854] debug2: DBD_CLUSTER_TRES: called in CONN 8 for linux(1=2,2=2000,3=0,4=2,5=2,6=0,7=0,8=0)
[2025-09-05T01:59:56.809] debug2: DBD_CLUSTER_TRES: called in CONN 8 for linux(1=2,2=2000,3=0,4=2,5=2,6=0,7=0,8=0)
[2025-09-05T02:00:00.356] debug2: running rollup at Fri Sep 05 02:00:00 2025
[2025-09-05T02:00:00.357] debug2: Attempting to connect to mysql:3306
[2025-09-05T02:00:00.362] debug2: accounting_storage/as_mysql: _cluster_rollup_usage: No need to roll cluster linux this day 1757030400 <= 1757030400
[2025-09-05T02:00:00.362] debug2: accounting_storage/as_mysql: _cluster_rollup_usage: No need to roll cluster linux this month 1756684800 <= 1756684800
[2025-09-05T02:00:00.364] debug2: accounting_storage/as_mysql: as_mysql_roll_usage: Got 1 of 1 rolled up
[2025-09-05T02:00:00.364] debug2: accounting_storage/as_mysql: as_mysql_roll_usage: Everything rolled up
[2025-09-05T02:04:56.765] debug2: DBD_CLUSTER_TRES: called in CONN 8 for linux(1=2,2=2000,3=0,4=2,5=2,6=0,7=0,8=0)
[2025-09-05T02:09:56.684] debug2: DBD_CLUSTER_TRES: called in CONN 8 for linux(1=2,2=2000,3=0,4=2,5=2,6=0,7=0,8=0)
[2025-09-05T02:14:56.681] debug2: DBD_CLUSTER_TRES: called in CONN 8 for linux(1=2,2=2000,3=0,4=2,5=2,6=0,7=0,8=0)
[2025-09-05T02:19:56.274] debug2: DBD_CLUSTER_TRES: called in CONN 8 for linux(1=2,2=2000,3=0,4=2,5=2,6=0,7=0,8=0)
[2025-09-05T02:24:56.666] debug2: DBD_CLUSTER_TRES: called in CONN 8 for linux(1=2,2=2000,3=0,4=2,5=2,6=0,7=0,8=0)
[2025-09-05T02:29:56.063] debug2: DBD_CLUSTER_TRES: called in CONN 8 for linux(1=2,2=2000,3=0,4=2,5=2,6=0,7=0,8=0)
[2025-09-05T02:34:56.469] debug2: DBD_CLUSTER_TRES: called in CONN 8 for linux(1=2,2=2000,3=0,4=2,5=2,6=0,7=0,8=0)
[2025-09-05T02:39:56.885] debug2: DBD_CLUSTER_TRES: called in CONN 8 for linux(1=2,2=2000,3=0,4=2,5=2,6=0,7=0,8=0)
[2025-09-05T02:44:56.305] debug2: DBD_CLUSTER_TRES: called in CONN 8 for linux(1=2,2=2000,3=0,4=2,5=2,6=0,7=0,8=0)
[2025-09-05T02:49:56.710] debug2: DBD_CLUSTER_TRES: called in CONN 8 for linux(1=2,2=2000,3=0,4=2,5=2,6=0,7=0,8=0)
[2025-09-05T02:54:56.119] debug2: DBD_CLUSTER_TRES: called in CONN 8 for linux(1=2,2=2000,3=0,4=2,5=2,6=0,7=0,8=0)
[2025-09-05T02:59:56.565] debug2: DBD_CLUSTER_TRES: called in CONN 8 for linux(1=2,2=2000,3=0,4=2,5=2,6=0,7=0,8=0)
[2025-09-05T03:00:00.124] debug2: running rollup at Fri Sep 05 03:00:00 2025
[2025-09-05T03:00:00.124] debug2: Attempting to connect to mysql:3306
[2025-09-05T03:00:00.131] debug2: accounting_storage/as_mysql: _cluster_rollup_usage: No need to roll cluster linux this day 1757030400 <= 1757030400
[2025-09-05T03:00:00.131] debug2: accounting_storage/as_mysql: _cluster_rollup_usage: No need to roll cluster linux this month 1756684800 <= 1756684800
[2025-09-05T03:00:00.133] debug2: accounting_storage/as_mysql: as_mysql_roll_usage: Got 1 of 1 rolled up
[2025-09-05T03:00:00.133] debug2: accounting_storage/as_mysql: as_mysql_roll_usage: Everything rolled up
[2025-09-05T03:04:56.996] debug2: DBD_CLUSTER_TRES: called in CONN 8 for linux(1=2,2=2000,3=0,4=2,5=2,6=0,7=0,8=0)
[2025-09-05T03:09:56.403] debug2: DBD_CLUSTER_TRES: called in CONN 8 for linux(1=2,2=2000,3=0,4=2,5=2,6=0,7=0,8=0)
[2025-09-05T03:14:56.817] debug2: DBD_CLUSTER_TRES: called in CONN 8 for linux(1=2,2=2000,3=0,4=2,5=2,6=0,7=0,8=0)
[2025-09-05T03:19:56.126] debug2: DBD_CLUSTER_TRES: called in CONN 8 for linux(1=2,2=2000,3=0,4=2,5=2,6=0,7=0,8=0)
[2025-09-05T03:24:56.897] debug2: DBD_CLUSTER_TRES: called in CONN 8 for linux(1=2,2=2000,3=0,4=2,5=2,6=0,7=0,8=0)
[2025-09-05T03:29:56.568] debug2: DBD_CLUSTER_TRES: called in CONN 8 for linux(1=2,2=2000,3=0,4=2,5=2,6=0,7=0,8=0)
[2025-09-05T03:34:56.624] debug2: DBD_CLUSTER_TRES: called in CONN 8 for linux(1=2,2=2000,3=0,4=2,5=2,6=0,7=0,8=0)
[2025-09-05T03:39:56.197] debug2: DBD_CLUSTER_TRES: called in CONN 8 for linux(1=2,2=2000,3=0,4=2,5=2,6=0,7=0,8=0)
[2025-09-05T03:44:57.002] debug2: DBD_CLUSTER_TRES: called in CONN 8 for linux(1=2,2=2000,3=0,4=2,5=2,6=0,7=0,8=0)
[2025-09-05T03:49:56.700] debug2: DBD_CLUSTER_TRES: called in CONN 8 for linux(1=2,2=2000,3=0,4=2,5=2,6=0,7=0,8=0)
[2025-09-05T03:54:56.676] debug2: DBD_CLUSTER_TRES: called in CONN 8 for linux(1=2,2=2000,3=0,4=2,5=2,6=0,7=0,8=0)
[2025-09-05T03:56:49.413] debug2: running rollup at Fri Sep 05 04:00:00 2025
[2025-09-05T03:56:49.413] debug2: Attempting to connect to mysql:3306
[2025-09-05T03:56:49.415] debug2: accounting_storage/as_mysql: _cluster_rollup_usage: No need to roll cluster linux this hour 1757041200 <= 1757041200
[2025-09-05T03:56:49.415] debug2: accounting_storage/as_mysql: _cluster_rollup_usage: No need to roll cluster linux this day 1757030400 <= 1757030400
[2025-09-05T03:56:49.415] debug2: accounting_storage/as_mysql: _cluster_rollup_usage: No need to roll cluster linux this month 1756684800 <= 1756684800
[2025-09-05T03:56:49.415] debug2: accounting_storage/as_mysql: as_mysql_roll_usage: Got 1 of 1 rolled up
[2025-09-05T03:56:49.415] debug2: accounting_storage/as_mysql: as_mysql_roll_usage: Everything rolled up
[2025-09-05T03:59:44.253] debug2: running rollup at Fri Sep 05 04:00:00 2025
[2025-09-05T03:59:44.253] debug2: Attempting to connect to mysql:3306
[2025-09-05T03:59:44.255] debug2: accounting_storage/as_mysql: _cluster_rollup_usage: No need to roll cluster linux this hour 1757041200 <= 1757041200
[2025-09-05T03:59:44.255] debug2: accounting_storage/as_mysql: _cluster_rollup_usage: No need to roll cluster linux this day 1757030400 <= 1757030400
[2025-09-05T03:59:44.255] debug2: accounting_storage/as_mysql: _cluster_rollup_usage: No need to roll cluster linux this month 1756684800 <= 1756684800
[2025-09-05T03:59:44.256] debug2: accounting_storage/as_mysql: as_mysql_roll_usage: Got 1 of 1 rolled up
[2025-09-05T03:59:44.256] debug2: accounting_storage/as_mysql: as_mysql_roll_usage: Everything rolled up
[2025-09-05T03:59:56.871] debug2: DBD_CLUSTER_TRES: called in CONN 8 for linux(1=2,2=2000,3=0,4=2,5=2,6=0,7=0,8=0)
[2025-09-05T04:00:00.257] debug2: running rollup at Fri Sep 05 04:00:00 2025
[2025-09-05T04:00:00.257] debug2: Attempting to connect to mysql:3306
[2025-09-05T04:00:00.266] debug2: accounting_storage/as_mysql: _cluster_rollup_usage: No need to roll cluster linux this day 1757030400 <= 1757030400
[2025-09-05T04:00:00.266] debug2: accounting_storage/as_mysql: _cluster_rollup_usage: No need to roll cluster linux this month 1756684800 <= 1756684800
[2025-09-05T04:00:00.268] debug2: accounting_storage/as_mysql: as_mysql_roll_usage: Got 1 of 1 rolled up
[2025-09-05T04:00:00.268] debug2: accounting_storage/as_mysql: as_mysql_roll_usage: Everything rolled up
[2025-09-05T04:04:56.745] debug2: DBD_CLUSTER_TRES: called in CONN 8 for linux(1=2,2=2000,3=0,4=2,5=2,6=0,7=0,8=0)
[2025-09-05T04:09:56.448] debug2: DBD_CLUSTER_TRES: called in CONN 8 for linux(1=2,2=2000,3=0,4=2,5=2,6=0,7=0,8=0)
[2025-09-05T04:14:56.786] debug2: DBD_CLUSTER_TRES: called in CONN 8 for linux(1=2,2=2000,3=0,4=2,5=2,6=0,7=0,8=0)
[2025-09-05T04:19:56.723] debug2: DBD_CLUSTER_TRES: called in CONN 8 for linux(1=2,2=2000,3=0,4=2,5=2,6=0,7=0,8=0)
[2025-09-05T04:24:56.131] debug2: DBD_CLUSTER_TRES: called in CONN 8 for linux(1=2,2=2000,3=0,4=2,5=2,6=0,7=0,8=0)
[2025-09-05T04:28:21.150] debug:  cluster linux has disconnected
[2025-09-05T04:28:21.318] Terminate signal (SIGINT or SIGTERM) received
[2025-09-05T04:28:21.318] debug:  rpc_mgr shutting down
[2025-09-05T04:28:35.147] debug:  Log file re-opened
[2025-09-05T04:28:35.147] debug:  auth/munge: init: Munge authentication plugin loaded
[2025-09-05T04:28:35.149] debug2: accounting_storage/as_mysql: init: mysql_connect() called for db slurm_acct_db
[2025-09-05T04:28:35.150] debug2: Attempting to connect to mysql:3306
[2025-09-05T04:28:35.152] accounting_storage/as_mysql: _check_mysql_concat_is_sane: MySQL server version is: 9.4.0
[2025-09-05T04:28:35.158] debug2: accounting_storage/as_mysql: _check_database_variables: innodb_buffer_pool_size: 134217728
[2025-09-05T04:28:35.159] error: _get_database_variable: invalid results from query `show variables like 'innodb_log_file_size';`
[2025-09-05T04:28:35.375] accounting_storage/as_mysql: init: Accounting storage MYSQL plugin loaded
[2025-09-05T04:28:35.375] Not running as root. Can't drop supplementary groups
[2025-09-05T04:28:35.375] debug2: ArchiveDir        = /tmp
[2025-09-05T04:28:35.375] debug2: ArchiveScript     = (null)
[2025-09-05T04:28:35.375] debug2: AuthAltTypes      = (null)
[2025-09-05T04:28:35.375] debug2: AuthAltParameters = (null)
[2025-09-05T04:28:35.375] debug2: AuthInfo          = (null)
[2025-09-05T04:28:35.375] debug2: AuthType          = auth/munge
[2025-09-05T04:28:35.375] debug2: CommitDelay       = 0
[2025-09-05T04:28:35.375] debug2: CommunicationParameters	= (null)
[2025-09-05T04:28:35.375] debug2: DbdAddr           = slurmdbd
[2025-09-05T04:28:35.375] debug2: DbdBackupHost     = (null)
[2025-09-05T04:28:35.375] debug2: DbdHost           = slurmdbd
[2025-09-05T04:28:35.375] debug2: DbdPort           = 6819
[2025-09-05T04:28:35.375] debug2: DebugFlags        = (null)
[2025-09-05T04:28:35.375] debug2: DebugLevel        = 6
[2025-09-05T04:28:35.375] debug2: DebugLevelSyslog  = 10
[2025-09-05T04:28:35.375] debug2: DefaultQOS        = (null)
[2025-09-05T04:28:35.375] debug2: LogFile           = /var/log/slurm/slurmdbd.log
[2025-09-05T04:28:35.375] debug2: MessageTimeout    = 10
[2025-09-05T04:28:35.376] debug2: Parameters        = (null)
[2025-09-05T04:28:35.376] debug2: PidFile           = /var/run/slurmdbd/slurmdbd.pid
[2025-09-05T04:28:35.376] debug2: PluginDir         = /usr/lib64/slurm
[2025-09-05T04:28:35.376] debug2: PrivateData       = none
[2025-09-05T04:28:35.376] debug2: PurgeEventAfter   = NONE
[2025-09-05T04:28:35.376] debug2: PurgeJobAfter     = NONE
[2025-09-05T04:28:35.376] debug2: PurgeResvAfter    = NONE
[2025-09-05T04:28:35.376] debug2: PurgeStepAfter    = NONE
[2025-09-05T04:28:35.376] debug2: PurgeSuspendAfter = NONE
[2025-09-05T04:28:35.376] debug2: PurgeTXNAfter = NONE
[2025-09-05T04:28:35.376] debug2: PurgeUsageAfter = NONE
[2025-09-05T04:28:35.376] debug2: SlurmUser         = slurm(990)
[2025-09-05T04:28:35.376] debug2: StorageBackupHost = (null)
[2025-09-05T04:28:35.376] debug2: StorageHost       = mysql
[2025-09-05T04:28:35.376] debug2: StorageLoc        = slurm_acct_db
[2025-09-05T04:28:35.376] debug2: StorageParameters = (null)
[2025-09-05T04:28:35.376] debug2: StoragePort       = 3306
[2025-09-05T04:28:35.376] debug2: StorageType       = accounting_storage/mysql
[2025-09-05T04:28:35.376] debug2: StorageUser       = slurm
[2025-09-05T04:28:35.376] debug2: TCPTimeout        = 2
[2025-09-05T04:28:35.376] debug2: TrackWCKey        = 0
[2025-09-05T04:28:35.376] debug2: TrackSlurmctldDown= 0
[2025-09-05T04:28:35.376] debug2: accounting_storage/as_mysql: acct_storage_p_get_connection: acct_storage_p_get_connection: request new connection 1
[2025-09-05T04:28:35.376] debug2: Attempting to connect to mysql:3306
[2025-09-05T04:28:35.382] debug:  _post_user_list: couldn't get a uid for user: testuser1
[2025-09-05T04:28:35.382] slurmdbd version 21.08.6 started
[2025-09-05T04:28:35.382] debug2: running rollup at Fri Sep 05 04:28:35 2025
[2025-09-05T04:28:35.384] debug2: Attempting to connect to mysql:3306
[2025-09-05T04:28:35.387] debug2: accounting_storage/as_mysql: _cluster_rollup_usage: No need to roll cluster linux this hour 1757044800 <= 1757044800
[2025-09-05T04:28:35.387] debug2: accounting_storage/as_mysql: _cluster_rollup_usage: No need to roll cluster linux this day 1757030400 <= 1757030400
[2025-09-05T04:28:35.387] debug2: accounting_storage/as_mysql: _cluster_rollup_usage: No need to roll cluster linux this month 1756684800 <= 1756684800
[2025-09-05T04:28:35.387] debug2: accounting_storage/as_mysql: as_mysql_roll_usage: Got 1 of 1 rolled up
[2025-09-05T04:28:35.387] debug2: accounting_storage/as_mysql: as_mysql_roll_usage: Everything rolled up
[2025-09-05T04:28:37.946] debug:  REQUEST_PERSIST_INIT: CLUSTER:linux VERSION:9472 UID:990 IP:172.19.0.4 CONN:8
[2025-09-05T04:28:37.946] debug2: accounting_storage/as_mysql: acct_storage_p_get_connection: acct_storage_p_get_connection: request new connection 1
[2025-09-05T04:28:37.946] debug2: Attempting to connect to mysql:3306
[2025-09-05T04:28:37.989] debug2: DBD_REGISTER_CTLD: called in CONN 8 for linux(6817)
[2025-09-05T04:28:37.989] debug2: slurmctld at ip:172.19.0.4, port:6817
[2025-09-05T04:28:38.083] debug2: DBD_GET_TRES: called in CONN 8
[2025-09-05T04:28:38.176] debug2: DBD_GET_QOS: called in CONN 8
[2025-09-05T04:28:38.268] debug2: DBD_GET_USERS: called in CONN 8
[2025-09-05T04:28:38.359] debug2: DBD_GET_ASSOCS: called in CONN 8
[2025-09-05T04:28:38.455] debug2: DBD_GET_RES: called in CONN 8
[2025-09-05T04:28:38.553] debug2: DBD_CLUSTER_TRES: called in CONN 8 for linux(1=2,2=2000,3=0,4=2,5=2,6=0,7=0,8=0)
[2025-09-05T04:28:38.642] debug2: DBD_GET_FEDERATIONS: called in CONN 8
[2025-09-05T04:33:38.476] debug2: DBD_CLUSTER_TRES: called in CONN 8 for linux(1=2,2=2000,3=0,4=2,5=2,6=0,7=0,8=0)
[2025-09-05T04:37:04.891] debug:  REQUEST_PERSIST_INIT: CLUSTER:linux VERSION:9472 UID:0 IP:172.19.0.5 CONN:7
[2025-09-05T04:37:04.891] debug2: accounting_storage/as_mysql: acct_storage_p_get_connection: acct_storage_p_get_connection: request new connection 1
[2025-09-05T04:37:04.891] debug2: Attempting to connect to mysql:3306
[2025-09-05T04:37:04.937] debug2: DBD_FINI: CLOSE:0 COMMIT:0
[2025-09-05T04:37:05.027] debug2: DBD_GET_ASSOCS: called in CONN 7
[2025-09-05T04:37:05.120] debug2: DBD_GET_QOS: called in CONN 7
[2025-09-05T04:37:05.165] debug2: DBD_FINI: CLOSE:1 COMMIT:0
[2025-09-05T04:38:38.919] debug2: DBD_CLUSTER_TRES: called in CONN 8 for linux(1=2,2=2000,3=0,4=2,5=2,6=0,7=0,8=0)
[2025-09-05T04:43:38.737] debug2: DBD_CLUSTER_TRES: called in CONN 8 for linux(1=2,2=2000,3=0,4=2,5=2,6=0,7=0,8=0)
[2025-09-05T04:48:38.763] debug2: DBD_CLUSTER_TRES: called in CONN 8 for linux(1=2,2=2000,3=0,4=2,5=2,6=0,7=0,8=0)
[2025-09-05T04:48:59.134] debug2: DBD_STEP_START: StepId=1.batch NAME:batch SUBMIT:1757047738
[2025-09-05T04:48:59.136] debug2: accounting_storage/as_mysql: as_mysql_job_start: as_mysql_job_start: called
[2025-09-05T04:48:59.186] debug2: DBD_STEP_COMPLETE: StepId=1.batch SUBMIT:1757047738
[2025-09-05T04:48:59.190] debug2: DBD_JOB_COMPLETE: ID:1
[2025-09-05T04:48:59.190] debug2: accounting_storage/as_mysql: as_mysql_job_complete: as_mysql_job_complete() called
[2025-09-05T04:49:05.722] debug2: DBD_JOB_START: START CALL ID:1 NAME:wrap INX:0
[2025-09-05T04:49:05.722] debug2: accounting_storage/as_mysql: as_mysql_job_start: as_mysql_job_start: called
[2025-09-05T04:51:49.614] debug:  REQUEST_PERSIST_INIT: CLUSTER:linux VERSION:9472 UID:0 IP:172.19.0.4 CONN:10
[2025-09-05T04:51:49.614] debug2: accounting_storage/as_mysql: acct_storage_p_get_connection: acct_storage_p_get_connection: request new connection 1
[2025-09-05T04:51:49.614] debug2: Attempting to connect to mysql:3306
[2025-09-05T04:51:49.658] debug2: DBD_GET_JOBS_COND: called in CONN 10
[2025-09-05T04:51:49.708] debug2: DBD_FINI: CLOSE:1 COMMIT:0
[2025-09-05T04:53:38.256] debug2: DBD_CLUSTER_TRES: called in CONN 8 for linux(1=2,2=2000,3=0,4=2,5=2,6=0,7=0,8=0)
[2025-09-05T04:57:34.892] debug2: running rollup at Fri Sep 05 05:00:00 2025
[2025-09-05T04:57:34.892] debug2: Attempting to connect to mysql:3306
[2025-09-05T04:57:34.894] debug2: accounting_storage/as_mysql: _cluster_rollup_usage: No need to roll cluster linux this hour 1757044800 <= 1757044800
[2025-09-05T04:57:34.894] debug2: accounting_storage/as_mysql: _cluster_rollup_usage: No need to roll cluster linux this day 1757030400 <= 1757030400
[2025-09-05T04:57:34.894] debug2: accounting_storage/as_mysql: _cluster_rollup_usage: No need to roll cluster linux this month 1756684800 <= 1756684800
[2025-09-05T04:57:34.895] debug2: accounting_storage/as_mysql: as_mysql_roll_usage: Got 1 of 1 rolled up
[2025-09-05T04:57:34.895] debug2: accounting_storage/as_mysql: as_mysql_roll_usage: Everything rolled up
[2025-09-05T04:58:38.702] debug2: DBD_CLUSTER_TRES: called in CONN 8 for linux(1=2,2=2000,3=0,4=2,5=2,6=0,7=0,8=0)
[2025-09-05T04:59:49.345] debug2: running rollup at Fri Sep 05 05:00:00 2025
[2025-09-05T04:59:49.346] debug2: Attempting to connect to mysql:3306
[2025-09-05T04:59:49.347] debug2: accounting_storage/as_mysql: _cluster_rollup_usage: No need to roll cluster linux this hour 1757044800 <= 1757044800
[2025-09-05T04:59:49.347] debug2: accounting_storage/as_mysql: _cluster_rollup_usage: No need to roll cluster linux this day 1757030400 <= 1757030400
[2025-09-05T04:59:49.347] debug2: accounting_storage/as_mysql: _cluster_rollup_usage: No need to roll cluster linux this month 1756684800 <= 1756684800
[2025-09-05T04:59:49.348] debug2: accounting_storage/as_mysql: as_mysql_roll_usage: Got 1 of 1 rolled up
[2025-09-05T04:59:49.348] debug2: accounting_storage/as_mysql: as_mysql_roll_usage: Everything rolled up
[2025-09-05T05:00:00.351] debug2: running rollup at Fri Sep 05 05:00:00 2025
[2025-09-05T05:00:00.351] debug2: Attempting to connect to mysql:3306
[2025-09-05T05:00:00.358] debug2: accounting_storage/as_mysql: _cluster_rollup_usage: No need to roll cluster linux this day 1757030400 <= 1757030400
[2025-09-05T05:00:00.358] debug2: accounting_storage/as_mysql: _cluster_rollup_usage: No need to roll cluster linux this month 1756684800 <= 1756684800
[2025-09-05T05:00:00.360] debug2: accounting_storage/as_mysql: as_mysql_roll_usage: Got 1 of 1 rolled up
[2025-09-05T05:00:00.360] debug2: accounting_storage/as_mysql: as_mysql_roll_usage: Everything rolled up
[2025-09-05T05:03:38.124] debug2: DBD_CLUSTER_TRES: called in CONN 8 for linux(1=2,2=2000,3=0,4=2,5=2,6=0,7=0,8=0)
[2025-09-05T05:08:38.599] debug2: DBD_CLUSTER_TRES: called in CONN 8 for linux(1=2,2=2000,3=0,4=2,5=2,6=0,7=0,8=0)
[2025-09-05T05:13:39.064] debug2: DBD_CLUSTER_TRES: called in CONN 8 for linux(1=2,2=2000,3=0,4=2,5=2,6=0,7=0,8=0)
[2025-09-05T05:18:39.209] debug2: DBD_CLUSTER_TRES: called in CONN 8 for linux(1=2,2=2000,3=0,4=2,5=2,6=0,7=0,8=0)
[2025-09-05T05:23:39.543] debug2: DBD_CLUSTER_TRES: called in CONN 8 for linux(1=2,2=2000,3=0,4=2,5=2,6=0,7=0,8=0)
[2025-09-05T05:28:39.490] debug2: DBD_CLUSTER_TRES: called in CONN 8 for linux(1=2,2=2000,3=0,4=2,5=2,6=0,7=0,8=0)
[2025-09-05T05:33:39.786] debug2: DBD_CLUSTER_TRES: called in CONN 8 for linux(1=2,2=2000,3=0,4=2,5=2,6=0,7=0,8=0)
[2025-09-05T05:38:39.081] debug2: DBD_CLUSTER_TRES: called in CONN 8 for linux(1=2,2=2000,3=0,4=2,5=2,6=0,7=0,8=0)
[2025-09-05T05:43:39.068] debug2: DBD_CLUSTER_TRES: called in CONN 8 for linux(1=2,2=2000,3=0,4=2,5=2,6=0,7=0,8=0)
[2025-09-05T05:48:40.005] debug2: DBD_CLUSTER_TRES: called in CONN 8 for linux(1=2,2=2000,3=0,4=2,5=2,6=0,7=0,8=0)
[2025-09-05T05:53:39.281] debug2: DBD_CLUSTER_TRES: called in CONN 8 for linux(1=2,2=2000,3=0,4=2,5=2,6=0,7=0,8=0)
[2025-09-05T05:55:23.205] debug2: running rollup at Fri Sep 05 06:00:00 2025
[2025-09-05T05:55:23.205] debug2: Attempting to connect to mysql:3306
[2025-09-05T05:55:23.207] debug2: accounting_storage/as_mysql: _cluster_rollup_usage: No need to roll cluster linux this hour 1757048400 <= 1757048400
[2025-09-05T05:55:23.207] debug2: accounting_storage/as_mysql: _cluster_rollup_usage: No need to roll cluster linux this day 1757030400 <= 1757030400
[2025-09-05T05:55:23.207] debug2: accounting_storage/as_mysql: _cluster_rollup_usage: No need to roll cluster linux this month 1756684800 <= 1756684800
[2025-09-05T05:55:23.207] debug2: accounting_storage/as_mysql: as_mysql_roll_usage: Got 1 of 1 rolled up
[2025-09-05T05:55:23.207] debug2: accounting_storage/as_mysql: as_mysql_roll_usage: Everything rolled up
[2025-09-05T05:58:39.305] debug2: DBD_CLUSTER_TRES: called in CONN 8 for linux(1=2,2=2000,3=0,4=2,5=2,6=0,7=0,8=0)
[2025-09-05T05:59:37.111] debug2: running rollup at Fri Sep 05 06:00:00 2025
[2025-09-05T05:59:37.111] debug2: Attempting to connect to mysql:3306
[2025-09-05T05:59:37.113] debug2: accounting_storage/as_mysql: _cluster_rollup_usage: No need to roll cluster linux this hour 1757048400 <= 1757048400
[2025-09-05T05:59:37.113] debug2: accounting_storage/as_mysql: _cluster_rollup_usage: No need to roll cluster linux this day 1757030400 <= 1757030400
[2025-09-05T05:59:37.113] debug2: accounting_storage/as_mysql: _cluster_rollup_usage: No need to roll cluster linux this month 1756684800 <= 1756684800
[2025-09-05T05:59:37.113] debug2: accounting_storage/as_mysql: as_mysql_roll_usage: Got 1 of 1 rolled up
[2025-09-05T05:59:37.113] debug2: accounting_storage/as_mysql: as_mysql_roll_usage: Everything rolled up
[2025-09-05T06:00:00.115] debug2: running rollup at Fri Sep 05 06:00:00 2025
[2025-09-05T06:00:00.116] debug2: Attempting to connect to mysql:3306
[2025-09-05T06:00:00.122] debug2: accounting_storage/as_mysql: _cluster_rollup_usage: No need to roll cluster linux this day 1757030400 <= 1757030400
[2025-09-05T06:00:00.122] debug2: accounting_storage/as_mysql: _cluster_rollup_usage: No need to roll cluster linux this month 1756684800 <= 1756684800
[2025-09-05T06:00:00.124] debug2: accounting_storage/as_mysql: as_mysql_roll_usage: Got 1 of 1 rolled up
[2025-09-05T06:00:00.124] debug2: accounting_storage/as_mysql: as_mysql_roll_usage: Everything rolled up
[2025-09-05T06:03:39.472] debug2: DBD_CLUSTER_TRES: called in CONN 8 for linux(1=2,2=2000,3=0,4=2,5=2,6=0,7=0,8=0)
[2025-09-05T06:08:40.020] debug2: DBD_CLUSTER_TRES: called in CONN 8 for linux(1=2,2=2000,3=0,4=2,5=2,6=0,7=0,8=0)
[2025-09-05T06:13:40.055] debug2: DBD_CLUSTER_TRES: called in CONN 8 for linux(1=2,2=2000,3=0,4=2,5=2,6=0,7=0,8=0)
[2025-09-05T06:18:40.627] debug2: DBD_CLUSTER_TRES: called in CONN 8 for linux(1=2,2=2000,3=0,4=2,5=2,6=0,7=0,8=0)
[2025-09-05T06:23:40.376] debug2: DBD_CLUSTER_TRES: called in CONN 8 for linux(1=2,2=2000,3=0,4=2,5=2,6=0,7=0,8=0)
[2025-09-05T06:28:40.503] debug2: DBD_CLUSTER_TRES: called in CONN 8 for linux(1=2,2=2000,3=0,4=2,5=2,6=0,7=0,8=0)
[2025-09-05T06:33:40.487] debug2: DBD_CLUSTER_TRES: called in CONN 8 for linux(1=2,2=2000,3=0,4=2,5=2,6=0,7=0,8=0)
[2025-09-05T06:38:40.116] debug2: DBD_CLUSTER_TRES: called in CONN 8 for linux(1=2,2=2000,3=0,4=2,5=2,6=0,7=0,8=0)
[2025-09-05T06:43:40.618] debug2: DBD_CLUSTER_TRES: called in CONN 8 for linux(1=2,2=2000,3=0,4=2,5=2,6=0,7=0,8=0)
[2025-09-05T06:48:40.128] debug2: DBD_CLUSTER_TRES: called in CONN 8 for linux(1=2,2=2000,3=0,4=2,5=2,6=0,7=0,8=0)
[2025-09-05T06:53:40.750] debug2: DBD_CLUSTER_TRES: called in CONN 8 for linux(1=2,2=2000,3=0,4=2,5=2,6=0,7=0,8=0)
[2025-09-05T06:55:22.971] debug2: running rollup at Fri Sep 05 07:00:00 2025
[2025-09-05T06:55:22.972] debug2: Attempting to connect to mysql:3306
[2025-09-05T06:55:22.974] debug2: accounting_storage/as_mysql: _cluster_rollup_usage: No need to roll cluster linux this hour 1757052000 <= 1757052000
[2025-09-05T06:55:22.974] debug2: accounting_storage/as_mysql: _cluster_rollup_usage: No need to roll cluster linux this day 1757030400 <= 1757030400
[2025-09-05T06:55:22.974] debug2: accounting_storage/as_mysql: _cluster_rollup_usage: No need to roll cluster linux this month 1756684800 <= 1756684800
[2025-09-05T06:55:22.974] debug2: accounting_storage/as_mysql: as_mysql_roll_usage: Got 1 of 1 rolled up
[2025-09-05T06:55:22.974] debug2: accounting_storage/as_mysql: as_mysql_roll_usage: Everything rolled up
[2025-09-05T06:58:40.949] debug2: DBD_CLUSTER_TRES: called in CONN 8 for linux(1=2,2=2000,3=0,4=2,5=2,6=0,7=0,8=0)
[2025-09-05T06:59:37.879] debug2: running rollup at Fri Sep 05 07:00:00 2025
[2025-09-05T06:59:37.880] debug2: Attempting to connect to mysql:3306
[2025-09-05T06:59:37.882] debug2: accounting_storage/as_mysql: _cluster_rollup_usage: No need to roll cluster linux this hour 1757052000 <= 1757052000
[2025-09-05T06:59:37.882] debug2: accounting_storage/as_mysql: _cluster_rollup_usage: No need to roll cluster linux this day 1757030400 <= 1757030400
[2025-09-05T06:59:37.882] debug2: accounting_storage/as_mysql: _cluster_rollup_usage: No need to roll cluster linux this month 1756684800 <= 1756684800
[2025-09-05T06:59:37.882] debug2: accounting_storage/as_mysql: as_mysql_roll_usage: Got 1 of 1 rolled up
[2025-09-05T06:59:37.882] debug2: accounting_storage/as_mysql: as_mysql_roll_usage: Everything rolled up
[2025-09-05T07:00:00.884] debug2: running rollup at Fri Sep 05 07:00:00 2025
[2025-09-05T07:00:00.884] debug2: Attempting to connect to mysql:3306
[2025-09-05T07:00:00.897] debug2: accounting_storage/as_mysql: _cluster_rollup_usage: No need to roll cluster linux this day 1757030400 <= 1757030400
[2025-09-05T07:00:00.897] debug2: accounting_storage/as_mysql: _cluster_rollup_usage: No need to roll cluster linux this month 1756684800 <= 1756684800
[2025-09-05T07:00:00.904] debug2: accounting_storage/as_mysql: as_mysql_roll_usage: Got 1 of 1 rolled up
[2025-09-05T07:00:00.904] debug2: accounting_storage/as_mysql: as_mysql_roll_usage: Everything rolled up
[2025-09-05T07:03:40.995] debug2: DBD_CLUSTER_TRES: called in CONN 8 for linux(1=2,2=2000,3=0,4=2,5=2,6=0,7=0,8=0)
[2025-09-05T07:08:40.179] debug2: DBD_CLUSTER_TRES: called in CONN 8 for linux(1=2,2=2000,3=0,4=2,5=2,6=0,7=0,8=0)
[2025-09-05T07:13:40.480] debug2: DBD_CLUSTER_TRES: called in CONN 8 for linux(1=2,2=2000,3=0,4=2,5=2,6=0,7=0,8=0)
[2025-09-05T07:18:40.612] debug2: DBD_CLUSTER_TRES: called in CONN 8 for linux(1=2,2=2000,3=0,4=2,5=2,6=0,7=0,8=0)
[2025-09-05T07:23:41.100] debug2: DBD_CLUSTER_TRES: called in CONN 8 for linux(1=2,2=2000,3=0,4=2,5=2,6=0,7=0,8=0)
[2025-09-05T07:28:41.388] debug2: DBD_CLUSTER_TRES: called in CONN 8 for linux(1=2,2=2000,3=0,4=2,5=2,6=0,7=0,8=0)
[2025-09-05T07:33:41.699] debug2: DBD_CLUSTER_TRES: called in CONN 8 for linux(1=2,2=2000,3=0,4=2,5=2,6=0,7=0,8=0)
[2025-09-05T07:38:41.304] debug2: DBD_CLUSTER_TRES: called in CONN 8 for linux(1=2,2=2000,3=0,4=2,5=2,6=0,7=0,8=0)
[2025-09-05T07:43:41.076] debug2: DBD_CLUSTER_TRES: called in CONN 8 for linux(1=2,2=2000,3=0,4=2,5=2,6=0,7=0,8=0)
[2025-09-05T07:48:41.990] debug2: DBD_CLUSTER_TRES: called in CONN 8 for linux(1=2,2=2000,3=0,4=2,5=2,6=0,7=0,8=0)
[2025-09-05T07:53:41.617] debug2: DBD_CLUSTER_TRES: called in CONN 8 for linux(1=2,2=2000,3=0,4=2,5=2,6=0,7=0,8=0)
[2025-09-05T07:55:23.757] debug2: running rollup at Fri Sep 05 08:00:00 2025
[2025-09-05T07:55:23.757] debug2: Attempting to connect to mysql:3306
[2025-09-05T07:55:23.759] debug2: accounting_storage/as_mysql: _cluster_rollup_usage: No need to roll cluster linux this hour 1757055600 <= 1757055600
[2025-09-05T07:55:23.759] debug2: accounting_storage/as_mysql: _cluster_rollup_usage: No need to roll cluster linux this day 1757030400 <= 1757030400
[2025-09-05T07:55:23.759] debug2: accounting_storage/as_mysql: _cluster_rollup_usage: No need to roll cluster linux this month 1756684800 <= 1756684800
[2025-09-05T07:55:23.760] debug2: accounting_storage/as_mysql: as_mysql_roll_usage: Got 1 of 1 rolled up
[2025-09-05T07:55:23.760] debug2: accounting_storage/as_mysql: as_mysql_roll_usage: Everything rolled up
[2025-09-05T07:58:41.428] debug2: DBD_CLUSTER_TRES: called in CONN 8 for linux(1=2,2=2000,3=0,4=2,5=2,6=0,7=0,8=0)
[2025-09-05T07:59:37.672] debug2: running rollup at Fri Sep 05 08:00:00 2025
[2025-09-05T07:59:37.672] debug2: Attempting to connect to mysql:3306
[2025-09-05T07:59:37.674] debug2: accounting_storage/as_mysql: _cluster_rollup_usage: No need to roll cluster linux this hour 1757055600 <= 1757055600
[2025-09-05T07:59:37.674] debug2: accounting_storage/as_mysql: _cluster_rollup_usage: No need to roll cluster linux this day 1757030400 <= 1757030400
[2025-09-05T07:59:37.674] debug2: accounting_storage/as_mysql: _cluster_rollup_usage: No need to roll cluster linux this month 1756684800 <= 1756684800
[2025-09-05T07:59:37.674] debug2: accounting_storage/as_mysql: as_mysql_roll_usage: Got 1 of 1 rolled up
[2025-09-05T07:59:37.674] debug2: accounting_storage/as_mysql: as_mysql_roll_usage: Everything rolled up
[2025-09-05T08:00:00.676] debug2: running rollup at Fri Sep 05 08:00:00 2025
[2025-09-05T08:00:00.676] debug2: Attempting to connect to mysql:3306
[2025-09-05T08:00:00.682] debug2: accounting_storage/as_mysql: _cluster_rollup_usage: No need to roll cluster linux this day 1757030400 <= 1757030400
[2025-09-05T08:00:00.682] debug2: accounting_storage/as_mysql: _cluster_rollup_usage: No need to roll cluster linux this month 1756684800 <= 1756684800
[2025-09-05T08:00:00.686] debug2: accounting_storage/as_mysql: as_mysql_roll_usage: Got 1 of 1 rolled up
[2025-09-05T08:00:00.686] debug2: accounting_storage/as_mysql: as_mysql_roll_usage: Everything rolled up
[2025-09-05T08:03:41.157] debug2: DBD_CLUSTER_TRES: called in CONN 8 for linux(1=2,2=2000,3=0,4=2,5=2,6=0,7=0,8=0)
[2025-09-05T08:08:41.319] debug2: DBD_CLUSTER_TRES: called in CONN 8 for linux(1=2,2=2000,3=0,4=2,5=2,6=0,7=0,8=0)
[2025-09-05T08:13:41.695] debug2: DBD_CLUSTER_TRES: called in CONN 8 for linux(1=2,2=2000,3=0,4=2,5=2,6=0,7=0,8=0)
[2025-09-05T08:18:41.359] debug2: DBD_CLUSTER_TRES: called in CONN 8 for linux(1=2,2=2000,3=0,4=2,5=2,6=0,7=0,8=0)
[2025-09-05T08:23:41.743] debug2: DBD_CLUSTER_TRES: called in CONN 8 for linux(1=2,2=2000,3=0,4=2,5=2,6=0,7=0,8=0)
[2025-09-05T08:28:41.536] debug2: DBD_CLUSTER_TRES: called in CONN 8 for linux(1=2,2=2000,3=0,4=2,5=2,6=0,7=0,8=0)
[2025-09-05T08:33:41.943] debug2: DBD_CLUSTER_TRES: called in CONN 8 for linux(1=2,2=2000,3=0,4=2,5=2,6=0,7=0,8=0)
[2025-09-05T08:38:41.117] debug2: DBD_CLUSTER_TRES: called in CONN 8 for linux(1=2,2=2000,3=0,4=2,5=2,6=0,7=0,8=0)
[2025-09-05T08:43:41.076] debug2: DBD_CLUSTER_TRES: called in CONN 8 for linux(1=2,2=2000,3=0,4=2,5=2,6=0,7=0,8=0)
[2025-09-05T08:48:41.169] debug2: DBD_CLUSTER_TRES: called in CONN 8 for linux(1=2,2=2000,3=0,4=2,5=2,6=0,7=0,8=0)
[2025-09-05T08:53:41.631] debug2: DBD_CLUSTER_TRES: called in CONN 8 for linux(1=2,2=2000,3=0,4=2,5=2,6=0,7=0,8=0)
[2025-09-05T08:55:23.544] debug2: running rollup at Fri Sep 05 09:00:00 2025
[2025-09-05T08:55:23.544] debug2: Attempting to connect to mysql:3306
[2025-09-05T08:55:23.546] debug2: accounting_storage/as_mysql: _cluster_rollup_usage: No need to roll cluster linux this hour 1757059200 <= 1757059200
[2025-09-05T08:55:23.546] debug2: accounting_storage/as_mysql: _cluster_rollup_usage: No need to roll cluster linux this day 1757030400 <= 1757030400
[2025-09-05T08:55:23.546] debug2: accounting_storage/as_mysql: _cluster_rollup_usage: No need to roll cluster linux this month 1756684800 <= 1756684800
[2025-09-05T08:55:23.547] debug2: accounting_storage/as_mysql: as_mysql_roll_usage: Got 1 of 1 rolled up
[2025-09-05T08:55:23.547] debug2: accounting_storage/as_mysql: as_mysql_roll_usage: Everything rolled up
[2025-09-05T08:58:41.779] debug2: DBD_CLUSTER_TRES: called in CONN 8 for linux(1=2,2=2000,3=0,4=2,5=2,6=0,7=0,8=0)
[2025-09-05T08:59:37.453] debug2: running rollup at Fri Sep 05 09:00:00 2025
[2025-09-05T08:59:37.453] debug2: Attempting to connect to mysql:3306
[2025-09-05T08:59:37.455] debug2: accounting_storage/as_mysql: _cluster_rollup_usage: No need to roll cluster linux this hour 1757059200 <= 1757059200
[2025-09-05T08:59:37.455] debug2: accounting_storage/as_mysql: _cluster_rollup_usage: No need to roll cluster linux this day 1757030400 <= 1757030400
[2025-09-05T08:59:37.455] debug2: accounting_storage/as_mysql: _cluster_rollup_usage: No need to roll cluster linux this month 1756684800 <= 1756684800
[2025-09-05T08:59:37.455] debug2: accounting_storage/as_mysql: as_mysql_roll_usage: Got 1 of 1 rolled up
[2025-09-05T08:59:37.456] debug2: accounting_storage/as_mysql: as_mysql_roll_usage: Everything rolled up
[2025-09-05T09:00:00.456] debug2: running rollup at Fri Sep 05 09:00:00 2025
[2025-09-05T09:00:00.457] debug2: Attempting to connect to mysql:3306
[2025-09-05T09:00:00.464] debug2: accounting_storage/as_mysql: _cluster_rollup_usage: No need to roll cluster linux this day 1757030400 <= 1757030400
[2025-09-05T09:00:00.464] debug2: accounting_storage/as_mysql: _cluster_rollup_usage: No need to roll cluster linux this month 1756684800 <= 1756684800
[2025-09-05T09:00:00.467] debug2: accounting_storage/as_mysql: as_mysql_roll_usage: Got 1 of 1 rolled up
[2025-09-05T09:00:00.467] debug2: accounting_storage/as_mysql: as_mysql_roll_usage: Everything rolled up
[2025-09-05T09:03:41.418] debug2: DBD_CLUSTER_TRES: called in CONN 8 for linux(1=2,2=2000,3=0,4=2,5=2,6=0,7=0,8=0)
[2025-09-05T09:08:41.371] debug2: DBD_CLUSTER_TRES: called in CONN 8 for linux(1=2,2=2000,3=0,4=2,5=2,6=0,7=0,8=0)
[2025-09-05T09:13:41.124] debug2: DBD_CLUSTER_TRES: called in CONN 8 for linux(1=2,2=2000,3=0,4=2,5=2,6=0,7=0,8=0)
[2025-09-05T09:18:41.911] debug2: DBD_CLUSTER_TRES: called in CONN 8 for linux(1=2,2=2000,3=0,4=2,5=2,6=0,7=0,8=0)
[2025-09-05T09:23:41.507] debug2: DBD_CLUSTER_TRES: called in CONN 8 for linux(1=2,2=2000,3=0,4=2,5=2,6=0,7=0,8=0)
[2025-09-05T09:28:41.824] debug2: DBD_CLUSTER_TRES: called in CONN 8 for linux(1=2,2=2000,3=0,4=2,5=2,6=0,7=0,8=0)
[2025-09-05T09:33:41.844] debug2: DBD_CLUSTER_TRES: called in CONN 8 for linux(1=2,2=2000,3=0,4=2,5=2,6=0,7=0,8=0)
[2025-09-05T09:38:41.717] debug2: DBD_CLUSTER_TRES: called in CONN 8 for linux(1=2,2=2000,3=0,4=2,5=2,6=0,7=0,8=0)
[2025-09-05T09:43:41.386] debug2: DBD_CLUSTER_TRES: called in CONN 8 for linux(1=2,2=2000,3=0,4=2,5=2,6=0,7=0,8=0)
[2025-09-05T09:48:41.220] debug2: DBD_CLUSTER_TRES: called in CONN 8 for linux(1=2,2=2000,3=0,4=2,5=2,6=0,7=0,8=0)
[2025-09-05T09:53:41.757] debug2: DBD_CLUSTER_TRES: called in CONN 8 for linux(1=2,2=2000,3=0,4=2,5=2,6=0,7=0,8=0)
[2025-09-05T09:55:23.337] debug2: running rollup at Fri Sep 05 10:00:00 2025
[2025-09-05T09:55:23.338] debug2: Attempting to connect to mysql:3306
[2025-09-05T09:55:23.340] debug2: accounting_storage/as_mysql: _cluster_rollup_usage: No need to roll cluster linux this hour 1757062800 <= 1757062800
[2025-09-05T09:55:23.340] debug2: accounting_storage/as_mysql: _cluster_rollup_usage: No need to roll cluster linux this day 1757030400 <= 1757030400
[2025-09-05T09:55:23.340] debug2: accounting_storage/as_mysql: _cluster_rollup_usage: No need to roll cluster linux this month 1756684800 <= 1756684800
[2025-09-05T09:55:23.340] debug2: accounting_storage/as_mysql: as_mysql_roll_usage: Got 1 of 1 rolled up
[2025-09-05T09:55:23.340] debug2: accounting_storage/as_mysql: as_mysql_roll_usage: Everything rolled up
[2025-09-05T09:58:42.089] debug2: DBD_CLUSTER_TRES: called in CONN 8 for linux(1=2,2=2000,3=0,4=2,5=2,6=0,7=0,8=0)
[2025-09-05T09:59:39.557] debug2: running rollup at Fri Sep 05 10:00:00 2025
[2025-09-05T09:59:39.558] debug2: Attempting to connect to mysql:3306
[2025-09-05T09:59:39.560] debug2: accounting_storage/as_mysql: _cluster_rollup_usage: No need to roll cluster linux this hour 1757062800 <= 1757062800
[2025-09-05T09:59:39.560] debug2: accounting_storage/as_mysql: _cluster_rollup_usage: No need to roll cluster linux this day 1757030400 <= 1757030400
[2025-09-05T09:59:39.560] debug2: accounting_storage/as_mysql: _cluster_rollup_usage: No need to roll cluster linux this month 1756684800 <= 1756684800
[2025-09-05T09:59:39.560] debug2: accounting_storage/as_mysql: as_mysql_roll_usage: Got 1 of 1 rolled up
[2025-09-05T09:59:39.560] debug2: accounting_storage/as_mysql: as_mysql_roll_usage: Everything rolled up
[2025-09-05T09:59:58.254] debug2: running rollup at Fri Sep 05 10:00:00 2025
[2025-09-05T09:59:58.255] debug2: Attempting to connect to mysql:3306
[2025-09-05T09:59:58.257] debug2: accounting_storage/as_mysql: _cluster_rollup_usage: No need to roll cluster linux this hour 1757062800 <= 1757062800
[2025-09-05T09:59:58.257] debug2: accounting_storage/as_mysql: _cluster_rollup_usage: No need to roll cluster linux this day 1757030400 <= 1757030400
[2025-09-05T09:59:58.257] debug2: accounting_storage/as_mysql: _cluster_rollup_usage: No need to roll cluster linux this month 1756684800 <= 1756684800
[2025-09-05T09:59:58.257] debug2: accounting_storage/as_mysql: as_mysql_roll_usage: Got 1 of 1 rolled up
[2025-09-05T09:59:58.257] debug2: accounting_storage/as_mysql: as_mysql_roll_usage: Everything rolled up
[2025-09-05T10:00:00.258] debug2: running rollup at Fri Sep 05 10:00:00 2025
[2025-09-05T10:00:00.259] debug2: Attempting to connect to mysql:3306
[2025-09-05T10:00:00.264] debug2: accounting_storage/as_mysql: _cluster_rollup_usage: No need to roll cluster linux this day 1757030400 <= 1757030400
[2025-09-05T10:00:00.264] debug2: accounting_storage/as_mysql: _cluster_rollup_usage: No need to roll cluster linux this month 1756684800 <= 1756684800
[2025-09-05T10:00:00.267] debug2: accounting_storage/as_mysql: as_mysql_roll_usage: Got 1 of 1 rolled up
[2025-09-05T10:00:00.267] debug2: accounting_storage/as_mysql: as_mysql_roll_usage: Everything rolled up
[2025-09-05T10:03:42.069] debug2: DBD_CLUSTER_TRES: called in CONN 8 for linux(1=2,2=2000,3=0,4=2,5=2,6=0,7=0,8=0)
[2025-09-05T10:08:42.245] debug2: DBD_CLUSTER_TRES: called in CONN 8 for linux(1=2,2=2000,3=0,4=2,5=2,6=0,7=0,8=0)
[2025-09-12T03:47:07.336] debug:  Log file re-opened
[2025-09-12T03:47:07.338] pidfile not locked, assuming no running daemon
[2025-09-12T03:47:07.339] debug:  auth/munge: init: Munge authentication plugin loaded
[2025-09-12T03:47:07.347] debug2: accounting_storage/as_mysql: init: mysql_connect() called for db slurm_acct_db
[2025-09-12T03:47:07.348] debug2: Attempting to connect to mysql:3306
[2025-09-12T03:47:07.350] accounting_storage/as_mysql: _check_mysql_concat_is_sane: MySQL server version is: 9.4.0
[2025-09-12T03:47:07.362] debug2: accounting_storage/as_mysql: _check_database_variables: innodb_buffer_pool_size: 134217728
[2025-09-12T03:47:07.363] error: _get_database_variable: invalid results from query `show variables like 'innodb_log_file_size';`
[2025-09-12T03:47:07.576] accounting_storage/as_mysql: init: Accounting storage MYSQL plugin loaded
[2025-09-12T03:47:07.576] Not running as root. Can't drop supplementary groups
[2025-09-12T03:47:07.576] debug2: ArchiveDir        = /tmp
[2025-09-12T03:47:07.576] debug2: ArchiveScript     = (null)
[2025-09-12T03:47:07.576] debug2: AuthAltTypes      = (null)
[2025-09-12T03:47:07.576] debug2: AuthAltParameters = (null)
[2025-09-12T03:47:07.576] debug2: AuthInfo          = (null)
[2025-09-12T03:47:07.576] debug2: AuthType          = auth/munge
[2025-09-12T03:47:07.576] debug2: CommitDelay       = 0
[2025-09-12T03:47:07.577] debug2: CommunicationParameters	= (null)
[2025-09-12T03:47:07.577] debug2: DbdAddr           = slurmdbd
[2025-09-12T03:47:07.577] debug2: DbdBackupHost     = (null)
[2025-09-12T03:47:07.577] debug2: DbdHost           = slurmdbd
[2025-09-12T03:47:07.577] debug2: DbdPort           = 6819
[2025-09-12T03:47:07.577] debug2: DebugFlags        = (null)
[2025-09-12T03:47:07.577] debug2: DebugLevel        = 6
[2025-09-12T03:47:07.577] debug2: DebugLevelSyslog  = 10
[2025-09-12T03:47:07.577] debug2: DefaultQOS        = (null)
[2025-09-12T03:47:07.577] debug2: LogFile           = /var/log/slurm/slurmdbd.log
[2025-09-12T03:47:07.577] debug2: MessageTimeout    = 10
[2025-09-12T03:47:07.577] debug2: Parameters        = (null)
[2025-09-12T03:47:07.577] debug2: PidFile           = /var/run/slurmdbd/slurmdbd.pid
[2025-09-12T03:47:07.577] debug2: PluginDir         = /usr/lib64/slurm
[2025-09-12T03:47:07.577] debug2: PrivateData       = none
[2025-09-12T03:47:07.577] debug2: PurgeEventAfter   = NONE
[2025-09-12T03:47:07.577] debug2: PurgeJobAfter     = NONE
[2025-09-12T03:47:07.577] debug2: PurgeResvAfter    = NONE
[2025-09-12T03:47:07.577] debug2: PurgeStepAfter    = NONE
[2025-09-12T03:47:07.577] debug2: PurgeSuspendAfter = NONE
[2025-09-12T03:47:07.577] debug2: PurgeTXNAfter = NONE
[2025-09-12T03:47:07.577] debug2: PurgeUsageAfter = NONE
[2025-09-12T03:47:07.577] debug2: SlurmUser         = slurm(990)
[2025-09-12T03:47:07.577] debug2: StorageBackupHost = (null)
[2025-09-12T03:47:07.577] debug2: StorageHost       = mysql
[2025-09-12T03:47:07.577] debug2: StorageLoc        = slurm_acct_db
[2025-09-12T03:47:07.577] debug2: StorageParameters = (null)
[2025-09-12T03:47:07.577] debug2: StoragePort       = 3306
[2025-09-12T03:47:07.577] debug2: StorageType       = accounting_storage/mysql
[2025-09-12T03:47:07.577] debug2: StorageUser       = slurm
[2025-09-12T03:47:07.577] debug2: TCPTimeout        = 2
[2025-09-12T03:47:07.577] debug2: TrackWCKey        = 0
[2025-09-12T03:47:07.577] debug2: TrackSlurmctldDown= 0
[2025-09-12T03:47:07.577] debug2: accounting_storage/as_mysql: acct_storage_p_get_connection: acct_storage_p_get_connection: request new connection 1
[2025-09-12T03:47:07.577] debug2: Attempting to connect to mysql:3306
[2025-09-12T03:47:07.584] debug:  _post_user_list: couldn't get a uid for user: testuser1
[2025-09-12T03:47:07.585] slurmdbd version 21.08.6 started
[2025-09-12T03:47:07.585] debug2: running rollup at Fri Sep 12 03:47:07 2025
[2025-09-12T03:47:07.587] debug2: Attempting to connect to mysql:3306
[2025-09-12T03:47:07.588] debug2: _slurm_connect: failed to connect to 172.19.0.4:6817: Connection refused
[2025-09-12T03:47:07.588] debug2: Error connecting slurm stream socket at 172.19.0.4:6817: Connection refused
[2025-09-12T03:47:07.778] debug2: accounting_storage/as_mysql: _cluster_rollup_usage: No need to roll cluster linux this month 1756684800 <= 1756684800
[2025-09-12T03:47:07.783] debug2: accounting_storage/as_mysql: as_mysql_roll_usage: Got 1 of 1 rolled up
[2025-09-12T03:47:07.783] debug2: accounting_storage/as_mysql: as_mysql_roll_usage: Everything rolled up
[2025-09-12T03:47:10.056] debug:  REQUEST_PERSIST_INIT: CLUSTER:linux VERSION:9472 UID:990 IP:172.19.0.4 CONN:8
[2025-09-12T03:47:10.056] debug2: accounting_storage/as_mysql: acct_storage_p_get_connection: acct_storage_p_get_connection: request new connection 1
[2025-09-12T03:47:10.056] debug2: Attempting to connect to mysql:3306
[2025-09-12T03:47:10.100] debug2: DBD_REGISTER_CTLD: called in CONN 8 for linux(6817)
[2025-09-12T03:47:10.100] debug2: slurmctld at ip:172.19.0.4, port:6817
[2025-09-12T03:47:10.194] debug2: DBD_GET_TRES: called in CONN 8
[2025-09-12T03:47:10.286] debug2: DBD_GET_QOS: called in CONN 8
[2025-09-12T03:47:10.378] debug2: DBD_GET_USERS: called in CONN 8
[2025-09-12T03:47:10.468] debug2: DBD_GET_ASSOCS: called in CONN 8
[2025-09-12T03:47:10.565] debug2: DBD_GET_RES: called in CONN 8
[2025-09-12T03:47:10.671] debug2: DBD_CLUSTER_TRES: called in CONN 8 for linux(1=2,2=2000,3=0,4=2,5=2,6=0,7=0,8=0)
[2025-09-12T03:47:10.765] debug2: DBD_GET_FEDERATIONS: called in CONN 8
[2025-09-12T03:52:11.024] debug2: DBD_CLUSTER_TRES: called in CONN 8 for linux(1=2,2=2000,3=0,4=2,5=2,6=0,7=0,8=0)
[2025-09-12T03:57:10.946] debug2: DBD_CLUSTER_TRES: called in CONN 8 for linux(1=2,2=2000,3=0,4=2,5=2,6=0,7=0,8=0)
[2025-09-12T03:59:04.493] debug2: running rollup at Fri Sep 12 04:00:00 2025
[2025-09-12T03:59:04.493] debug2: Attempting to connect to mysql:3306
[2025-09-12T03:59:04.496] debug2: accounting_storage/as_mysql: _cluster_rollup_usage: No need to roll cluster linux this hour 1757646000 <= 1757646000
[2025-09-12T03:59:04.496] debug2: accounting_storage/as_mysql: _cluster_rollup_usage: No need to roll cluster linux this day 1757635200 <= 1757635200
[2025-09-12T03:59:04.496] debug2: accounting_storage/as_mysql: _cluster_rollup_usage: No need to roll cluster linux this month 1756684800 <= 1756684800
[2025-09-12T03:59:04.496] debug2: accounting_storage/as_mysql: as_mysql_roll_usage: Got 1 of 1 rolled up
[2025-09-12T03:59:04.496] debug2: accounting_storage/as_mysql: as_mysql_roll_usage: Everything rolled up
[2025-09-12T03:59:55.999] debug2: running rollup at Fri Sep 12 04:00:00 2025
[2025-09-12T03:59:55.999] debug2: Attempting to connect to mysql:3306
[2025-09-12T03:59:56.001] debug2: accounting_storage/as_mysql: _cluster_rollup_usage: No need to roll cluster linux this hour 1757646000 <= 1757646000
[2025-09-12T03:59:56.001] debug2: accounting_storage/as_mysql: _cluster_rollup_usage: No need to roll cluster linux this day 1757635200 <= 1757635200
[2025-09-12T03:59:56.001] debug2: accounting_storage/as_mysql: _cluster_rollup_usage: No need to roll cluster linux this month 1756684800 <= 1756684800
[2025-09-12T03:59:56.001] debug2: accounting_storage/as_mysql: as_mysql_roll_usage: Got 1 of 1 rolled up
[2025-09-12T03:59:56.001] debug2: accounting_storage/as_mysql: as_mysql_roll_usage: Everything rolled up
[2025-09-12T04:00:01.002] debug2: running rollup at Fri Sep 12 04:00:00 2025
[2025-09-12T04:00:01.002] debug2: Attempting to connect to mysql:3306
[2025-09-12T04:00:01.009] debug2: accounting_storage/as_mysql: _cluster_rollup_usage: No need to roll cluster linux this day 1757635200 <= 1757635200
[2025-09-12T04:00:01.009] debug2: accounting_storage/as_mysql: _cluster_rollup_usage: No need to roll cluster linux this month 1756684800 <= 1756684800
[2025-09-12T04:00:01.011] debug2: accounting_storage/as_mysql: as_mysql_roll_usage: Got 1 of 1 rolled up
[2025-09-12T04:00:01.011] debug2: accounting_storage/as_mysql: as_mysql_roll_usage: Everything rolled up
[2025-09-12T04:02:10.369] debug2: DBD_CLUSTER_TRES: called in CONN 8 for linux(1=2,2=2000,3=0,4=2,5=2,6=0,7=0,8=0)
[2025-09-12T04:06:29.033] debug:  REQUEST_PERSIST_INIT: CLUSTER:linux VERSION:9472 UID:0 IP:172.19.0.6 CONN:7
[2025-09-12T04:06:29.033] debug2: accounting_storage/as_mysql: acct_storage_p_get_connection: acct_storage_p_get_connection: request new connection 1
[2025-09-12T04:06:29.033] debug2: Attempting to connect to mysql:3306
[2025-09-12T04:06:29.075] debug2: DBD_FINI: CLOSE:0 COMMIT:0
[2025-09-12T04:06:29.166] debug2: DBD_GET_USERS: called in CONN 7
[2025-09-12T04:06:29.219] debug2: DBD_FINI: CLOSE:1 COMMIT:0
[2025-09-12T04:07:10.119] debug2: DBD_CLUSTER_TRES: called in CONN 8 for linux(1=2,2=2000,3=0,4=2,5=2,6=0,7=0,8=0)
[2025-09-12T04:12:11.063] debug2: DBD_CLUSTER_TRES: called in CONN 8 for linux(1=2,2=2000,3=0,4=2,5=2,6=0,7=0,8=0)
[2025-09-12T04:17:11.446] debug2: DBD_CLUSTER_TRES: called in CONN 8 for linux(1=2,2=2000,3=0,4=2,5=2,6=0,7=0,8=0)
[2025-09-12T04:22:11.253] debug2: DBD_CLUSTER_TRES: called in CONN 8 for linux(1=2,2=2000,3=0,4=2,5=2,6=0,7=0,8=0)
[2025-09-12T04:27:11.430] debug2: DBD_CLUSTER_TRES: called in CONN 8 for linux(1=2,2=2000,3=0,4=2,5=2,6=0,7=0,8=0)
[2025-09-12T04:32:12.047] debug2: DBD_CLUSTER_TRES: called in CONN 8 for linux(1=2,2=2000,3=0,4=2,5=2,6=0,7=0,8=0)
[2025-09-12T04:37:11.996] debug2: DBD_CLUSTER_TRES: called in CONN 8 for linux(1=2,2=2000,3=0,4=2,5=2,6=0,7=0,8=0)
[2025-09-12T04:42:11.817] debug2: DBD_CLUSTER_TRES: called in CONN 8 for linux(1=2,2=2000,3=0,4=2,5=2,6=0,7=0,8=0)
[2025-09-12T04:47:11.813] debug2: DBD_CLUSTER_TRES: called in CONN 8 for linux(1=2,2=2000,3=0,4=2,5=2,6=0,7=0,8=0)
[2025-09-12T04:52:11.229] debug2: DBD_CLUSTER_TRES: called in CONN 8 for linux(1=2,2=2000,3=0,4=2,5=2,6=0,7=0,8=0)
[2025-09-12T04:55:20.648] debug2: running rollup at Fri Sep 12 05:00:00 2025
[2025-09-12T04:55:20.648] debug2: Attempting to connect to mysql:3306
[2025-09-12T04:55:20.650] debug2: accounting_storage/as_mysql: _cluster_rollup_usage: No need to roll cluster linux this hour 1757649600 <= 1757649600
[2025-09-12T04:55:20.650] debug2: accounting_storage/as_mysql: _cluster_rollup_usage: No need to roll cluster linux this day 1757635200 <= 1757635200
[2025-09-12T04:55:20.650] debug2: accounting_storage/as_mysql: _cluster_rollup_usage: No need to roll cluster linux this month 1756684800 <= 1756684800
[2025-09-12T04:55:20.651] debug2: accounting_storage/as_mysql: as_mysql_roll_usage: Got 1 of 1 rolled up
[2025-09-12T04:55:20.651] debug2: accounting_storage/as_mysql: as_mysql_roll_usage: Everything rolled up
[2025-09-12T04:57:11.912] debug2: DBD_CLUSTER_TRES: called in CONN 8 for linux(1=2,2=2000,3=0,4=2,5=2,6=0,7=0,8=0)
[2025-09-12T04:59:36.730] debug2: running rollup at Fri Sep 12 05:00:00 2025
[2025-09-12T04:59:36.730] debug2: Attempting to connect to mysql:3306
[2025-09-12T04:59:36.732] debug2: accounting_storage/as_mysql: _cluster_rollup_usage: No need to roll cluster linux this hour 1757649600 <= 1757649600
[2025-09-12T04:59:36.732] debug2: accounting_storage/as_mysql: _cluster_rollup_usage: No need to roll cluster linux this day 1757635200 <= 1757635200
[2025-09-12T04:59:36.732] debug2: accounting_storage/as_mysql: _cluster_rollup_usage: No need to roll cluster linux this month 1756684800 <= 1756684800
[2025-09-12T04:59:36.732] debug2: accounting_storage/as_mysql: as_mysql_roll_usage: Got 1 of 1 rolled up
[2025-09-12T04:59:36.732] debug2: accounting_storage/as_mysql: as_mysql_roll_usage: Everything rolled up
[2025-09-12T04:59:58.392] debug2: running rollup at Fri Sep 12 05:00:00 2025
[2025-09-12T04:59:58.393] debug2: Attempting to connect to mysql:3306
[2025-09-12T04:59:58.395] debug2: accounting_storage/as_mysql: _cluster_rollup_usage: No need to roll cluster linux this hour 1757649600 <= 1757649600
[2025-09-12T04:59:58.395] debug2: accounting_storage/as_mysql: _cluster_rollup_usage: No need to roll cluster linux this day 1757635200 <= 1757635200
[2025-09-12T04:59:58.395] debug2: accounting_storage/as_mysql: _cluster_rollup_usage: No need to roll cluster linux this month 1756684800 <= 1756684800
[2025-09-12T04:59:58.395] debug2: accounting_storage/as_mysql: as_mysql_roll_usage: Got 1 of 1 rolled up
[2025-09-12T04:59:58.395] debug2: accounting_storage/as_mysql: as_mysql_roll_usage: Everything rolled up
[2025-09-12T05:00:00.397] debug2: running rollup at Fri Sep 12 05:00:00 2025
[2025-09-12T05:00:00.398] debug2: Attempting to connect to mysql:3306
[2025-09-12T05:00:00.408] debug2: accounting_storage/as_mysql: _cluster_rollup_usage: No need to roll cluster linux this day 1757635200 <= 1757635200
[2025-09-12T05:00:00.408] debug2: accounting_storage/as_mysql: _cluster_rollup_usage: No need to roll cluster linux this month 1756684800 <= 1756684800
[2025-09-12T05:00:00.414] debug2: accounting_storage/as_mysql: as_mysql_roll_usage: Got 1 of 1 rolled up
[2025-09-12T05:00:00.414] debug2: accounting_storage/as_mysql: as_mysql_roll_usage: Everything rolled up
[2025-09-12T05:02:11.582] debug2: DBD_CLUSTER_TRES: called in CONN 8 for linux(1=2,2=2000,3=0,4=2,5=2,6=0,7=0,8=0)
[2025-09-12T05:07:11.757] debug2: DBD_CLUSTER_TRES: called in CONN 8 for linux(1=2,2=2000,3=0,4=2,5=2,6=0,7=0,8=0)
[2025-09-12T05:12:11.688] debug2: DBD_CLUSTER_TRES: called in CONN 8 for linux(1=2,2=2000,3=0,4=2,5=2,6=0,7=0,8=0)
[2025-09-12T05:17:11.536] debug2: DBD_CLUSTER_TRES: called in CONN 8 for linux(1=2,2=2000,3=0,4=2,5=2,6=0,7=0,8=0)
[2025-09-12T05:22:11.412] debug2: DBD_CLUSTER_TRES: called in CONN 8 for linux(1=2,2=2000,3=0,4=2,5=2,6=0,7=0,8=0)
[2025-09-12T05:27:11.963] debug2: DBD_CLUSTER_TRES: called in CONN 8 for linux(1=2,2=2000,3=0,4=2,5=2,6=0,7=0,8=0)
[2025-09-12T05:32:11.412] debug2: DBD_CLUSTER_TRES: called in CONN 8 for linux(1=2,2=2000,3=0,4=2,5=2,6=0,7=0,8=0)
[2025-09-12T05:37:11.456] debug2: DBD_CLUSTER_TRES: called in CONN 8 for linux(1=2,2=2000,3=0,4=2,5=2,6=0,7=0,8=0)
[2025-09-12T05:42:11.481] debug2: DBD_CLUSTER_TRES: called in CONN 8 for linux(1=2,2=2000,3=0,4=2,5=2,6=0,7=0,8=0)
[2025-09-12T05:47:11.686] debug2: DBD_CLUSTER_TRES: called in CONN 8 for linux(1=2,2=2000,3=0,4=2,5=2,6=0,7=0,8=0)
[2025-09-12T05:52:11.962] debug2: DBD_CLUSTER_TRES: called in CONN 8 for linux(1=2,2=2000,3=0,4=2,5=2,6=0,7=0,8=0)
[2025-09-12T05:55:04.551] debug2: running rollup at Fri Sep 12 06:00:00 2025
[2025-09-12T05:55:04.551] debug2: Attempting to connect to mysql:3306
[2025-09-12T05:55:04.554] debug2: accounting_storage/as_mysql: _cluster_rollup_usage: No need to roll cluster linux this hour 1757653200 <= 1757653200
[2025-09-12T05:55:04.554] debug2: accounting_storage/as_mysql: _cluster_rollup_usage: No need to roll cluster linux this day 1757635200 <= 1757635200
[2025-09-12T05:55:04.554] debug2: accounting_storage/as_mysql: _cluster_rollup_usage: No need to roll cluster linux this month 1756684800 <= 1756684800
[2025-09-12T05:55:04.554] debug2: accounting_storage/as_mysql: as_mysql_roll_usage: Got 1 of 1 rolled up
[2025-09-12T05:55:04.554] debug2: accounting_storage/as_mysql: as_mysql_roll_usage: Everything rolled up
[2025-09-12T05:57:12.066] debug2: DBD_CLUSTER_TRES: called in CONN 8 for linux(1=2,2=2000,3=0,4=2,5=2,6=0,7=0,8=0)
[2025-09-12T05:59:37.793] debug2: running rollup at Fri Sep 12 06:00:00 2025
[2025-09-12T05:59:37.793] debug2: Attempting to connect to mysql:3306
[2025-09-12T05:59:37.795] debug2: accounting_storage/as_mysql: _cluster_rollup_usage: No need to roll cluster linux this hour 1757653200 <= 1757653200
[2025-09-12T05:59:37.795] debug2: accounting_storage/as_mysql: _cluster_rollup_usage: No need to roll cluster linux this day 1757635200 <= 1757635200
[2025-09-12T05:59:37.795] debug2: accounting_storage/as_mysql: _cluster_rollup_usage: No need to roll cluster linux this month 1756684800 <= 1756684800
[2025-09-12T05:59:37.796] debug2: accounting_storage/as_mysql: as_mysql_roll_usage: Got 1 of 1 rolled up
[2025-09-12T05:59:37.796] debug2: accounting_storage/as_mysql: as_mysql_roll_usage: Everything rolled up
[2025-09-12T05:59:58.201] debug2: running rollup at Fri Sep 12 06:00:00 2025
[2025-09-12T05:59:58.202] debug2: Attempting to connect to mysql:3306
[2025-09-12T05:59:58.204] debug2: accounting_storage/as_mysql: _cluster_rollup_usage: No need to roll cluster linux this hour 1757653200 <= 1757653200
[2025-09-12T05:59:58.204] debug2: accounting_storage/as_mysql: _cluster_rollup_usage: No need to roll cluster linux this day 1757635200 <= 1757635200
[2025-09-12T05:59:58.204] debug2: accounting_storage/as_mysql: _cluster_rollup_usage: No need to roll cluster linux this month 1756684800 <= 1756684800
[2025-09-12T05:59:58.204] debug2: accounting_storage/as_mysql: as_mysql_roll_usage: Got 1 of 1 rolled up
[2025-09-12T05:59:58.204] debug2: accounting_storage/as_mysql: as_mysql_roll_usage: Everything rolled up
[2025-09-12T06:00:00.205] debug2: running rollup at Fri Sep 12 06:00:00 2025
[2025-09-12T06:00:00.205] debug2: Attempting to connect to mysql:3306
[2025-09-12T06:00:00.214] debug2: accounting_storage/as_mysql: _cluster_rollup_usage: No need to roll cluster linux this day 1757635200 <= 1757635200
[2025-09-12T06:00:00.214] debug2: accounting_storage/as_mysql: _cluster_rollup_usage: No need to roll cluster linux this month 1756684800 <= 1756684800
[2025-09-12T06:00:00.217] debug2: accounting_storage/as_mysql: as_mysql_roll_usage: Got 1 of 1 rolled up
[2025-09-12T06:00:00.217] debug2: accounting_storage/as_mysql: as_mysql_roll_usage: Everything rolled up
[2025-09-12T06:02:12.358] debug2: DBD_CLUSTER_TRES: called in CONN 8 for linux(1=2,2=2000,3=0,4=2,5=2,6=0,7=0,8=0)
[2025-09-12T06:07:12.087] debug2: DBD_CLUSTER_TRES: called in CONN 8 for linux(1=2,2=2000,3=0,4=2,5=2,6=0,7=0,8=0)
[2025-09-12T06:12:12.939] debug2: DBD_CLUSTER_TRES: called in CONN 8 for linux(1=2,2=2000,3=0,4=2,5=2,6=0,7=0,8=0)
[2025-09-12T06:17:13.067] debug2: DBD_CLUSTER_TRES: called in CONN 8 for linux(1=2,2=2000,3=0,4=2,5=2,6=0,7=0,8=0)
[2025-09-12T06:22:13.355] debug2: DBD_CLUSTER_TRES: called in CONN 8 for linux(1=2,2=2000,3=0,4=2,5=2,6=0,7=0,8=0)
[2025-09-12T06:27:13.953] debug2: DBD_CLUSTER_TRES: called in CONN 8 for linux(1=2,2=2000,3=0,4=2,5=2,6=0,7=0,8=0)
[2025-09-12T06:32:13.699] debug2: DBD_CLUSTER_TRES: called in CONN 8 for linux(1=2,2=2000,3=0,4=2,5=2,6=0,7=0,8=0)
[2025-09-12T06:37:13.578] debug2: DBD_CLUSTER_TRES: called in CONN 8 for linux(1=2,2=2000,3=0,4=2,5=2,6=0,7=0,8=0)
[2025-09-12T06:42:13.801] debug2: DBD_CLUSTER_TRES: called in CONN 8 for linux(1=2,2=2000,3=0,4=2,5=2,6=0,7=0,8=0)
[2025-09-12T06:47:13.101] debug2: DBD_CLUSTER_TRES: called in CONN 8 for linux(1=2,2=2000,3=0,4=2,5=2,6=0,7=0,8=0)
[2025-09-12T06:52:13.168] debug2: DBD_CLUSTER_TRES: called in CONN 8 for linux(1=2,2=2000,3=0,4=2,5=2,6=0,7=0,8=0)
[2025-09-12T06:54:46.214] debug2: running rollup at Fri Sep 12 07:00:00 2025
[2025-09-12T06:54:46.214] debug2: Attempting to connect to mysql:3306
[2025-09-12T06:54:46.217] debug2: accounting_storage/as_mysql: _cluster_rollup_usage: No need to roll cluster linux this hour 1757656800 <= 1757656800
[2025-09-12T06:54:46.217] debug2: accounting_storage/as_mysql: _cluster_rollup_usage: No need to roll cluster linux this day 1757635200 <= 1757635200
[2025-09-12T06:54:46.217] debug2: accounting_storage/as_mysql: _cluster_rollup_usage: No need to roll cluster linux this month 1756684800 <= 1756684800
[2025-09-12T06:54:46.217] debug2: accounting_storage/as_mysql: as_mysql_roll_usage: Got 1 of 1 rolled up
[2025-09-12T06:54:46.217] debug2: accounting_storage/as_mysql: as_mysql_roll_usage: Everything rolled up
[2025-09-12T06:57:13.858] debug2: DBD_CLUSTER_TRES: called in CONN 8 for linux(1=2,2=2000,3=0,4=2,5=2,6=0,7=0,8=0)
[2025-09-12T06:59:31.057] debug2: running rollup at Fri Sep 12 07:00:00 2025
[2025-09-12T06:59:31.058] debug2: Attempting to connect to mysql:3306
[2025-09-12T06:59:31.060] debug2: accounting_storage/as_mysql: _cluster_rollup_usage: No need to roll cluster linux this hour 1757656800 <= 1757656800
[2025-09-12T06:59:31.060] debug2: accounting_storage/as_mysql: _cluster_rollup_usage: No need to roll cluster linux this day 1757635200 <= 1757635200
[2025-09-12T06:59:31.060] debug2: accounting_storage/as_mysql: _cluster_rollup_usage: No need to roll cluster linux this month 1756684800 <= 1756684800
[2025-09-12T06:59:31.060] debug2: accounting_storage/as_mysql: as_mysql_roll_usage: Got 1 of 1 rolled up
[2025-09-12T06:59:31.060] debug2: accounting_storage/as_mysql: as_mysql_roll_usage: Everything rolled up
[2025-09-12T06:59:57.349] debug2: running rollup at Fri Sep 12 07:00:00 2025
[2025-09-12T06:59:57.350] debug2: Attempting to connect to mysql:3306
[2025-09-12T06:59:57.351] debug2: accounting_storage/as_mysql: _cluster_rollup_usage: No need to roll cluster linux this hour 1757656800 <= 1757656800
[2025-09-12T06:59:57.351] debug2: accounting_storage/as_mysql: _cluster_rollup_usage: No need to roll cluster linux this day 1757635200 <= 1757635200
[2025-09-12T06:59:57.351] debug2: accounting_storage/as_mysql: _cluster_rollup_usage: No need to roll cluster linux this month 1756684800 <= 1756684800
[2025-09-12T06:59:57.352] debug2: accounting_storage/as_mysql: as_mysql_roll_usage: Got 1 of 1 rolled up
[2025-09-12T06:59:57.352] debug2: accounting_storage/as_mysql: as_mysql_roll_usage: Everything rolled up
[2025-09-12T07:00:00.353] debug2: running rollup at Fri Sep 12 07:00:00 2025
[2025-09-12T07:00:00.353] debug2: Attempting to connect to mysql:3306
[2025-09-12T07:00:00.360] debug2: accounting_storage/as_mysql: _cluster_rollup_usage: No need to roll cluster linux this day 1757635200 <= 1757635200
[2025-09-12T07:00:00.360] debug2: accounting_storage/as_mysql: _cluster_rollup_usage: No need to roll cluster linux this month 1756684800 <= 1756684800
[2025-09-12T07:00:00.363] debug2: accounting_storage/as_mysql: as_mysql_roll_usage: Got 1 of 1 rolled up
[2025-09-12T07:00:00.363] debug2: accounting_storage/as_mysql: as_mysql_roll_usage: Everything rolled up
[2025-09-12T07:02:13.355] debug2: DBD_CLUSTER_TRES: called in CONN 8 for linux(1=2,2=2000,3=0,4=2,5=2,6=0,7=0,8=0)
[2025-09-12T07:07:13.477] debug2: DBD_CLUSTER_TRES: called in CONN 8 for linux(1=2,2=2000,3=0,4=2,5=2,6=0,7=0,8=0)
[2025-09-12T07:12:13.603] debug2: DBD_CLUSTER_TRES: called in CONN 8 for linux(1=2,2=2000,3=0,4=2,5=2,6=0,7=0,8=0)
[2025-09-12T07:17:13.161] debug2: DBD_CLUSTER_TRES: called in CONN 8 for linux(1=2,2=2000,3=0,4=2,5=2,6=0,7=0,8=0)
[2025-09-12T07:22:13.251] debug2: DBD_CLUSTER_TRES: called in CONN 8 for linux(1=2,2=2000,3=0,4=2,5=2,6=0,7=0,8=0)
[2025-09-12T07:27:13.282] debug2: DBD_CLUSTER_TRES: called in CONN 8 for linux(1=2,2=2000,3=0,4=2,5=2,6=0,7=0,8=0)
[2025-09-12T07:32:13.359] debug2: DBD_CLUSTER_TRES: called in CONN 8 for linux(1=2,2=2000,3=0,4=2,5=2,6=0,7=0,8=0)
[2025-09-12T07:37:13.282] debug2: DBD_CLUSTER_TRES: called in CONN 8 for linux(1=2,2=2000,3=0,4=2,5=2,6=0,7=0,8=0)
[2025-09-12T07:42:13.704] debug2: DBD_CLUSTER_TRES: called in CONN 8 for linux(1=2,2=2000,3=0,4=2,5=2,6=0,7=0,8=0)
[2025-09-12T07:47:13.687] debug2: DBD_CLUSTER_TRES: called in CONN 8 for linux(1=2,2=2000,3=0,4=2,5=2,6=0,7=0,8=0)
[2025-09-12T07:52:13.705] debug2: DBD_CLUSTER_TRES: called in CONN 8 for linux(1=2,2=2000,3=0,4=2,5=2,6=0,7=0,8=0)
[2025-09-12T07:54:35.349] debug2: running rollup at Fri Sep 12 08:00:00 2025
[2025-09-12T07:54:35.349] debug2: Attempting to connect to mysql:3306
[2025-09-12T07:54:35.352] debug2: accounting_storage/as_mysql: _cluster_rollup_usage: No need to roll cluster linux this hour 1757660400 <= 1757660400
[2025-09-12T07:54:35.352] debug2: accounting_storage/as_mysql: _cluster_rollup_usage: No need to roll cluster linux this day 1757635200 <= 1757635200
[2025-09-12T07:54:35.352] debug2: accounting_storage/as_mysql: _cluster_rollup_usage: No need to roll cluster linux this month 1756684800 <= 1756684800
[2025-09-12T07:54:35.352] debug2: accounting_storage/as_mysql: as_mysql_roll_usage: Got 1 of 1 rolled up
[2025-09-12T07:54:35.352] debug2: accounting_storage/as_mysql: as_mysql_roll_usage: Everything rolled up
[2025-09-12T07:57:13.091] debug2: DBD_CLUSTER_TRES: called in CONN 8 for linux(1=2,2=2000,3=0,4=2,5=2,6=0,7=0,8=0)
[2025-09-12T07:59:30.364] debug2: running rollup at Fri Sep 12 08:00:00 2025
[2025-09-12T07:59:30.365] debug2: Attempting to connect to mysql:3306
[2025-09-12T07:59:30.367] debug2: accounting_storage/as_mysql: _cluster_rollup_usage: No need to roll cluster linux this hour 1757660400 <= 1757660400
[2025-09-12T07:59:30.367] debug2: accounting_storage/as_mysql: _cluster_rollup_usage: No need to roll cluster linux this day 1757635200 <= 1757635200
[2025-09-12T07:59:30.367] debug2: accounting_storage/as_mysql: _cluster_rollup_usage: No need to roll cluster linux this month 1756684800 <= 1756684800
[2025-09-12T07:59:30.367] debug2: accounting_storage/as_mysql: as_mysql_roll_usage: Got 1 of 1 rolled up
[2025-09-12T07:59:30.367] debug2: accounting_storage/as_mysql: as_mysql_roll_usage: Everything rolled up
[2025-09-12T07:59:57.637] debug2: running rollup at Fri Sep 12 08:00:00 2025
[2025-09-12T07:59:57.637] debug2: Attempting to connect to mysql:3306
[2025-09-12T07:59:57.639] debug2: accounting_storage/as_mysql: _cluster_rollup_usage: No need to roll cluster linux this hour 1757660400 <= 1757660400
[2025-09-12T07:59:57.639] debug2: accounting_storage/as_mysql: _cluster_rollup_usage: No need to roll cluster linux this day 1757635200 <= 1757635200
[2025-09-12T07:59:57.639] debug2: accounting_storage/as_mysql: _cluster_rollup_usage: No need to roll cluster linux this month 1756684800 <= 1756684800
[2025-09-12T07:59:57.640] debug2: accounting_storage/as_mysql: as_mysql_roll_usage: Got 1 of 1 rolled up
[2025-09-12T07:59:57.640] debug2: accounting_storage/as_mysql: as_mysql_roll_usage: Everything rolled up
[2025-09-12T08:00:00.641] debug2: running rollup at Fri Sep 12 08:00:00 2025
[2025-09-12T08:00:00.642] debug2: Attempting to connect to mysql:3306
[2025-09-12T08:00:00.649] debug2: accounting_storage/as_mysql: _cluster_rollup_usage: No need to roll cluster linux this day 1757635200 <= 1757635200
[2025-09-12T08:00:00.649] debug2: accounting_storage/as_mysql: _cluster_rollup_usage: No need to roll cluster linux this month 1756684800 <= 1756684800
[2025-09-12T08:00:00.651] debug2: accounting_storage/as_mysql: as_mysql_roll_usage: Got 1 of 1 rolled up
[2025-09-12T08:00:00.651] debug2: accounting_storage/as_mysql: as_mysql_roll_usage: Everything rolled up
[2025-09-12T08:02:13.861] debug2: DBD_CLUSTER_TRES: called in CONN 8 for linux(1=2,2=2000,3=0,4=2,5=2,6=0,7=0,8=0)
[2025-09-12T08:07:13.881] debug2: DBD_CLUSTER_TRES: called in CONN 8 for linux(1=2,2=2000,3=0,4=2,5=2,6=0,7=0,8=0)
[2025-09-12T08:12:13.880] debug2: DBD_CLUSTER_TRES: called in CONN 8 for linux(1=2,2=2000,3=0,4=2,5=2,6=0,7=0,8=0)
[2025-09-12T08:17:14.030] debug2: DBD_CLUSTER_TRES: called in CONN 8 for linux(1=2,2=2000,3=0,4=2,5=2,6=0,7=0,8=0)
[2025-09-12T08:22:13.393] debug2: DBD_CLUSTER_TRES: called in CONN 8 for linux(1=2,2=2000,3=0,4=2,5=2,6=0,7=0,8=0)
[2025-09-12T08:27:13.431] debug2: DBD_CLUSTER_TRES: called in CONN 8 for linux(1=2,2=2000,3=0,4=2,5=2,6=0,7=0,8=0)
[2025-09-12T08:32:13.279] debug2: DBD_CLUSTER_TRES: called in CONN 8 for linux(1=2,2=2000,3=0,4=2,5=2,6=0,7=0,8=0)
[2025-09-12T08:37:13.225] debug2: DBD_CLUSTER_TRES: called in CONN 8 for linux(1=2,2=2000,3=0,4=2,5=2,6=0,7=0,8=0)
[2025-09-12T08:42:13.158] debug2: DBD_CLUSTER_TRES: called in CONN 8 for linux(1=2,2=2000,3=0,4=2,5=2,6=0,7=0,8=0)
[2025-09-12T08:47:13.338] debug2: DBD_CLUSTER_TRES: called in CONN 8 for linux(1=2,2=2000,3=0,4=2,5=2,6=0,7=0,8=0)
[2025-09-12T08:52:13.713] debug2: DBD_CLUSTER_TRES: called in CONN 8 for linux(1=2,2=2000,3=0,4=2,5=2,6=0,7=0,8=0)
[2025-09-12T08:54:33.284] debug2: running rollup at Fri Sep 12 09:00:00 2025
[2025-09-12T08:54:33.284] debug2: Attempting to connect to mysql:3306
[2025-09-12T08:54:33.287] debug2: accounting_storage/as_mysql: _cluster_rollup_usage: No need to roll cluster linux this hour 1757664000 <= 1757664000
[2025-09-12T08:54:33.287] debug2: accounting_storage/as_mysql: _cluster_rollup_usage: No need to roll cluster linux this day 1757635200 <= 1757635200
[2025-09-12T08:54:33.287] debug2: accounting_storage/as_mysql: _cluster_rollup_usage: No need to roll cluster linux this month 1756684800 <= 1756684800
[2025-09-12T08:54:33.287] debug2: accounting_storage/as_mysql: as_mysql_roll_usage: Got 1 of 1 rolled up
[2025-09-12T08:54:33.287] debug2: accounting_storage/as_mysql: as_mysql_roll_usage: Everything rolled up
[2025-09-12T08:57:13.714] debug2: DBD_CLUSTER_TRES: called in CONN 8 for linux(1=2,2=2000,3=0,4=2,5=2,6=0,7=0,8=0)
[2025-09-12T08:59:30.289] debug2: running rollup at Fri Sep 12 09:00:00 2025
[2025-09-12T08:59:30.289] debug2: Attempting to connect to mysql:3306
[2025-09-12T08:59:30.291] debug2: accounting_storage/as_mysql: _cluster_rollup_usage: No need to roll cluster linux this hour 1757664000 <= 1757664000
[2025-09-12T08:59:30.291] debug2: accounting_storage/as_mysql: _cluster_rollup_usage: No need to roll cluster linux this day 1757635200 <= 1757635200
[2025-09-12T08:59:30.291] debug2: accounting_storage/as_mysql: _cluster_rollup_usage: No need to roll cluster linux this month 1756684800 <= 1756684800
[2025-09-12T08:59:30.291] debug2: accounting_storage/as_mysql: as_mysql_roll_usage: Got 1 of 1 rolled up
[2025-09-12T08:59:30.291] debug2: accounting_storage/as_mysql: as_mysql_roll_usage: Everything rolled up
[2025-09-12T08:59:59.638] debug2: running rollup at Fri Sep 12 09:00:00 2025
[2025-09-12T08:59:59.639] debug2: Attempting to connect to mysql:3306
[2025-09-12T08:59:59.640] debug2: accounting_storage/as_mysql: _cluster_rollup_usage: No need to roll cluster linux this hour 1757664000 <= 1757664000
[2025-09-12T08:59:59.640] debug2: accounting_storage/as_mysql: _cluster_rollup_usage: No need to roll cluster linux this day 1757635200 <= 1757635200
[2025-09-12T08:59:59.640] debug2: accounting_storage/as_mysql: _cluster_rollup_usage: No need to roll cluster linux this month 1756684800 <= 1756684800
[2025-09-12T08:59:59.641] debug2: accounting_storage/as_mysql: as_mysql_roll_usage: Got 1 of 1 rolled up
[2025-09-12T08:59:59.641] debug2: accounting_storage/as_mysql: as_mysql_roll_usage: Everything rolled up
[2025-09-12T09:00:00.644] debug2: running rollup at Fri Sep 12 09:00:00 2025
[2025-09-12T09:00:00.644] debug2: Attempting to connect to mysql:3306
[2025-09-12T09:00:00.650] debug2: accounting_storage/as_mysql: _cluster_rollup_usage: No need to roll cluster linux this day 1757635200 <= 1757635200
[2025-09-12T09:00:00.650] debug2: accounting_storage/as_mysql: _cluster_rollup_usage: No need to roll cluster linux this month 1756684800 <= 1756684800
[2025-09-12T09:00:00.653] debug2: accounting_storage/as_mysql: as_mysql_roll_usage: Got 1 of 1 rolled up
[2025-09-12T09:00:00.653] debug2: accounting_storage/as_mysql: as_mysql_roll_usage: Everything rolled up
[2025-09-12T09:02:13.188] debug2: DBD_CLUSTER_TRES: called in CONN 8 for linux(1=2,2=2000,3=0,4=2,5=2,6=0,7=0,8=0)
[2025-09-12T09:07:13.214] debug2: DBD_CLUSTER_TRES: called in CONN 8 for linux(1=2,2=2000,3=0,4=2,5=2,6=0,7=0,8=0)
[2025-09-12T09:12:13.266] debug2: DBD_CLUSTER_TRES: called in CONN 8 for linux(1=2,2=2000,3=0,4=2,5=2,6=0,7=0,8=0)
[2025-09-12T09:17:13.595] debug2: DBD_CLUSTER_TRES: called in CONN 8 for linux(1=2,2=2000,3=0,4=2,5=2,6=0,7=0,8=0)
[2025-09-12T09:22:14.050] debug2: DBD_CLUSTER_TRES: called in CONN 8 for linux(1=2,2=2000,3=0,4=2,5=2,6=0,7=0,8=0)
[2025-09-12T09:27:14.159] debug2: DBD_CLUSTER_TRES: called in CONN 8 for linux(1=2,2=2000,3=0,4=2,5=2,6=0,7=0,8=0)
[2025-09-15T10:15:24.142] debug:  Log file re-opened
[2025-09-15T10:15:24.144] pidfile not locked, assuming no running daemon
[2025-09-15T10:15:24.144] debug:  auth/munge: init: Munge authentication plugin loaded
[2025-09-15T10:15:24.149] debug2: accounting_storage/as_mysql: init: mysql_connect() called for db slurm_acct_db
[2025-09-15T10:15:24.150] debug2: Attempting to connect to mysql:3306
[2025-09-15T10:15:24.152] accounting_storage/as_mysql: _check_mysql_concat_is_sane: MySQL server version is: 9.4.0
[2025-09-15T10:15:24.164] debug2: accounting_storage/as_mysql: _check_database_variables: innodb_buffer_pool_size: 134217728
[2025-09-15T10:15:24.165] error: _get_database_variable: invalid results from query `show variables like 'innodb_log_file_size';`
[2025-09-15T10:15:24.358] accounting_storage/as_mysql: init: Accounting storage MYSQL plugin loaded
[2025-09-15T10:15:24.359] Not running as root. Can't drop supplementary groups
[2025-09-15T10:15:24.359] debug2: ArchiveDir        = /tmp
[2025-09-15T10:15:24.359] debug2: ArchiveScript     = (null)
[2025-09-15T10:15:24.359] debug2: AuthAltTypes      = (null)
[2025-09-15T10:15:24.359] debug2: AuthAltParameters = (null)
[2025-09-15T10:15:24.359] debug2: AuthInfo          = (null)
[2025-09-15T10:15:24.359] debug2: AuthType          = auth/munge
[2025-09-15T10:15:24.359] debug2: CommitDelay       = 0
[2025-09-15T10:15:24.359] debug2: CommunicationParameters	= (null)
[2025-09-15T10:15:24.359] debug2: DbdAddr           = slurmdbd
[2025-09-15T10:15:24.359] debug2: DbdBackupHost     = (null)
[2025-09-15T10:15:24.359] debug2: DbdHost           = slurmdbd
[2025-09-15T10:15:24.359] debug2: DbdPort           = 6819
[2025-09-15T10:15:24.359] debug2: DebugFlags        = (null)
[2025-09-15T10:15:24.359] debug2: DebugLevel        = 6
[2025-09-15T10:15:24.359] debug2: DebugLevelSyslog  = 10
[2025-09-15T10:15:24.359] debug2: DefaultQOS        = (null)
[2025-09-15T10:15:24.359] debug2: LogFile           = /var/log/slurm/slurmdbd.log
[2025-09-15T10:15:24.359] debug2: MessageTimeout    = 10
[2025-09-15T10:15:24.359] debug2: Parameters        = (null)
[2025-09-15T10:15:24.359] debug2: PidFile           = /var/run/slurmdbd/slurmdbd.pid
[2025-09-15T10:15:24.359] debug2: PluginDir         = /usr/lib64/slurm
[2025-09-15T10:15:24.359] debug2: PrivateData       = none
[2025-09-15T10:15:24.359] debug2: PurgeEventAfter   = NONE
[2025-09-15T10:15:24.359] debug2: PurgeJobAfter     = NONE
[2025-09-15T10:15:24.359] debug2: PurgeResvAfter    = NONE
[2025-09-15T10:15:24.359] debug2: PurgeStepAfter    = NONE
[2025-09-15T10:15:24.359] debug2: PurgeSuspendAfter = NONE
[2025-09-15T10:15:24.359] debug2: PurgeTXNAfter = NONE
[2025-09-15T10:15:24.359] debug2: PurgeUsageAfter = NONE
[2025-09-15T10:15:24.359] debug2: SlurmUser         = slurm(990)
[2025-09-15T10:15:24.359] debug2: StorageBackupHost = (null)
[2025-09-15T10:15:24.359] debug2: StorageHost       = mysql
[2025-09-15T10:15:24.359] debug2: StorageLoc        = slurm_acct_db
[2025-09-15T10:15:24.359] debug2: StorageParameters = (null)
[2025-09-15T10:15:24.359] debug2: StoragePort       = 3306
[2025-09-15T10:15:24.359] debug2: StorageType       = accounting_storage/mysql
[2025-09-15T10:15:24.359] debug2: StorageUser       = slurm
[2025-09-15T10:15:24.359] debug2: TCPTimeout        = 2
[2025-09-15T10:15:24.359] debug2: TrackWCKey        = 0
[2025-09-15T10:15:24.359] debug2: TrackSlurmctldDown= 0
[2025-09-15T10:15:24.359] debug2: accounting_storage/as_mysql: acct_storage_p_get_connection: acct_storage_p_get_connection: request new connection 1
[2025-09-15T10:15:24.359] debug2: Attempting to connect to mysql:3306
[2025-09-15T10:15:24.365] debug:  _post_user_list: couldn't get a uid for user: testuser1
[2025-09-15T10:15:24.366] slurmdbd version 21.08.6 started
[2025-09-15T10:15:24.366] debug2: running rollup at Mon Sep 15 10:15:24 2025
[2025-09-15T10:15:24.368] debug2: Attempting to connect to mysql:3306
[2025-09-15T10:15:24.370] debug2: _slurm_connect: failed to connect to 172.19.0.4:6817: Connection refused
[2025-09-15T10:15:24.370] debug2: Error connecting slurm stream socket at 172.19.0.4:6817: Connection refused
[2025-09-15T10:15:24.437] debug2: accounting_storage/as_mysql: _cluster_rollup_usage: No need to roll cluster linux this month 1756684800 <= 1756684800
[2025-09-15T10:15:24.440] debug2: accounting_storage/as_mysql: as_mysql_roll_usage: Got 1 of 1 rolled up
[2025-09-15T10:15:24.440] debug2: accounting_storage/as_mysql: as_mysql_roll_usage: Everything rolled up
[2025-09-15T10:15:26.843] debug:  REQUEST_PERSIST_INIT: CLUSTER:linux VERSION:9472 UID:990 IP:172.19.0.4 CONN:8
[2025-09-15T10:15:26.843] debug2: accounting_storage/as_mysql: acct_storage_p_get_connection: acct_storage_p_get_connection: request new connection 1
[2025-09-15T10:15:26.843] debug2: Attempting to connect to mysql:3306
[2025-09-15T10:15:26.889] debug2: DBD_REGISTER_CTLD: called in CONN 8 for linux(6817)
[2025-09-15T10:15:26.889] debug2: slurmctld at ip:172.19.0.4, port:6817
[2025-09-15T10:15:26.981] debug2: DBD_GET_TRES: called in CONN 8
[2025-09-15T10:15:27.069] debug2: DBD_GET_QOS: called in CONN 8
[2025-09-15T10:15:27.157] debug2: DBD_GET_USERS: called in CONN 8
[2025-09-15T10:15:27.245] debug2: DBD_GET_ASSOCS: called in CONN 8
[2025-09-15T10:15:27.337] debug2: DBD_GET_RES: called in CONN 8
[2025-09-15T10:15:27.437] debug2: DBD_CLUSTER_TRES: called in CONN 8 for linux(1=2,2=2000,3=0,4=2,5=2,6=0,7=0,8=0)
[2025-09-15T10:15:27.525] debug2: DBD_GET_FEDERATIONS: called in CONN 8
[2025-09-15T10:20:27.727] debug2: DBD_CLUSTER_TRES: called in CONN 8 for linux(1=2,2=2000,3=0,4=2,5=2,6=0,7=0,8=0)
[2025-09-15T10:25:28.017] debug2: DBD_CLUSTER_TRES: called in CONN 8 for linux(1=2,2=2000,3=0,4=2,5=2,6=0,7=0,8=0)
[2025-09-15T10:30:27.113] debug2: DBD_CLUSTER_TRES: called in CONN 8 for linux(1=2,2=2000,3=0,4=2,5=2,6=0,7=0,8=0)
[2025-09-15T10:35:27.752] debug2: DBD_CLUSTER_TRES: called in CONN 8 for linux(1=2,2=2000,3=0,4=2,5=2,6=0,7=0,8=0)
[2025-09-15T10:40:27.432] debug2: DBD_CLUSTER_TRES: called in CONN 8 for linux(1=2,2=2000,3=0,4=2,5=2,6=0,7=0,8=0)
[2025-09-15T10:45:27.739] debug2: DBD_CLUSTER_TRES: called in CONN 8 for linux(1=2,2=2000,3=0,4=2,5=2,6=0,7=0,8=0)
[2025-09-15T10:50:27.090] debug2: DBD_CLUSTER_TRES: called in CONN 8 for linux(1=2,2=2000,3=0,4=2,5=2,6=0,7=0,8=0)
[2025-09-15T10:55:27.231] debug2: DBD_CLUSTER_TRES: called in CONN 8 for linux(1=2,2=2000,3=0,4=2,5=2,6=0,7=0,8=0)
[2025-09-15T11:00:27.988] debug2: DBD_CLUSTER_TRES: called in CONN 8 for linux(1=2,2=2000,3=0,4=2,5=2,6=0,7=0,8=0)
[2025-09-15T11:01:50.977] debug2: running rollup at Mon Sep 15 11:00:00 2025
[2025-09-15T11:01:50.977] debug2: Attempting to connect to mysql:3306
[2025-09-15T11:01:50.983] debug2: accounting_storage/as_mysql: _cluster_rollup_usage: No need to roll cluster linux this day 1757894400 <= 1757894400
[2025-09-15T11:01:50.983] debug2: accounting_storage/as_mysql: _cluster_rollup_usage: No need to roll cluster linux this month 1756684800 <= 1756684800
[2025-09-15T11:01:50.986] debug2: accounting_storage/as_mysql: as_mysql_roll_usage: Got 1 of 1 rolled up
[2025-09-15T11:01:50.986] debug2: accounting_storage/as_mysql: as_mysql_roll_usage: Everything rolled up
[2025-09-15T11:05:27.720] debug2: DBD_CLUSTER_TRES: called in CONN 8 for linux(1=2,2=2000,3=0,4=2,5=2,6=0,7=0,8=0)
[2025-09-15T11:10:28.301] debug2: DBD_CLUSTER_TRES: called in CONN 8 for linux(1=2,2=2000,3=0,4=2,5=2,6=0,7=0,8=0)
[2025-09-15T11:15:28.723] debug2: DBD_CLUSTER_TRES: called in CONN 8 for linux(1=2,2=2000,3=0,4=2,5=2,6=0,7=0,8=0)
[2025-09-15T11:20:28.387] debug2: DBD_CLUSTER_TRES: called in CONN 8 for linux(1=2,2=2000,3=0,4=2,5=2,6=0,7=0,8=0)
[2025-09-15T11:25:28.470] debug2: DBD_CLUSTER_TRES: called in CONN 8 for linux(1=2,2=2000,3=0,4=2,5=2,6=0,7=0,8=0)
[2025-09-15T11:30:28.822] debug2: DBD_CLUSTER_TRES: called in CONN 8 for linux(1=2,2=2000,3=0,4=2,5=2,6=0,7=0,8=0)
[2025-09-15T11:35:28.183] debug2: DBD_CLUSTER_TRES: called in CONN 8 for linux(1=2,2=2000,3=0,4=2,5=2,6=0,7=0,8=0)
[2025-09-15T11:40:28.549] debug2: DBD_CLUSTER_TRES: called in CONN 8 for linux(1=2,2=2000,3=0,4=2,5=2,6=0,7=0,8=0)
[2025-09-15T11:45:28.931] debug2: DBD_CLUSTER_TRES: called in CONN 8 for linux(1=2,2=2000,3=0,4=2,5=2,6=0,7=0,8=0)
[2025-09-15T11:50:28.309] debug2: DBD_CLUSTER_TRES: called in CONN 8 for linux(1=2,2=2000,3=0,4=2,5=2,6=0,7=0,8=0)
[2025-09-15T11:55:28.659] debug2: DBD_CLUSTER_TRES: called in CONN 8 for linux(1=2,2=2000,3=0,4=2,5=2,6=0,7=0,8=0)
[2025-09-15T12:00:29.028] debug2: DBD_CLUSTER_TRES: called in CONN 8 for linux(1=2,2=2000,3=0,4=2,5=2,6=0,7=0,8=0)
[2025-09-15T12:00:30.766] debug2: running rollup at Mon Sep 15 12:00:00 2025
[2025-09-15T12:00:30.766] debug2: Attempting to connect to mysql:3306
[2025-09-15T12:00:30.773] debug2: accounting_storage/as_mysql: _cluster_rollup_usage: No need to roll cluster linux this day 1757894400 <= 1757894400
[2025-09-15T12:00:30.773] debug2: accounting_storage/as_mysql: _cluster_rollup_usage: No need to roll cluster linux this month 1756684800 <= 1756684800
[2025-09-15T12:00:30.775] debug2: accounting_storage/as_mysql: as_mysql_roll_usage: Got 1 of 1 rolled up
[2025-09-15T12:00:30.775] debug2: accounting_storage/as_mysql: as_mysql_roll_usage: Everything rolled up
[2025-09-15T12:05:28.397] debug2: DBD_CLUSTER_TRES: called in CONN 8 for linux(1=2,2=2000,3=0,4=2,5=2,6=0,7=0,8=0)
[2025-09-15T12:10:28.755] debug2: DBD_CLUSTER_TRES: called in CONN 8 for linux(1=2,2=2000,3=0,4=2,5=2,6=0,7=0,8=0)
[2025-09-15T12:15:28.104] debug2: DBD_CLUSTER_TRES: called in CONN 8 for linux(1=2,2=2000,3=0,4=2,5=2,6=0,7=0,8=0)
[2025-09-15T12:20:28.458] debug2: DBD_CLUSTER_TRES: called in CONN 8 for linux(1=2,2=2000,3=0,4=2,5=2,6=0,7=0,8=0)
[2025-09-15T12:25:28.807] debug2: DBD_CLUSTER_TRES: called in CONN 8 for linux(1=2,2=2000,3=0,4=2,5=2,6=0,7=0,8=0)
[2025-09-15T12:30:28.161] debug2: DBD_CLUSTER_TRES: called in CONN 8 for linux(1=2,2=2000,3=0,4=2,5=2,6=0,7=0,8=0)
[2025-09-15T12:35:28.535] debug2: DBD_CLUSTER_TRES: called in CONN 8 for linux(1=2,2=2000,3=0,4=2,5=2,6=0,7=0,8=0)
[2025-09-15T12:40:28.889] debug2: DBD_CLUSTER_TRES: called in CONN 8 for linux(1=2,2=2000,3=0,4=2,5=2,6=0,7=0,8=0)
[2025-09-15T12:45:28.255] debug2: DBD_CLUSTER_TRES: called in CONN 8 for linux(1=2,2=2000,3=0,4=2,5=2,6=0,7=0,8=0)
[2025-09-15T12:50:28.614] debug2: DBD_CLUSTER_TRES: called in CONN 8 for linux(1=2,2=2000,3=0,4=2,5=2,6=0,7=0,8=0)
[2025-09-15T12:55:28.971] debug2: DBD_CLUSTER_TRES: called in CONN 8 for linux(1=2,2=2000,3=0,4=2,5=2,6=0,7=0,8=0)
[2025-09-15T13:00:00.613] debug2: running rollup at Mon Sep 15 13:00:00 2025
[2025-09-15T13:00:00.614] debug2: Attempting to connect to mysql:3306
[2025-09-15T13:00:00.619] debug2: accounting_storage/as_mysql: _cluster_rollup_usage: No need to roll cluster linux this day 1757894400 <= 1757894400
[2025-09-15T13:00:00.619] debug2: accounting_storage/as_mysql: _cluster_rollup_usage: No need to roll cluster linux this month 1756684800 <= 1756684800
[2025-09-15T13:00:00.623] debug2: accounting_storage/as_mysql: as_mysql_roll_usage: Got 1 of 1 rolled up
[2025-09-15T13:00:00.623] debug2: accounting_storage/as_mysql: as_mysql_roll_usage: Everything rolled up
[2025-09-15T13:00:28.325] debug2: DBD_CLUSTER_TRES: called in CONN 8 for linux(1=2,2=2000,3=0,4=2,5=2,6=0,7=0,8=0)
[2025-09-15T13:05:28.682] debug2: DBD_CLUSTER_TRES: called in CONN 8 for linux(1=2,2=2000,3=0,4=2,5=2,6=0,7=0,8=0)
[2025-09-15T13:10:29.041] debug2: DBD_CLUSTER_TRES: called in CONN 8 for linux(1=2,2=2000,3=0,4=2,5=2,6=0,7=0,8=0)
[2025-09-15T13:15:28.401] debug2: DBD_CLUSTER_TRES: called in CONN 8 for linux(1=2,2=2000,3=0,4=2,5=2,6=0,7=0,8=0)
[2025-09-15T13:20:28.749] debug2: DBD_CLUSTER_TRES: called in CONN 8 for linux(1=2,2=2000,3=0,4=2,5=2,6=0,7=0,8=0)
[2025-09-15T13:25:28.118] debug2: DBD_CLUSTER_TRES: called in CONN 8 for linux(1=2,2=2000,3=0,4=2,5=2,6=0,7=0,8=0)
[2025-09-15T13:30:28.452] debug2: DBD_CLUSTER_TRES: called in CONN 8 for linux(1=2,2=2000,3=0,4=2,5=2,6=0,7=0,8=0)
[2025-09-15T13:35:28.813] debug2: DBD_CLUSTER_TRES: called in CONN 8 for linux(1=2,2=2000,3=0,4=2,5=2,6=0,7=0,8=0)
[2025-09-15T13:40:28.171] debug2: DBD_CLUSTER_TRES: called in CONN 8 for linux(1=2,2=2000,3=0,4=2,5=2,6=0,7=0,8=0)
[2025-09-15T13:45:28.540] debug2: DBD_CLUSTER_TRES: called in CONN 8 for linux(1=2,2=2000,3=0,4=2,5=2,6=0,7=0,8=0)
[2025-09-15T13:50:28.910] debug2: DBD_CLUSTER_TRES: called in CONN 8 for linux(1=2,2=2000,3=0,4=2,5=2,6=0,7=0,8=0)
[2025-09-15T13:55:28.279] debug2: DBD_CLUSTER_TRES: called in CONN 8 for linux(1=2,2=2000,3=0,4=2,5=2,6=0,7=0,8=0)
[2025-09-15T14:00:00.471] debug2: running rollup at Mon Sep 15 14:00:00 2025
[2025-09-15T14:00:00.471] debug2: Attempting to connect to mysql:3306
[2025-09-15T14:00:00.477] debug2: accounting_storage/as_mysql: _cluster_rollup_usage: No need to roll cluster linux this day 1757894400 <= 1757894400
[2025-09-15T14:00:00.477] debug2: accounting_storage/as_mysql: _cluster_rollup_usage: No need to roll cluster linux this month 1756684800 <= 1756684800
[2025-09-15T14:00:00.479] debug2: accounting_storage/as_mysql: as_mysql_roll_usage: Got 1 of 1 rolled up
[2025-09-15T14:00:00.479] debug2: accounting_storage/as_mysql: as_mysql_roll_usage: Everything rolled up
[2025-09-15T14:00:28.641] debug2: DBD_CLUSTER_TRES: called in CONN 8 for linux(1=2,2=2000,3=0,4=2,5=2,6=0,7=0,8=0)
[2025-09-15T14:05:28.991] debug2: DBD_CLUSTER_TRES: called in CONN 8 for linux(1=2,2=2000,3=0,4=2,5=2,6=0,7=0,8=0)
[2025-09-15T14:10:28.341] debug2: DBD_CLUSTER_TRES: called in CONN 8 for linux(1=2,2=2000,3=0,4=2,5=2,6=0,7=0,8=0)
[2025-09-15T14:15:28.699] debug2: DBD_CLUSTER_TRES: called in CONN 8 for linux(1=2,2=2000,3=0,4=2,5=2,6=0,7=0,8=0)
[2025-09-15T14:20:28.053] debug2: DBD_CLUSTER_TRES: called in CONN 8 for linux(1=2,2=2000,3=0,4=2,5=2,6=0,7=0,8=0)
[2025-09-15T14:25:28.411] debug2: DBD_CLUSTER_TRES: called in CONN 8 for linux(1=2,2=2000,3=0,4=2,5=2,6=0,7=0,8=0)
[2025-09-15T14:30:28.770] debug2: DBD_CLUSTER_TRES: called in CONN 8 for linux(1=2,2=2000,3=0,4=2,5=2,6=0,7=0,8=0)
[2025-09-15T14:35:28.130] debug2: DBD_CLUSTER_TRES: called in CONN 8 for linux(1=2,2=2000,3=0,4=2,5=2,6=0,7=0,8=0)
[2025-09-15T14:40:28.484] debug2: DBD_CLUSTER_TRES: called in CONN 8 for linux(1=2,2=2000,3=0,4=2,5=2,6=0,7=0,8=0)
[2025-09-15T14:45:28.850] debug2: DBD_CLUSTER_TRES: called in CONN 8 for linux(1=2,2=2000,3=0,4=2,5=2,6=0,7=0,8=0)
[2025-09-15T14:50:28.201] debug2: DBD_CLUSTER_TRES: called in CONN 8 for linux(1=2,2=2000,3=0,4=2,5=2,6=0,7=0,8=0)
[2025-09-15T14:55:28.559] debug2: DBD_CLUSTER_TRES: called in CONN 8 for linux(1=2,2=2000,3=0,4=2,5=2,6=0,7=0,8=0)
[2025-09-15T15:00:00.354] debug2: running rollup at Mon Sep 15 15:00:00 2025
[2025-09-15T15:00:00.354] debug2: Attempting to connect to mysql:3306
[2025-09-15T15:00:00.359] debug2: accounting_storage/as_mysql: _cluster_rollup_usage: No need to roll cluster linux this day 1757894400 <= 1757894400
[2025-09-15T15:00:00.360] debug2: accounting_storage/as_mysql: _cluster_rollup_usage: No need to roll cluster linux this month 1756684800 <= 1756684800
[2025-09-15T15:00:00.363] debug2: accounting_storage/as_mysql: as_mysql_roll_usage: Got 1 of 1 rolled up
[2025-09-15T15:00:00.363] debug2: accounting_storage/as_mysql: as_mysql_roll_usage: Everything rolled up
[2025-09-15T15:00:28.917] debug2: DBD_CLUSTER_TRES: called in CONN 8 for linux(1=2,2=2000,3=0,4=2,5=2,6=0,7=0,8=0)
[2025-09-15T15:05:28.272] debug2: DBD_CLUSTER_TRES: called in CONN 8 for linux(1=2,2=2000,3=0,4=2,5=2,6=0,7=0,8=0)
[2025-09-15T15:10:28.626] debug2: DBD_CLUSTER_TRES: called in CONN 8 for linux(1=2,2=2000,3=0,4=2,5=2,6=0,7=0,8=0)
[2025-09-15T15:15:28.972] debug2: DBD_CLUSTER_TRES: called in CONN 8 for linux(1=2,2=2000,3=0,4=2,5=2,6=0,7=0,8=0)
[2025-09-15T15:20:28.314] debug2: DBD_CLUSTER_TRES: called in CONN 8 for linux(1=2,2=2000,3=0,4=2,5=2,6=0,7=0,8=0)
[2025-09-15T15:25:28.667] debug2: DBD_CLUSTER_TRES: called in CONN 8 for linux(1=2,2=2000,3=0,4=2,5=2,6=0,7=0,8=0)
[2025-09-15T15:30:29.022] debug2: DBD_CLUSTER_TRES: called in CONN 8 for linux(1=2,2=2000,3=0,4=2,5=2,6=0,7=0,8=0)
[2025-09-15T15:35:28.376] debug2: DBD_CLUSTER_TRES: called in CONN 8 for linux(1=2,2=2000,3=0,4=2,5=2,6=0,7=0,8=0)
[2025-09-15T15:40:28.735] debug2: DBD_CLUSTER_TRES: called in CONN 8 for linux(1=2,2=2000,3=0,4=2,5=2,6=0,7=0,8=0)
[2025-09-15T15:45:28.083] debug2: DBD_CLUSTER_TRES: called in CONN 8 for linux(1=2,2=2000,3=0,4=2,5=2,6=0,7=0,8=0)
[2025-09-15T15:50:28.434] debug2: DBD_CLUSTER_TRES: called in CONN 8 for linux(1=2,2=2000,3=0,4=2,5=2,6=0,7=0,8=0)
[2025-09-15T15:55:28.782] debug2: DBD_CLUSTER_TRES: called in CONN 8 for linux(1=2,2=2000,3=0,4=2,5=2,6=0,7=0,8=0)
[2025-09-15T16:00:00.178] debug2: running rollup at Mon Sep 15 16:00:00 2025
[2025-09-15T16:00:00.179] debug2: Attempting to connect to mysql:3306
[2025-09-15T16:00:00.184] debug2: accounting_storage/as_mysql: _cluster_rollup_usage: No need to roll cluster linux this day 1757894400 <= 1757894400
[2025-09-15T16:00:00.184] debug2: accounting_storage/as_mysql: _cluster_rollup_usage: No need to roll cluster linux this month 1756684800 <= 1756684800
[2025-09-15T16:00:00.187] debug2: accounting_storage/as_mysql: as_mysql_roll_usage: Got 1 of 1 rolled up
[2025-09-15T16:00:00.187] debug2: accounting_storage/as_mysql: as_mysql_roll_usage: Everything rolled up
[2025-09-15T16:00:28.133] debug2: DBD_CLUSTER_TRES: called in CONN 8 for linux(1=2,2=2000,3=0,4=2,5=2,6=0,7=0,8=0)
[2025-09-15T16:05:28.477] debug2: DBD_CLUSTER_TRES: called in CONN 8 for linux(1=2,2=2000,3=0,4=2,5=2,6=0,7=0,8=0)
[2025-09-15T16:10:28.830] debug2: DBD_CLUSTER_TRES: called in CONN 8 for linux(1=2,2=2000,3=0,4=2,5=2,6=0,7=0,8=0)
[2025-09-15T16:15:28.173] debug2: DBD_CLUSTER_TRES: called in CONN 8 for linux(1=2,2=2000,3=0,4=2,5=2,6=0,7=0,8=0)
[2025-09-15T16:20:28.538] debug2: DBD_CLUSTER_TRES: called in CONN 8 for linux(1=2,2=2000,3=0,4=2,5=2,6=0,7=0,8=0)
[2025-09-15T16:25:28.895] debug2: DBD_CLUSTER_TRES: called in CONN 8 for linux(1=2,2=2000,3=0,4=2,5=2,6=0,7=0,8=0)
[2025-09-15T16:30:28.256] debug2: DBD_CLUSTER_TRES: called in CONN 8 for linux(1=2,2=2000,3=0,4=2,5=2,6=0,7=0,8=0)
[2025-09-15T16:35:28.600] debug2: DBD_CLUSTER_TRES: called in CONN 8 for linux(1=2,2=2000,3=0,4=2,5=2,6=0,7=0,8=0)
[2025-09-15T16:40:28.957] debug2: DBD_CLUSTER_TRES: called in CONN 8 for linux(1=2,2=2000,3=0,4=2,5=2,6=0,7=0,8=0)
[2025-09-15T16:45:28.309] debug2: DBD_CLUSTER_TRES: called in CONN 8 for linux(1=2,2=2000,3=0,4=2,5=2,6=0,7=0,8=0)
[2025-09-15T16:50:28.657] debug2: DBD_CLUSTER_TRES: called in CONN 8 for linux(1=2,2=2000,3=0,4=2,5=2,6=0,7=0,8=0)
[2025-09-15T16:55:28.999] debug2: DBD_CLUSTER_TRES: called in CONN 8 for linux(1=2,2=2000,3=0,4=2,5=2,6=0,7=0,8=0)
[2025-09-15T17:00:00.050] debug2: running rollup at Mon Sep 15 17:00:00 2025
[2025-09-15T17:00:00.051] debug2: Attempting to connect to mysql:3306
[2025-09-15T17:00:00.056] debug2: accounting_storage/as_mysql: _cluster_rollup_usage: No need to roll cluster linux this day 1757894400 <= 1757894400
[2025-09-15T17:00:00.056] debug2: accounting_storage/as_mysql: _cluster_rollup_usage: No need to roll cluster linux this month 1756684800 <= 1756684800
[2025-09-15T17:00:00.058] debug2: accounting_storage/as_mysql: as_mysql_roll_usage: Got 1 of 1 rolled up
[2025-09-15T17:00:00.058] debug2: accounting_storage/as_mysql: as_mysql_roll_usage: Everything rolled up
[2025-09-15T17:00:28.348] debug2: DBD_CLUSTER_TRES: called in CONN 8 for linux(1=2,2=2000,3=0,4=2,5=2,6=0,7=0,8=0)
[2025-09-15T17:05:28.701] debug2: DBD_CLUSTER_TRES: called in CONN 8 for linux(1=2,2=2000,3=0,4=2,5=2,6=0,7=0,8=0)
[2025-09-15T17:10:29.042] debug2: DBD_CLUSTER_TRES: called in CONN 8 for linux(1=2,2=2000,3=0,4=2,5=2,6=0,7=0,8=0)
[2025-09-15T17:15:28.391] debug2: DBD_CLUSTER_TRES: called in CONN 8 for linux(1=2,2=2000,3=0,4=2,5=2,6=0,7=0,8=0)
[2025-09-15T17:20:28.740] debug2: DBD_CLUSTER_TRES: called in CONN 8 for linux(1=2,2=2000,3=0,4=2,5=2,6=0,7=0,8=0)
[2025-09-15T17:25:28.110] debug2: DBD_CLUSTER_TRES: called in CONN 8 for linux(1=2,2=2000,3=0,4=2,5=2,6=0,7=0,8=0)
[2025-09-15T17:30:28.463] debug2: DBD_CLUSTER_TRES: called in CONN 8 for linux(1=2,2=2000,3=0,4=2,5=2,6=0,7=0,8=0)
[2025-09-15T17:35:28.816] debug2: DBD_CLUSTER_TRES: called in CONN 8 for linux(1=2,2=2000,3=0,4=2,5=2,6=0,7=0,8=0)
[2025-09-15T17:40:28.177] debug2: DBD_CLUSTER_TRES: called in CONN 8 for linux(1=2,2=2000,3=0,4=2,5=2,6=0,7=0,8=0)
[2025-09-15T17:45:28.513] debug2: DBD_CLUSTER_TRES: called in CONN 8 for linux(1=2,2=2000,3=0,4=2,5=2,6=0,7=0,8=0)
[2025-09-15T17:50:28.852] debug2: DBD_CLUSTER_TRES: called in CONN 8 for linux(1=2,2=2000,3=0,4=2,5=2,6=0,7=0,8=0)
[2025-09-15T17:55:28.197] debug2: DBD_CLUSTER_TRES: called in CONN 8 for linux(1=2,2=2000,3=0,4=2,5=2,6=0,7=0,8=0)
[2025-09-15T17:59:59.876] debug2: running rollup at Mon Sep 15 18:00:00 2025
[2025-09-15T17:59:59.876] debug2: Attempting to connect to mysql:3306
[2025-09-15T17:59:59.878] debug2: accounting_storage/as_mysql: _cluster_rollup_usage: No need to roll cluster linux this hour 1757955600 <= 1757955600
[2025-09-15T17:59:59.878] debug2: accounting_storage/as_mysql: _cluster_rollup_usage: No need to roll cluster linux this day 1757894400 <= 1757894400
[2025-09-15T17:59:59.878] debug2: accounting_storage/as_mysql: _cluster_rollup_usage: No need to roll cluster linux this month 1756684800 <= 1756684800
[2025-09-15T17:59:59.878] debug2: accounting_storage/as_mysql: as_mysql_roll_usage: Got 1 of 1 rolled up
[2025-09-15T17:59:59.878] debug2: accounting_storage/as_mysql: as_mysql_roll_usage: Everything rolled up
[2025-09-15T18:00:00.879] debug2: running rollup at Mon Sep 15 18:00:00 2025
[2025-09-15T18:00:00.880] debug2: Attempting to connect to mysql:3306
[2025-09-15T18:00:00.886] debug2: accounting_storage/as_mysql: _cluster_rollup_usage: No need to roll cluster linux this day 1757894400 <= 1757894400
[2025-09-15T18:00:00.886] debug2: accounting_storage/as_mysql: _cluster_rollup_usage: No need to roll cluster linux this month 1756684800 <= 1756684800
[2025-09-15T18:00:00.888] debug2: accounting_storage/as_mysql: as_mysql_roll_usage: Got 1 of 1 rolled up
[2025-09-15T18:00:00.888] debug2: accounting_storage/as_mysql: as_mysql_roll_usage: Everything rolled up
[2025-09-15T18:00:28.553] debug2: DBD_CLUSTER_TRES: called in CONN 8 for linux(1=2,2=2000,3=0,4=2,5=2,6=0,7=0,8=0)
[2025-09-15T18:05:28.907] debug2: DBD_CLUSTER_TRES: called in CONN 8 for linux(1=2,2=2000,3=0,4=2,5=2,6=0,7=0,8=0)
[2025-09-15T18:10:28.252] debug2: DBD_CLUSTER_TRES: called in CONN 8 for linux(1=2,2=2000,3=0,4=2,5=2,6=0,7=0,8=0)
[2025-09-15T18:15:28.615] debug2: DBD_CLUSTER_TRES: called in CONN 8 for linux(1=2,2=2000,3=0,4=2,5=2,6=0,7=0,8=0)
[2025-09-15T18:20:28.977] debug2: DBD_CLUSTER_TRES: called in CONN 8 for linux(1=2,2=2000,3=0,4=2,5=2,6=0,7=0,8=0)
[2025-09-15T18:25:28.323] debug2: DBD_CLUSTER_TRES: called in CONN 8 for linux(1=2,2=2000,3=0,4=2,5=2,6=0,7=0,8=0)
[2025-09-15T18:30:28.686] debug2: DBD_CLUSTER_TRES: called in CONN 8 for linux(1=2,2=2000,3=0,4=2,5=2,6=0,7=0,8=0)
[2025-09-15T18:35:29.032] debug2: DBD_CLUSTER_TRES: called in CONN 8 for linux(1=2,2=2000,3=0,4=2,5=2,6=0,7=0,8=0)
[2025-09-15T18:40:28.383] debug2: DBD_CLUSTER_TRES: called in CONN 8 for linux(1=2,2=2000,3=0,4=2,5=2,6=0,7=0,8=0)
[2025-09-15T18:45:28.729] debug2: DBD_CLUSTER_TRES: called in CONN 8 for linux(1=2,2=2000,3=0,4=2,5=2,6=0,7=0,8=0)
[2025-09-15T18:50:28.087] debug2: DBD_CLUSTER_TRES: called in CONN 8 for linux(1=2,2=2000,3=0,4=2,5=2,6=0,7=0,8=0)
[2025-09-15T18:55:28.430] debug2: DBD_CLUSTER_TRES: called in CONN 8 for linux(1=2,2=2000,3=0,4=2,5=2,6=0,7=0,8=0)
[2025-09-15T19:00:00.726] debug2: running rollup at Mon Sep 15 19:00:00 2025
[2025-09-15T19:00:00.726] debug2: Attempting to connect to mysql:3306
[2025-09-15T19:00:00.731] debug2: accounting_storage/as_mysql: _cluster_rollup_usage: No need to roll cluster linux this day 1757894400 <= 1757894400
[2025-09-15T19:00:00.731] debug2: accounting_storage/as_mysql: _cluster_rollup_usage: No need to roll cluster linux this month 1756684800 <= 1756684800
[2025-09-15T19:00:00.734] debug2: accounting_storage/as_mysql: as_mysql_roll_usage: Got 1 of 1 rolled up
[2025-09-15T19:00:00.734] debug2: accounting_storage/as_mysql: as_mysql_roll_usage: Everything rolled up
[2025-09-15T19:00:28.782] debug2: DBD_CLUSTER_TRES: called in CONN 8 for linux(1=2,2=2000,3=0,4=2,5=2,6=0,7=0,8=0)
[2025-09-15T19:05:28.134] debug2: DBD_CLUSTER_TRES: called in CONN 8 for linux(1=2,2=2000,3=0,4=2,5=2,6=0,7=0,8=0)
[2025-09-15T19:10:28.490] debug2: DBD_CLUSTER_TRES: called in CONN 8 for linux(1=2,2=2000,3=0,4=2,5=2,6=0,7=0,8=0)
[2025-09-15T19:15:28.850] debug2: DBD_CLUSTER_TRES: called in CONN 8 for linux(1=2,2=2000,3=0,4=2,5=2,6=0,7=0,8=0)
[2025-09-15T19:20:28.198] debug2: DBD_CLUSTER_TRES: called in CONN 8 for linux(1=2,2=2000,3=0,4=2,5=2,6=0,7=0,8=0)
[2025-09-15T19:25:28.546] debug2: DBD_CLUSTER_TRES: called in CONN 8 for linux(1=2,2=2000,3=0,4=2,5=2,6=0,7=0,8=0)
[2025-09-15T19:30:28.899] debug2: DBD_CLUSTER_TRES: called in CONN 8 for linux(1=2,2=2000,3=0,4=2,5=2,6=0,7=0,8=0)
[2025-09-15T19:35:28.247] debug2: DBD_CLUSTER_TRES: called in CONN 8 for linux(1=2,2=2000,3=0,4=2,5=2,6=0,7=0,8=0)
[2025-09-15T19:40:28.604] debug2: DBD_CLUSTER_TRES: called in CONN 8 for linux(1=2,2=2000,3=0,4=2,5=2,6=0,7=0,8=0)
[2025-09-15T19:45:28.953] debug2: DBD_CLUSTER_TRES: called in CONN 8 for linux(1=2,2=2000,3=0,4=2,5=2,6=0,7=0,8=0)
[2025-09-15T19:50:28.314] debug2: DBD_CLUSTER_TRES: called in CONN 8 for linux(1=2,2=2000,3=0,4=2,5=2,6=0,7=0,8=0)
[2025-09-15T19:55:28.651] debug2: DBD_CLUSTER_TRES: called in CONN 8 for linux(1=2,2=2000,3=0,4=2,5=2,6=0,7=0,8=0)
[2025-09-15T20:00:00.596] debug2: running rollup at Mon Sep 15 20:00:00 2025
[2025-09-15T20:00:00.596] debug2: Attempting to connect to mysql:3306
[2025-09-15T20:00:00.603] debug2: accounting_storage/as_mysql: _cluster_rollup_usage: No need to roll cluster linux this day 1757894400 <= 1757894400
[2025-09-15T20:00:00.603] debug2: accounting_storage/as_mysql: _cluster_rollup_usage: No need to roll cluster linux this month 1756684800 <= 1756684800
[2025-09-15T20:00:00.605] debug2: accounting_storage/as_mysql: as_mysql_roll_usage: Got 1 of 1 rolled up
[2025-09-15T20:00:00.605] debug2: accounting_storage/as_mysql: as_mysql_roll_usage: Everything rolled up
[2025-09-15T20:00:29.015] debug2: DBD_CLUSTER_TRES: called in CONN 8 for linux(1=2,2=2000,3=0,4=2,5=2,6=0,7=0,8=0)
[2025-09-15T20:05:28.376] debug2: DBD_CLUSTER_TRES: called in CONN 8 for linux(1=2,2=2000,3=0,4=2,5=2,6=0,7=0,8=0)
[2025-09-15T20:10:28.724] debug2: DBD_CLUSTER_TRES: called in CONN 8 for linux(1=2,2=2000,3=0,4=2,5=2,6=0,7=0,8=0)
[2025-09-15T20:15:28.075] debug2: DBD_CLUSTER_TRES: called in CONN 8 for linux(1=2,2=2000,3=0,4=2,5=2,6=0,7=0,8=0)
[2025-09-15T20:20:28.428] debug2: DBD_CLUSTER_TRES: called in CONN 8 for linux(1=2,2=2000,3=0,4=2,5=2,6=0,7=0,8=0)
[2025-09-15T20:25:28.785] debug2: DBD_CLUSTER_TRES: called in CONN 8 for linux(1=2,2=2000,3=0,4=2,5=2,6=0,7=0,8=0)
[2025-09-15T20:30:28.124] debug2: DBD_CLUSTER_TRES: called in CONN 8 for linux(1=2,2=2000,3=0,4=2,5=2,6=0,7=0,8=0)
[2025-09-15T20:35:28.470] debug2: DBD_CLUSTER_TRES: called in CONN 8 for linux(1=2,2=2000,3=0,4=2,5=2,6=0,7=0,8=0)
[2025-09-15T20:40:28.818] debug2: DBD_CLUSTER_TRES: called in CONN 8 for linux(1=2,2=2000,3=0,4=2,5=2,6=0,7=0,8=0)
[2025-09-15T20:45:28.176] debug2: DBD_CLUSTER_TRES: called in CONN 8 for linux(1=2,2=2000,3=0,4=2,5=2,6=0,7=0,8=0)
[2025-09-15T20:50:28.525] debug2: DBD_CLUSTER_TRES: called in CONN 8 for linux(1=2,2=2000,3=0,4=2,5=2,6=0,7=0,8=0)
[2025-09-15T20:55:28.861] debug2: DBD_CLUSTER_TRES: called in CONN 8 for linux(1=2,2=2000,3=0,4=2,5=2,6=0,7=0,8=0)
[2025-09-15T21:00:00.472] debug2: running rollup at Mon Sep 15 21:00:00 2025
[2025-09-15T21:00:00.473] debug2: Attempting to connect to mysql:3306
[2025-09-15T21:00:00.478] debug2: accounting_storage/as_mysql: _cluster_rollup_usage: No need to roll cluster linux this day 1757894400 <= 1757894400
[2025-09-15T21:00:00.478] debug2: accounting_storage/as_mysql: _cluster_rollup_usage: No need to roll cluster linux this month 1756684800 <= 1756684800
[2025-09-15T21:00:00.480] debug2: accounting_storage/as_mysql: as_mysql_roll_usage: Got 1 of 1 rolled up
[2025-09-15T21:00:00.480] debug2: accounting_storage/as_mysql: as_mysql_roll_usage: Everything rolled up
[2025-09-15T21:00:28.227] debug2: DBD_CLUSTER_TRES: called in CONN 8 for linux(1=2,2=2000,3=0,4=2,5=2,6=0,7=0,8=0)
[2025-09-15T21:05:28.571] debug2: DBD_CLUSTER_TRES: called in CONN 8 for linux(1=2,2=2000,3=0,4=2,5=2,6=0,7=0,8=0)
[2025-09-15T21:10:28.925] debug2: DBD_CLUSTER_TRES: called in CONN 8 for linux(1=2,2=2000,3=0,4=2,5=2,6=0,7=0,8=0)
[2025-09-15T21:15:28.274] debug2: DBD_CLUSTER_TRES: called in CONN 8 for linux(1=2,2=2000,3=0,4=2,5=2,6=0,7=0,8=0)
[2025-09-15T21:20:28.627] debug2: DBD_CLUSTER_TRES: called in CONN 8 for linux(1=2,2=2000,3=0,4=2,5=2,6=0,7=0,8=0)
[2025-09-15T21:25:28.992] debug2: DBD_CLUSTER_TRES: called in CONN 8 for linux(1=2,2=2000,3=0,4=2,5=2,6=0,7=0,8=0)
[2025-09-15T21:30:28.337] debug2: DBD_CLUSTER_TRES: called in CONN 8 for linux(1=2,2=2000,3=0,4=2,5=2,6=0,7=0,8=0)
[2025-09-15T21:35:28.694] debug2: DBD_CLUSTER_TRES: called in CONN 8 for linux(1=2,2=2000,3=0,4=2,5=2,6=0,7=0,8=0)
[2025-09-15T21:40:28.055] debug2: DBD_CLUSTER_TRES: called in CONN 8 for linux(1=2,2=2000,3=0,4=2,5=2,6=0,7=0,8=0)
[2025-09-15T21:45:28.407] debug2: DBD_CLUSTER_TRES: called in CONN 8 for linux(1=2,2=2000,3=0,4=2,5=2,6=0,7=0,8=0)
[2025-09-15T21:50:28.764] debug2: DBD_CLUSTER_TRES: called in CONN 8 for linux(1=2,2=2000,3=0,4=2,5=2,6=0,7=0,8=0)
[2025-09-15T21:55:28.116] debug2: DBD_CLUSTER_TRES: called in CONN 8 for linux(1=2,2=2000,3=0,4=2,5=2,6=0,7=0,8=0)
[2025-09-15T22:00:00.343] debug2: running rollup at Mon Sep 15 22:00:00 2025
[2025-09-15T22:00:00.344] debug2: Attempting to connect to mysql:3306
[2025-09-15T22:00:00.349] debug2: accounting_storage/as_mysql: _cluster_rollup_usage: No need to roll cluster linux this day 1757894400 <= 1757894400
[2025-09-15T22:00:00.349] debug2: accounting_storage/as_mysql: _cluster_rollup_usage: No need to roll cluster linux this month 1756684800 <= 1756684800
[2025-09-15T22:00:00.351] debug2: accounting_storage/as_mysql: as_mysql_roll_usage: Got 1 of 1 rolled up
[2025-09-15T22:00:00.351] debug2: accounting_storage/as_mysql: as_mysql_roll_usage: Everything rolled up
[2025-09-15T22:00:28.464] debug2: DBD_CLUSTER_TRES: called in CONN 8 for linux(1=2,2=2000,3=0,4=2,5=2,6=0,7=0,8=0)
[2025-09-15T22:05:28.821] debug2: DBD_CLUSTER_TRES: called in CONN 8 for linux(1=2,2=2000,3=0,4=2,5=2,6=0,7=0,8=0)
[2025-09-15T22:10:28.165] debug2: DBD_CLUSTER_TRES: called in CONN 8 for linux(1=2,2=2000,3=0,4=2,5=2,6=0,7=0,8=0)
[2025-09-15T22:15:28.521] debug2: DBD_CLUSTER_TRES: called in CONN 8 for linux(1=2,2=2000,3=0,4=2,5=2,6=0,7=0,8=0)
[2025-09-15T22:20:28.878] debug2: DBD_CLUSTER_TRES: called in CONN 8 for linux(1=2,2=2000,3=0,4=2,5=2,6=0,7=0,8=0)
[2025-09-15T22:25:28.238] debug2: DBD_CLUSTER_TRES: called in CONN 8 for linux(1=2,2=2000,3=0,4=2,5=2,6=0,7=0,8=0)
[2025-09-15T22:30:28.607] debug2: DBD_CLUSTER_TRES: called in CONN 8 for linux(1=2,2=2000,3=0,4=2,5=2,6=0,7=0,8=0)
[2025-09-15T22:35:28.959] debug2: DBD_CLUSTER_TRES: called in CONN 8 for linux(1=2,2=2000,3=0,4=2,5=2,6=0,7=0,8=0)
[2025-09-15T22:40:28.311] debug2: DBD_CLUSTER_TRES: called in CONN 8 for linux(1=2,2=2000,3=0,4=2,5=2,6=0,7=0,8=0)
[2025-09-15T22:45:28.676] debug2: DBD_CLUSTER_TRES: called in CONN 8 for linux(1=2,2=2000,3=0,4=2,5=2,6=0,7=0,8=0)
[2025-09-15T22:50:29.024] debug2: DBD_CLUSTER_TRES: called in CONN 8 for linux(1=2,2=2000,3=0,4=2,5=2,6=0,7=0,8=0)
[2025-09-15T22:55:28.379] debug2: DBD_CLUSTER_TRES: called in CONN 8 for linux(1=2,2=2000,3=0,4=2,5=2,6=0,7=0,8=0)
[2025-09-15T23:00:00.196] debug2: running rollup at Mon Sep 15 23:00:00 2025
[2025-09-15T23:00:00.196] debug2: Attempting to connect to mysql:3306
[2025-09-15T23:00:00.202] debug2: accounting_storage/as_mysql: _cluster_rollup_usage: No need to roll cluster linux this day 1757894400 <= 1757894400
[2025-09-15T23:00:00.202] debug2: accounting_storage/as_mysql: _cluster_rollup_usage: No need to roll cluster linux this month 1756684800 <= 1756684800
[2025-09-15T23:00:00.205] debug2: accounting_storage/as_mysql: as_mysql_roll_usage: Got 1 of 1 rolled up
[2025-09-15T23:00:00.205] debug2: accounting_storage/as_mysql: as_mysql_roll_usage: Everything rolled up
[2025-09-15T23:00:28.728] debug2: DBD_CLUSTER_TRES: called in CONN 8 for linux(1=2,2=2000,3=0,4=2,5=2,6=0,7=0,8=0)
[2025-09-15T23:05:28.074] debug2: DBD_CLUSTER_TRES: called in CONN 8 for linux(1=2,2=2000,3=0,4=2,5=2,6=0,7=0,8=0)
[2025-09-15T23:10:28.411] debug2: DBD_CLUSTER_TRES: called in CONN 8 for linux(1=2,2=2000,3=0,4=2,5=2,6=0,7=0,8=0)
[2025-09-15T23:15:28.765] debug2: DBD_CLUSTER_TRES: called in CONN 8 for linux(1=2,2=2000,3=0,4=2,5=2,6=0,7=0,8=0)
[2025-09-15T23:20:28.119] debug2: DBD_CLUSTER_TRES: called in CONN 8 for linux(1=2,2=2000,3=0,4=2,5=2,6=0,7=0,8=0)
[2025-09-15T23:25:28.470] debug2: DBD_CLUSTER_TRES: called in CONN 8 for linux(1=2,2=2000,3=0,4=2,5=2,6=0,7=0,8=0)
[2025-09-15T23:30:28.826] debug2: DBD_CLUSTER_TRES: called in CONN 8 for linux(1=2,2=2000,3=0,4=2,5=2,6=0,7=0,8=0)
[2025-09-15T23:35:28.177] debug2: DBD_CLUSTER_TRES: called in CONN 8 for linux(1=2,2=2000,3=0,4=2,5=2,6=0,7=0,8=0)
[2025-09-15T23:40:28.522] debug2: DBD_CLUSTER_TRES: called in CONN 8 for linux(1=2,2=2000,3=0,4=2,5=2,6=0,7=0,8=0)
[2025-09-15T23:45:28.868] debug2: DBD_CLUSTER_TRES: called in CONN 8 for linux(1=2,2=2000,3=0,4=2,5=2,6=0,7=0,8=0)
[2025-09-15T23:50:28.215] debug2: DBD_CLUSTER_TRES: called in CONN 8 for linux(1=2,2=2000,3=0,4=2,5=2,6=0,7=0,8=0)
[2025-09-15T23:55:28.563] debug2: DBD_CLUSTER_TRES: called in CONN 8 for linux(1=2,2=2000,3=0,4=2,5=2,6=0,7=0,8=0)
[2025-09-16T00:00:00.017] debug2: running rollup at Tue Sep 16 00:00:00 2025
[2025-09-16T00:00:00.017] debug2: Attempting to connect to mysql:3306
[2025-09-16T00:00:00.022] debug2: accounting_storage/as_mysql: _cluster_rollup_usage: No need to roll cluster linux this month 1756684800 <= 1756684800
[2025-09-16T00:00:00.027] debug2: accounting_storage/as_mysql: as_mysql_roll_usage: Got 1 of 1 rolled up
[2025-09-16T00:00:00.027] debug2: accounting_storage/as_mysql: as_mysql_roll_usage: Everything rolled up
[2025-09-16T00:00:28.912] debug2: DBD_CLUSTER_TRES: called in CONN 8 for linux(1=2,2=2000,3=0,4=2,5=2,6=0,7=0,8=0)
[2025-09-16T00:05:28.269] debug2: DBD_CLUSTER_TRES: called in CONN 8 for linux(1=2,2=2000,3=0,4=2,5=2,6=0,7=0,8=0)
[2025-09-16T00:10:28.624] debug2: DBD_CLUSTER_TRES: called in CONN 8 for linux(1=2,2=2000,3=0,4=2,5=2,6=0,7=0,8=0)
[2025-09-16T00:15:28.979] debug2: DBD_CLUSTER_TRES: called in CONN 8 for linux(1=2,2=2000,3=0,4=2,5=2,6=0,7=0,8=0)
[2025-09-16T00:20:28.331] debug2: DBD_CLUSTER_TRES: called in CONN 8 for linux(1=2,2=2000,3=0,4=2,5=2,6=0,7=0,8=0)
[2025-09-16T00:25:28.683] debug2: DBD_CLUSTER_TRES: called in CONN 8 for linux(1=2,2=2000,3=0,4=2,5=2,6=0,7=0,8=0)
[2025-09-16T00:30:29.036] debug2: DBD_CLUSTER_TRES: called in CONN 8 for linux(1=2,2=2000,3=0,4=2,5=2,6=0,7=0,8=0)
[2025-09-16T00:31:53.527] debug:  REQUEST_PERSIST_INIT: CLUSTER:linux VERSION:9472 UID:0 IP:172.19.0.4 CONN:7
[2025-09-16T00:31:53.527] debug2: accounting_storage/as_mysql: acct_storage_p_get_connection: acct_storage_p_get_connection: request new connection 1
[2025-09-16T00:31:53.527] debug2: Attempting to connect to mysql:3306
[2025-09-16T00:31:53.573] debug2: DBD_FINI: CLOSE:0 COMMIT:0
[2025-09-16T00:31:53.660] debug2: DBD_GET_USERS: called in CONN 7
[2025-09-16T00:31:53.709] debug2: DBD_FINI: CLOSE:1 COMMIT:0
[2025-09-16T00:35:28.358] debug2: DBD_CLUSTER_TRES: called in CONN 8 for linux(1=2,2=2000,3=0,4=2,5=2,6=0,7=0,8=0)
[2025-09-16T00:40:28.267] debug2: DBD_CLUSTER_TRES: called in CONN 8 for linux(1=2,2=2000,3=0,4=2,5=2,6=0,7=0,8=0)
[2025-09-16T00:45:28.351] debug2: DBD_CLUSTER_TRES: called in CONN 8 for linux(1=2,2=2000,3=0,4=2,5=2,6=0,7=0,8=0)
[2025-09-16T00:50:29.033] debug2: DBD_CLUSTER_TRES: called in CONN 8 for linux(1=2,2=2000,3=0,4=2,5=2,6=0,7=0,8=0)
[2025-09-16T00:55:28.646] debug2: DBD_CLUSTER_TRES: called in CONN 8 for linux(1=2,2=2000,3=0,4=2,5=2,6=0,7=0,8=0)
[2025-09-16T00:58:33.273] debug2: running rollup at Tue Sep 16 01:00:00 2025
[2025-09-16T00:58:33.274] debug2: Attempting to connect to mysql:3306
[2025-09-16T00:58:33.276] debug2: accounting_storage/as_mysql: _cluster_rollup_usage: No need to roll cluster linux this hour 1757980800 <= 1757980800
[2025-09-16T00:58:33.276] debug2: accounting_storage/as_mysql: _cluster_rollup_usage: No need to roll cluster linux this day 1757980800 <= 1757980800
[2025-09-16T00:58:33.276] debug2: accounting_storage/as_mysql: _cluster_rollup_usage: No need to roll cluster linux this month 1756684800 <= 1756684800
[2025-09-16T00:58:33.276] debug2: accounting_storage/as_mysql: as_mysql_roll_usage: Got 1 of 1 rolled up
[2025-09-16T00:58:33.276] debug2: accounting_storage/as_mysql: as_mysql_roll_usage: Everything rolled up
[2025-09-16T00:59:54.997] debug2: running rollup at Tue Sep 16 01:00:00 2025
[2025-09-16T00:59:54.997] debug2: Attempting to connect to mysql:3306
[2025-09-16T00:59:54.999] debug2: accounting_storage/as_mysql: _cluster_rollup_usage: No need to roll cluster linux this hour 1757980800 <= 1757980800
[2025-09-16T00:59:54.999] debug2: accounting_storage/as_mysql: _cluster_rollup_usage: No need to roll cluster linux this day 1757980800 <= 1757980800
[2025-09-16T00:59:54.999] debug2: accounting_storage/as_mysql: _cluster_rollup_usage: No need to roll cluster linux this month 1756684800 <= 1756684800
[2025-09-16T00:59:54.999] debug2: accounting_storage/as_mysql: as_mysql_roll_usage: Got 1 of 1 rolled up
[2025-09-16T00:59:54.999] debug2: accounting_storage/as_mysql: as_mysql_roll_usage: Everything rolled up
[2025-09-16T01:00:01.000] debug2: running rollup at Tue Sep 16 01:00:00 2025
[2025-09-16T01:00:01.001] debug2: Attempting to connect to mysql:3306
[2025-09-16T01:00:01.007] debug2: accounting_storage/as_mysql: _cluster_rollup_usage: No need to roll cluster linux this day 1757980800 <= 1757980800
[2025-09-16T01:00:01.007] debug2: accounting_storage/as_mysql: _cluster_rollup_usage: No need to roll cluster linux this month 1756684800 <= 1756684800
[2025-09-16T01:00:01.012] debug2: accounting_storage/as_mysql: as_mysql_roll_usage: Got 1 of 1 rolled up
[2025-09-16T01:00:01.012] debug2: accounting_storage/as_mysql: as_mysql_roll_usage: Everything rolled up
[2025-09-16T01:00:28.838] debug2: DBD_CLUSTER_TRES: called in CONN 8 for linux(1=2,2=2000,3=0,4=2,5=2,6=0,7=0,8=0)
[2025-09-16T01:05:28.359] debug2: DBD_CLUSTER_TRES: called in CONN 8 for linux(1=2,2=2000,3=0,4=2,5=2,6=0,7=0,8=0)
[2025-09-16T01:10:28.136] debug2: DBD_CLUSTER_TRES: called in CONN 8 for linux(1=2,2=2000,3=0,4=2,5=2,6=0,7=0,8=0)
[2025-09-16T01:15:28.403] debug2: DBD_CLUSTER_TRES: called in CONN 8 for linux(1=2,2=2000,3=0,4=2,5=2,6=0,7=0,8=0)
[2025-09-16T01:20:28.109] debug2: DBD_CLUSTER_TRES: called in CONN 8 for linux(1=2,2=2000,3=0,4=2,5=2,6=0,7=0,8=0)
[2025-09-16T01:25:28.344] debug2: DBD_CLUSTER_TRES: called in CONN 8 for linux(1=2,2=2000,3=0,4=2,5=2,6=0,7=0,8=0)
[2025-09-16T01:30:28.106] debug2: DBD_CLUSTER_TRES: called in CONN 8 for linux(1=2,2=2000,3=0,4=2,5=2,6=0,7=0,8=0)
[2025-09-16T01:35:28.526] debug2: DBD_CLUSTER_TRES: called in CONN 8 for linux(1=2,2=2000,3=0,4=2,5=2,6=0,7=0,8=0)
[2025-09-16T01:40:29.037] debug2: DBD_CLUSTER_TRES: called in CONN 8 for linux(1=2,2=2000,3=0,4=2,5=2,6=0,7=0,8=0)
[2025-09-16T01:45:28.955] debug2: DBD_CLUSTER_TRES: called in CONN 8 for linux(1=2,2=2000,3=0,4=2,5=2,6=0,7=0,8=0)
[2025-09-16T01:50:29.056] debug2: DBD_CLUSTER_TRES: called in CONN 8 for linux(1=2,2=2000,3=0,4=2,5=2,6=0,7=0,8=0)
[2025-09-16T01:55:29.787] debug2: DBD_CLUSTER_TRES: called in CONN 8 for linux(1=2,2=2000,3=0,4=2,5=2,6=0,7=0,8=0)
[2025-09-16T01:56:07.953] debug2: running rollup at Tue Sep 16 02:00:00 2025
[2025-09-16T01:56:07.954] debug2: Attempting to connect to mysql:3306
[2025-09-16T01:56:07.957] debug2: accounting_storage/as_mysql: _cluster_rollup_usage: No need to roll cluster linux this hour 1757984400 <= 1757984400
[2025-09-16T01:56:07.957] debug2: accounting_storage/as_mysql: _cluster_rollup_usage: No need to roll cluster linux this day 1757980800 <= 1757980800
[2025-09-16T01:56:07.957] debug2: accounting_storage/as_mysql: _cluster_rollup_usage: No need to roll cluster linux this month 1756684800 <= 1756684800
[2025-09-16T01:56:07.957] debug2: accounting_storage/as_mysql: as_mysql_roll_usage: Got 1 of 1 rolled up
[2025-09-16T01:56:07.957] debug2: accounting_storage/as_mysql: as_mysql_roll_usage: Everything rolled up
[2025-09-16T01:59:44.308] debug2: running rollup at Tue Sep 16 02:00:00 2025
[2025-09-16T01:59:44.309] debug2: Attempting to connect to mysql:3306
[2025-09-16T01:59:44.311] debug2: accounting_storage/as_mysql: _cluster_rollup_usage: No need to roll cluster linux this hour 1757984400 <= 1757984400
[2025-09-16T01:59:44.311] debug2: accounting_storage/as_mysql: _cluster_rollup_usage: No need to roll cluster linux this day 1757980800 <= 1757980800
[2025-09-16T01:59:44.311] debug2: accounting_storage/as_mysql: _cluster_rollup_usage: No need to roll cluster linux this month 1756684800 <= 1756684800
[2025-09-16T01:59:44.311] debug2: accounting_storage/as_mysql: as_mysql_roll_usage: Got 1 of 1 rolled up
[2025-09-16T01:59:44.311] debug2: accounting_storage/as_mysql: as_mysql_roll_usage: Everything rolled up
[2025-09-16T01:59:58.230] debug2: running rollup at Tue Sep 16 02:00:00 2025
[2025-09-16T01:59:58.231] debug2: Attempting to connect to mysql:3306
[2025-09-16T01:59:58.233] debug2: accounting_storage/as_mysql: _cluster_rollup_usage: No need to roll cluster linux this hour 1757984400 <= 1757984400
[2025-09-16T01:59:58.233] debug2: accounting_storage/as_mysql: _cluster_rollup_usage: No need to roll cluster linux this day 1757980800 <= 1757980800
[2025-09-16T01:59:58.233] debug2: accounting_storage/as_mysql: _cluster_rollup_usage: No need to roll cluster linux this month 1756684800 <= 1756684800
[2025-09-16T01:59:58.234] debug2: accounting_storage/as_mysql: as_mysql_roll_usage: Got 1 of 1 rolled up
[2025-09-16T01:59:58.234] debug2: accounting_storage/as_mysql: as_mysql_roll_usage: Everything rolled up
[2025-09-16T02:00:00.234] debug2: running rollup at Tue Sep 16 02:00:00 2025
[2025-09-16T02:00:00.235] debug2: Attempting to connect to mysql:3306
[2025-09-16T02:00:00.243] debug2: accounting_storage/as_mysql: _cluster_rollup_usage: No need to roll cluster linux this day 1757980800 <= 1757980800
[2025-09-16T02:00:00.243] debug2: accounting_storage/as_mysql: _cluster_rollup_usage: No need to roll cluster linux this month 1756684800 <= 1756684800
[2025-09-16T02:00:00.247] debug2: accounting_storage/as_mysql: as_mysql_roll_usage: Got 1 of 1 rolled up
[2025-09-16T02:00:00.247] debug2: accounting_storage/as_mysql: as_mysql_roll_usage: Everything rolled up
[2025-09-16T02:00:29.459] debug2: DBD_CLUSTER_TRES: called in CONN 8 for linux(1=2,2=2000,3=0,4=2,5=2,6=0,7=0,8=0)
[2025-09-16T02:05:29.195] debug2: DBD_CLUSTER_TRES: called in CONN 8 for linux(1=2,2=2000,3=0,4=2,5=2,6=0,7=0,8=0)
[2025-09-16T02:10:29.817] debug2: DBD_CLUSTER_TRES: called in CONN 8 for linux(1=2,2=2000,3=0,4=2,5=2,6=0,7=0,8=0)
[2025-09-16T02:15:29.078] debug2: DBD_CLUSTER_TRES: called in CONN 8 for linux(1=2,2=2000,3=0,4=2,5=2,6=0,7=0,8=0)
[2025-09-16T02:20:29.980] debug2: DBD_CLUSTER_TRES: called in CONN 8 for linux(1=2,2=2000,3=0,4=2,5=2,6=0,7=0,8=0)
[2025-09-16T02:25:29.120] debug2: DBD_CLUSTER_TRES: called in CONN 8 for linux(1=2,2=2000,3=0,4=2,5=2,6=0,7=0,8=0)
[2025-09-16T02:30:29.752] debug2: DBD_CLUSTER_TRES: called in CONN 8 for linux(1=2,2=2000,3=0,4=2,5=2,6=0,7=0,8=0)
[2025-09-16T02:35:29.506] debug2: DBD_CLUSTER_TRES: called in CONN 8 for linux(1=2,2=2000,3=0,4=2,5=2,6=0,7=0,8=0)
[2025-09-16T02:40:29.271] debug2: DBD_CLUSTER_TRES: called in CONN 8 for linux(1=2,2=2000,3=0,4=2,5=2,6=0,7=0,8=0)
[2025-09-16T02:45:30.047] debug2: DBD_CLUSTER_TRES: called in CONN 8 for linux(1=2,2=2000,3=0,4=2,5=2,6=0,7=0,8=0)
[2025-09-16T02:50:29.127] debug2: DBD_CLUSTER_TRES: called in CONN 8 for linux(1=2,2=2000,3=0,4=2,5=2,6=0,7=0,8=0)
[2025-09-16T02:55:29.995] debug2: DBD_CLUSTER_TRES: called in CONN 8 for linux(1=2,2=2000,3=0,4=2,5=2,6=0,7=0,8=0)
[2025-09-16T02:55:43.359] debug2: running rollup at Tue Sep 16 03:00:00 2025
[2025-09-16T02:55:43.360] debug2: Attempting to connect to mysql:3306
[2025-09-16T02:55:43.363] debug2: accounting_storage/as_mysql: _cluster_rollup_usage: No need to roll cluster linux this hour 1757988000 <= 1757988000
[2025-09-16T02:55:43.363] debug2: accounting_storage/as_mysql: _cluster_rollup_usage: No need to roll cluster linux this day 1757980800 <= 1757980800
[2025-09-16T02:55:43.363] debug2: accounting_storage/as_mysql: _cluster_rollup_usage: No need to roll cluster linux this month 1756684800 <= 1756684800
[2025-09-16T02:55:43.363] debug2: accounting_storage/as_mysql: as_mysql_roll_usage: Got 1 of 1 rolled up
[2025-09-16T02:55:43.363] debug2: accounting_storage/as_mysql: as_mysql_roll_usage: Everything rolled up
[2025-09-16T02:59:42.804] debug2: running rollup at Tue Sep 16 03:00:00 2025
[2025-09-16T02:59:42.805] debug2: Attempting to connect to mysql:3306
[2025-09-16T02:59:42.808] debug2: accounting_storage/as_mysql: _cluster_rollup_usage: No need to roll cluster linux this hour 1757988000 <= 1757988000
[2025-09-16T02:59:42.808] debug2: accounting_storage/as_mysql: _cluster_rollup_usage: No need to roll cluster linux this day 1757980800 <= 1757980800
[2025-09-16T02:59:42.808] debug2: accounting_storage/as_mysql: _cluster_rollup_usage: No need to roll cluster linux this month 1756684800 <= 1756684800
[2025-09-16T02:59:42.808] debug2: accounting_storage/as_mysql: as_mysql_roll_usage: Got 1 of 1 rolled up
[2025-09-16T02:59:42.808] debug2: accounting_storage/as_mysql: as_mysql_roll_usage: Everything rolled up
[2025-09-16T02:59:58.589] debug2: running rollup at Tue Sep 16 03:00:00 2025
[2025-09-16T02:59:58.590] debug2: Attempting to connect to mysql:3306
[2025-09-16T02:59:58.592] debug2: accounting_storage/as_mysql: _cluster_rollup_usage: No need to roll cluster linux this hour 1757988000 <= 1757988000
[2025-09-16T02:59:58.592] debug2: accounting_storage/as_mysql: _cluster_rollup_usage: No need to roll cluster linux this day 1757980800 <= 1757980800
[2025-09-16T02:59:58.592] debug2: accounting_storage/as_mysql: _cluster_rollup_usage: No need to roll cluster linux this month 1756684800 <= 1756684800
[2025-09-16T02:59:58.592] debug2: accounting_storage/as_mysql: as_mysql_roll_usage: Got 1 of 1 rolled up
[2025-09-16T02:59:58.592] debug2: accounting_storage/as_mysql: as_mysql_roll_usage: Everything rolled up
[2025-09-16T03:00:00.594] debug2: running rollup at Tue Sep 16 03:00:00 2025
[2025-09-16T03:00:00.594] debug2: Attempting to connect to mysql:3306
[2025-09-16T03:00:00.605] debug2: accounting_storage/as_mysql: _cluster_rollup_usage: No need to roll cluster linux this day 1757980800 <= 1757980800
[2025-09-16T03:00:00.605] debug2: accounting_storage/as_mysql: _cluster_rollup_usage: No need to roll cluster linux this month 1756684800 <= 1756684800
[2025-09-16T03:00:00.613] debug2: accounting_storage/as_mysql: as_mysql_roll_usage: Got 1 of 1 rolled up
[2025-09-16T03:00:00.613] debug2: accounting_storage/as_mysql: as_mysql_roll_usage: Everything rolled up
[2025-09-16T03:00:29.844] debug2: DBD_CLUSTER_TRES: called in CONN 8 for linux(1=2,2=2000,3=0,4=2,5=2,6=0,7=0,8=0)
[2025-09-16T03:05:29.660] debug2: DBD_CLUSTER_TRES: called in CONN 8 for linux(1=2,2=2000,3=0,4=2,5=2,6=0,7=0,8=0)
[2025-09-16T03:10:29.590] debug2: DBD_CLUSTER_TRES: called in CONN 8 for linux(1=2,2=2000,3=0,4=2,5=2,6=0,7=0,8=0)
[2025-09-16T03:15:29.904] debug2: DBD_CLUSTER_TRES: called in CONN 8 for linux(1=2,2=2000,3=0,4=2,5=2,6=0,7=0,8=0)
[2025-09-16T03:20:29.112] debug2: DBD_CLUSTER_TRES: called in CONN 8 for linux(1=2,2=2000,3=0,4=2,5=2,6=0,7=0,8=0)
[2025-09-16T03:25:29.892] debug2: DBD_CLUSTER_TRES: called in CONN 8 for linux(1=2,2=2000,3=0,4=2,5=2,6=0,7=0,8=0)
[2025-09-16T03:30:29.453] debug2: DBD_CLUSTER_TRES: called in CONN 8 for linux(1=2,2=2000,3=0,4=2,5=2,6=0,7=0,8=0)
[2025-09-16T03:35:29.200] debug2: DBD_CLUSTER_TRES: called in CONN 8 for linux(1=2,2=2000,3=0,4=2,5=2,6=0,7=0,8=0)
[2025-09-16T03:40:29.867] debug2: DBD_CLUSTER_TRES: called in CONN 8 for linux(1=2,2=2000,3=0,4=2,5=2,6=0,7=0,8=0)
[2025-09-16T03:45:29.247] debug2: DBD_CLUSTER_TRES: called in CONN 8 for linux(1=2,2=2000,3=0,4=2,5=2,6=0,7=0,8=0)
[2025-09-16T03:50:29.287] debug2: DBD_CLUSTER_TRES: called in CONN 8 for linux(1=2,2=2000,3=0,4=2,5=2,6=0,7=0,8=0)
[2025-09-16T03:55:28.304] debug2: running rollup at Tue Sep 16 04:00:00 2025
[2025-09-16T03:55:28.305] debug2: Attempting to connect to mysql:3306
[2025-09-16T03:55:28.307] debug2: accounting_storage/as_mysql: _cluster_rollup_usage: No need to roll cluster linux this hour 1757991600 <= 1757991600
[2025-09-16T03:55:28.307] debug2: accounting_storage/as_mysql: _cluster_rollup_usage: No need to roll cluster linux this day 1757980800 <= 1757980800
[2025-09-16T03:55:28.307] debug2: accounting_storage/as_mysql: _cluster_rollup_usage: No need to roll cluster linux this month 1756684800 <= 1756684800
[2025-09-16T03:55:28.308] debug2: accounting_storage/as_mysql: as_mysql_roll_usage: Got 1 of 1 rolled up
[2025-09-16T03:55:28.308] debug2: accounting_storage/as_mysql: as_mysql_roll_usage: Everything rolled up
[2025-09-16T03:55:29.850] debug2: DBD_CLUSTER_TRES: called in CONN 8 for linux(1=2,2=2000,3=0,4=2,5=2,6=0,7=0,8=0)
[2025-09-16T03:59:39.377] debug2: running rollup at Tue Sep 16 04:00:00 2025
[2025-09-16T03:59:39.378] debug2: Attempting to connect to mysql:3306
[2025-09-16T03:59:39.380] debug2: accounting_storage/as_mysql: _cluster_rollup_usage: No need to roll cluster linux this hour 1757991600 <= 1757991600
[2025-09-16T03:59:39.380] debug2: accounting_storage/as_mysql: _cluster_rollup_usage: No need to roll cluster linux this day 1757980800 <= 1757980800
[2025-09-16T03:59:39.380] debug2: accounting_storage/as_mysql: _cluster_rollup_usage: No need to roll cluster linux this month 1756684800 <= 1756684800
[2025-09-16T03:59:39.380] debug2: accounting_storage/as_mysql: as_mysql_roll_usage: Got 1 of 1 rolled up
[2025-09-16T03:59:39.380] debug2: accounting_storage/as_mysql: as_mysql_roll_usage: Everything rolled up
[2025-09-16T03:59:58.008] debug2: running rollup at Tue Sep 16 04:00:00 2025
[2025-09-16T03:59:58.008] debug2: Attempting to connect to mysql:3306
[2025-09-16T03:59:58.010] debug2: accounting_storage/as_mysql: _cluster_rollup_usage: No need to roll cluster linux this hour 1757991600 <= 1757991600
[2025-09-16T03:59:58.010] debug2: accounting_storage/as_mysql: _cluster_rollup_usage: No need to roll cluster linux this day 1757980800 <= 1757980800
[2025-09-16T03:59:58.010] debug2: accounting_storage/as_mysql: _cluster_rollup_usage: No need to roll cluster linux this month 1756684800 <= 1756684800
[2025-09-16T03:59:58.011] debug2: accounting_storage/as_mysql: as_mysql_roll_usage: Got 1 of 1 rolled up
[2025-09-16T03:59:58.011] debug2: accounting_storage/as_mysql: as_mysql_roll_usage: Everything rolled up
[2025-09-16T04:00:00.012] debug2: running rollup at Tue Sep 16 04:00:00 2025
[2025-09-16T04:00:00.012] debug2: Attempting to connect to mysql:3306
[2025-09-16T04:00:00.022] debug2: accounting_storage/as_mysql: _cluster_rollup_usage: No need to roll cluster linux this day 1757980800 <= 1757980800
[2025-09-16T04:00:00.022] debug2: accounting_storage/as_mysql: _cluster_rollup_usage: No need to roll cluster linux this month 1756684800 <= 1756684800
[2025-09-16T04:00:00.028] debug2: accounting_storage/as_mysql: as_mysql_roll_usage: Got 1 of 1 rolled up
[2025-09-16T04:00:00.028] debug2: accounting_storage/as_mysql: as_mysql_roll_usage: Everything rolled up
[2025-09-16T04:00:29.533] debug2: DBD_CLUSTER_TRES: called in CONN 8 for linux(1=2,2=2000,3=0,4=2,5=2,6=0,7=0,8=0)
[2025-09-16T04:05:29.269] debug2: DBD_CLUSTER_TRES: called in CONN 8 for linux(1=2,2=2000,3=0,4=2,5=2,6=0,7=0,8=0)
[2025-09-16T04:10:29.197] debug2: DBD_CLUSTER_TRES: called in CONN 8 for linux(1=2,2=2000,3=0,4=2,5=2,6=0,7=0,8=0)
[2025-09-16T04:15:29.407] debug2: DBD_CLUSTER_TRES: called in CONN 8 for linux(1=2,2=2000,3=0,4=2,5=2,6=0,7=0,8=0)
[2025-09-16T04:20:29.486] debug2: DBD_CLUSTER_TRES: called in CONN 8 for linux(1=2,2=2000,3=0,4=2,5=2,6=0,7=0,8=0)
[2025-09-16T04:25:29.811] debug2: DBD_CLUSTER_TRES: called in CONN 8 for linux(1=2,2=2000,3=0,4=2,5=2,6=0,7=0,8=0)
[2025-09-16T04:30:29.524] debug2: DBD_CLUSTER_TRES: called in CONN 8 for linux(1=2,2=2000,3=0,4=2,5=2,6=0,7=0,8=0)
[2025-09-16T04:35:29.759] debug2: DBD_CLUSTER_TRES: called in CONN 8 for linux(1=2,2=2000,3=0,4=2,5=2,6=0,7=0,8=0)
[2025-09-16T04:40:29.136] debug2: DBD_CLUSTER_TRES: called in CONN 8 for linux(1=2,2=2000,3=0,4=2,5=2,6=0,7=0,8=0)
[2025-09-16T04:45:30.071] debug2: DBD_CLUSTER_TRES: called in CONN 8 for linux(1=2,2=2000,3=0,4=2,5=2,6=0,7=0,8=0)
[2025-09-16T04:50:30.251] debug2: DBD_CLUSTER_TRES: called in CONN 8 for linux(1=2,2=2000,3=0,4=2,5=2,6=0,7=0,8=0)
[2025-09-16T04:55:11.713] debug2: running rollup at Tue Sep 16 05:00:00 2025
[2025-09-16T04:55:11.714] debug2: Attempting to connect to mysql:3306
[2025-09-16T04:55:11.717] debug2: accounting_storage/as_mysql: _cluster_rollup_usage: No need to roll cluster linux this hour 1757995200 <= 1757995200
[2025-09-16T04:55:11.717] debug2: accounting_storage/as_mysql: _cluster_rollup_usage: No need to roll cluster linux this day 1757980800 <= 1757980800
[2025-09-16T04:55:11.717] debug2: accounting_storage/as_mysql: _cluster_rollup_usage: No need to roll cluster linux this month 1756684800 <= 1756684800
[2025-09-16T04:55:11.717] debug2: accounting_storage/as_mysql: as_mysql_roll_usage: Got 1 of 1 rolled up
[2025-09-16T04:55:11.717] debug2: accounting_storage/as_mysql: as_mysql_roll_usage: Everything rolled up
[2025-09-16T04:55:30.494] debug2: DBD_CLUSTER_TRES: called in CONN 8 for linux(1=2,2=2000,3=0,4=2,5=2,6=0,7=0,8=0)
[2025-09-16T04:59:38.417] debug2: running rollup at Tue Sep 16 05:00:00 2025
[2025-09-16T04:59:38.418] debug2: Attempting to connect to mysql:3306
[2025-09-16T04:59:38.420] debug2: accounting_storage/as_mysql: _cluster_rollup_usage: No need to roll cluster linux this hour 1757995200 <= 1757995200
[2025-09-16T04:59:38.420] debug2: accounting_storage/as_mysql: _cluster_rollup_usage: No need to roll cluster linux this day 1757980800 <= 1757980800
[2025-09-16T04:59:38.420] debug2: accounting_storage/as_mysql: _cluster_rollup_usage: No need to roll cluster linux this month 1756684800 <= 1756684800
[2025-09-16T04:59:38.421] debug2: accounting_storage/as_mysql: as_mysql_roll_usage: Got 1 of 1 rolled up
[2025-09-16T04:59:38.421] debug2: accounting_storage/as_mysql: as_mysql_roll_usage: Everything rolled up
[2025-09-16T04:59:58.003] debug2: running rollup at Tue Sep 16 05:00:00 2025
[2025-09-16T04:59:58.004] debug2: Attempting to connect to mysql:3306
[2025-09-16T04:59:58.006] debug2: accounting_storage/as_mysql: _cluster_rollup_usage: No need to roll cluster linux this hour 1757995200 <= 1757995200
[2025-09-16T04:59:58.006] debug2: accounting_storage/as_mysql: _cluster_rollup_usage: No need to roll cluster linux this day 1757980800 <= 1757980800
[2025-09-16T04:59:58.006] debug2: accounting_storage/as_mysql: _cluster_rollup_usage: No need to roll cluster linux this month 1756684800 <= 1756684800
[2025-09-16T04:59:58.006] debug2: accounting_storage/as_mysql: as_mysql_roll_usage: Got 1 of 1 rolled up
[2025-09-16T04:59:58.006] debug2: accounting_storage/as_mysql: as_mysql_roll_usage: Everything rolled up
[2025-09-16T05:00:00.008] debug2: running rollup at Tue Sep 16 05:00:00 2025
[2025-09-16T05:00:00.008] debug2: Attempting to connect to mysql:3306
[2025-09-16T05:00:00.023] debug2: accounting_storage/as_mysql: _cluster_rollup_usage: No need to roll cluster linux this day 1757980800 <= 1757980800
[2025-09-16T05:00:00.023] debug2: accounting_storage/as_mysql: _cluster_rollup_usage: No need to roll cluster linux this month 1756684800 <= 1756684800
[2025-09-16T05:00:00.030] debug2: accounting_storage/as_mysql: as_mysql_roll_usage: Got 1 of 1 rolled up
[2025-09-16T05:00:00.030] debug2: accounting_storage/as_mysql: as_mysql_roll_usage: Everything rolled up
[2025-09-16T05:00:31.028] debug2: DBD_CLUSTER_TRES: called in CONN 8 for linux(1=2,2=2000,3=0,4=2,5=2,6=0,7=0,8=0)
[2025-09-16T05:05:30.835] debug2: DBD_CLUSTER_TRES: called in CONN 8 for linux(1=2,2=2000,3=0,4=2,5=2,6=0,7=0,8=0)
[2025-09-16T05:10:30.979] debug2: DBD_CLUSTER_TRES: called in CONN 8 for linux(1=2,2=2000,3=0,4=2,5=2,6=0,7=0,8=0)
[2025-09-16T05:15:30.813] debug2: DBD_CLUSTER_TRES: called in CONN 8 for linux(1=2,2=2000,3=0,4=2,5=2,6=0,7=0,8=0)
[2025-09-16T05:20:30.573] debug2: DBD_CLUSTER_TRES: called in CONN 8 for linux(1=2,2=2000,3=0,4=2,5=2,6=0,7=0,8=0)
[2025-09-16T05:25:30.241] debug2: DBD_CLUSTER_TRES: called in CONN 8 for linux(1=2,2=2000,3=0,4=2,5=2,6=0,7=0,8=0)
[2025-09-16T05:30:30.297] debug2: DBD_CLUSTER_TRES: called in CONN 8 for linux(1=2,2=2000,3=0,4=2,5=2,6=0,7=0,8=0)
[2025-09-16T05:35:30.472] debug2: DBD_CLUSTER_TRES: called in CONN 8 for linux(1=2,2=2000,3=0,4=2,5=2,6=0,7=0,8=0)
[2025-09-16T05:40:30.617] debug2: DBD_CLUSTER_TRES: called in CONN 8 for linux(1=2,2=2000,3=0,4=2,5=2,6=0,7=0,8=0)
[2025-09-16T05:45:30.720] debug2: DBD_CLUSTER_TRES: called in CONN 8 for linux(1=2,2=2000,3=0,4=2,5=2,6=0,7=0,8=0)
[2025-09-16T05:50:30.758] debug2: DBD_CLUSTER_TRES: called in CONN 8 for linux(1=2,2=2000,3=0,4=2,5=2,6=0,7=0,8=0)
[2025-09-16T05:55:30.805] debug2: DBD_CLUSTER_TRES: called in CONN 8 for linux(1=2,2=2000,3=0,4=2,5=2,6=0,7=0,8=0)
[2025-09-16T05:59:20.403] debug2: running rollup at Tue Sep 16 06:00:00 2025
[2025-09-16T05:59:20.404] debug2: Attempting to connect to mysql:3306
[2025-09-16T05:59:20.406] debug2: accounting_storage/as_mysql: _cluster_rollup_usage: No need to roll cluster linux this hour 1757998800 <= 1757998800
[2025-09-16T05:59:20.406] debug2: accounting_storage/as_mysql: _cluster_rollup_usage: No need to roll cluster linux this day 1757980800 <= 1757980800
[2025-09-16T05:59:20.406] debug2: accounting_storage/as_mysql: _cluster_rollup_usage: No need to roll cluster linux this month 1756684800 <= 1756684800
[2025-09-16T05:59:20.406] debug2: accounting_storage/as_mysql: as_mysql_roll_usage: Got 1 of 1 rolled up
[2025-09-16T05:59:20.406] debug2: accounting_storage/as_mysql: as_mysql_roll_usage: Everything rolled up
[2025-09-16T06:00:00.364] debug2: running rollup at Tue Sep 16 06:00:00 2025
[2025-09-16T06:00:00.365] debug2: Attempting to connect to mysql:3306
[2025-09-16T06:00:00.372] debug2: accounting_storage/as_mysql: _cluster_rollup_usage: No need to roll cluster linux this day 1757980800 <= 1757980800
[2025-09-16T06:00:00.372] debug2: accounting_storage/as_mysql: _cluster_rollup_usage: No need to roll cluster linux this month 1756684800 <= 1756684800
[2025-09-16T06:00:00.374] debug2: accounting_storage/as_mysql: as_mysql_roll_usage: Got 1 of 1 rolled up
[2025-09-16T06:00:00.374] debug2: accounting_storage/as_mysql: as_mysql_roll_usage: Everything rolled up
[2025-09-16T06:00:30.986] debug2: DBD_CLUSTER_TRES: called in CONN 8 for linux(1=2,2=2000,3=0,4=2,5=2,6=0,7=0,8=0)
[2025-09-16T06:05:30.063] debug2: DBD_CLUSTER_TRES: called in CONN 8 for linux(1=2,2=2000,3=0,4=2,5=2,6=0,7=0,8=0)
[2025-09-16T06:10:30.243] debug2: DBD_CLUSTER_TRES: called in CONN 8 for linux(1=2,2=2000,3=0,4=2,5=2,6=0,7=0,8=0)
[2025-09-16T06:15:30.425] debug2: DBD_CLUSTER_TRES: called in CONN 8 for linux(1=2,2=2000,3=0,4=2,5=2,6=0,7=0,8=0)
[2025-09-16T06:20:30.442] debug2: DBD_CLUSTER_TRES: called in CONN 8 for linux(1=2,2=2000,3=0,4=2,5=2,6=0,7=0,8=0)
[2025-09-16T06:25:30.445] debug2: DBD_CLUSTER_TRES: called in CONN 8 for linux(1=2,2=2000,3=0,4=2,5=2,6=0,7=0,8=0)
[2025-09-16T06:28:27.518] debug:  cluster linux has disconnected
[2025-09-16T06:28:27.764] Terminate signal (SIGINT or SIGTERM) received
[2025-09-16T06:28:27.764] debug:  rpc_mgr shutting down
[2025-09-16T07:14:17.676] debug:  Log file re-opened
[2025-09-16T07:14:17.677] debug:  auth/munge: init: Munge authentication plugin loaded
[2025-09-16T07:14:17.678] debug2: accounting_storage/as_mysql: init: mysql_connect() called for db slurm_acct_db
[2025-09-16T07:14:17.679] debug2: Attempting to connect to mysql:3306
[2025-09-16T07:14:17.681] accounting_storage/as_mysql: _check_mysql_concat_is_sane: MySQL server version is: 9.4.0
[2025-09-16T07:14:17.693] debug2: accounting_storage/as_mysql: _check_database_variables: innodb_buffer_pool_size: 134217728
[2025-09-16T07:14:17.695] error: _get_database_variable: invalid results from query `show variables like 'innodb_log_file_size';`
[2025-09-16T07:14:17.923] accounting_storage/as_mysql: init: Accounting storage MYSQL plugin loaded
[2025-09-16T07:14:17.923] Not running as root. Can't drop supplementary groups
[2025-09-16T07:14:17.923] debug2: ArchiveDir        = /tmp
[2025-09-16T07:14:17.923] debug2: ArchiveScript     = (null)
[2025-09-16T07:14:17.923] debug2: AuthAltTypes      = (null)
[2025-09-16T07:14:17.923] debug2: AuthAltParameters = (null)
[2025-09-16T07:14:17.923] debug2: AuthInfo          = (null)
[2025-09-16T07:14:17.924] debug2: AuthType          = auth/munge
[2025-09-16T07:14:17.924] debug2: CommitDelay       = 0
[2025-09-16T07:14:17.924] debug2: CommunicationParameters	= (null)
[2025-09-16T07:14:17.924] debug2: DbdAddr           = slurmdbd
[2025-09-16T07:14:17.924] debug2: DbdBackupHost     = (null)
[2025-09-16T07:14:17.924] debug2: DbdHost           = slurmdbd
[2025-09-16T07:14:17.924] debug2: DbdPort           = 6819
[2025-09-16T07:14:17.924] debug2: DebugFlags        = (null)
[2025-09-16T07:14:17.924] debug2: DebugLevel        = 6
[2025-09-16T07:14:17.924] debug2: DebugLevelSyslog  = 10
[2025-09-16T07:14:17.924] debug2: DefaultQOS        = (null)
[2025-09-16T07:14:17.924] debug2: LogFile           = /var/log/slurm/slurmdbd.log
[2025-09-16T07:14:17.924] debug2: MessageTimeout    = 10
[2025-09-16T07:14:17.924] debug2: Parameters        = (null)
[2025-09-16T07:14:17.924] debug2: PidFile           = /var/run/slurmdbd/slurmdbd.pid
[2025-09-16T07:14:17.924] debug2: PluginDir         = /usr/lib64/slurm
[2025-09-16T07:14:17.924] debug2: PrivateData       = none
[2025-09-16T07:14:17.924] debug2: PurgeEventAfter   = NONE
[2025-09-16T07:14:17.924] debug2: PurgeJobAfter     = NONE
[2025-09-16T07:14:17.924] debug2: PurgeResvAfter    = NONE
[2025-09-16T07:14:17.924] debug2: PurgeStepAfter    = NONE
[2025-09-16T07:14:17.924] debug2: PurgeSuspendAfter = NONE
[2025-09-16T07:14:17.924] debug2: PurgeTXNAfter = NONE
[2025-09-16T07:14:17.924] debug2: PurgeUsageAfter = NONE
[2025-09-16T07:14:17.924] debug2: SlurmUser         = slurm(990)
[2025-09-16T07:14:17.924] debug2: StorageBackupHost = (null)
[2025-09-16T07:14:17.924] debug2: StorageHost       = mysql
[2025-09-16T07:14:17.924] debug2: StorageLoc        = slurm_acct_db
[2025-09-16T07:14:17.924] debug2: StorageParameters = (null)
[2025-09-16T07:14:17.924] debug2: StoragePort       = 3306
[2025-09-16T07:14:17.924] debug2: StorageType       = accounting_storage/mysql
[2025-09-16T07:14:17.924] debug2: StorageUser       = slurm
[2025-09-16T07:14:17.924] debug2: TCPTimeout        = 2
[2025-09-16T07:14:17.924] debug2: TrackWCKey        = 0
[2025-09-16T07:14:17.924] debug2: TrackSlurmctldDown= 0
[2025-09-16T07:14:17.924] debug2: accounting_storage/as_mysql: acct_storage_p_get_connection: acct_storage_p_get_connection: request new connection 1
[2025-09-16T07:14:17.924] debug2: Attempting to connect to mysql:3306
[2025-09-16T07:14:17.930] debug:  _post_user_list: couldn't get a uid for user: testuser1
[2025-09-16T07:14:17.930] slurmdbd version 21.08.6 started
[2025-09-16T07:14:17.930] debug2: running rollup at Tue Sep 16 07:14:17 2025
[2025-09-16T07:14:17.932] debug2: Attempting to connect to mysql:3306
[2025-09-16T07:14:17.945] debug2: accounting_storage/as_mysql: _cluster_rollup_usage: No need to roll cluster linux this day 1757980800 <= 1757980800
[2025-09-16T07:14:17.945] debug2: accounting_storage/as_mysql: _cluster_rollup_usage: No need to roll cluster linux this month 1756684800 <= 1756684800
[2025-09-16T07:14:17.948] debug2: accounting_storage/as_mysql: as_mysql_roll_usage: Got 1 of 1 rolled up
[2025-09-16T07:14:17.948] debug2: accounting_storage/as_mysql: as_mysql_roll_usage: Everything rolled up
[2025-09-16T07:14:20.508] debug:  REQUEST_PERSIST_INIT: CLUSTER:linux VERSION:9472 UID:990 IP:172.19.0.4 CONN:8
[2025-09-16T07:14:20.508] debug2: accounting_storage/as_mysql: acct_storage_p_get_connection: acct_storage_p_get_connection: request new connection 1
[2025-09-16T07:14:20.509] debug2: Attempting to connect to mysql:3306
[2025-09-16T07:14:20.554] debug2: DBD_REGISTER_CTLD: called in CONN 8 for linux(6817)
[2025-09-16T07:14:20.554] debug2: slurmctld at ip:172.19.0.4, port:6817
[2025-09-16T07:14:20.646] debug2: DBD_GET_TRES: called in CONN 8
[2025-09-16T07:14:20.734] debug2: DBD_GET_QOS: called in CONN 8
[2025-09-16T07:14:20.826] debug2: DBD_GET_USERS: called in CONN 8
[2025-09-16T07:14:20.914] debug2: DBD_GET_ASSOCS: called in CONN 8
[2025-09-16T07:14:21.006] debug2: DBD_GET_RES: called in CONN 8
[2025-09-16T07:14:21.098] debug2: DBD_FLUSH_JOBS: called in CONN 8 for linux
[2025-09-16T07:14:21.187] debug2: DBD_CLUSTER_TRES: called in CONN 8 for linux(1=2,2=2000,3=0,4=2,5=2,6=0,7=0,8=0)
[2025-09-16T07:14:21.274] debug2: DBD_GET_FEDERATIONS: called in CONN 8
[2025-09-16T07:14:22.498] debug2: DBD_NODE_STATE_UP: NODE:c1 REASON:(null) TIME:1758006862
[2025-09-16T07:14:22.554] debug2: DBD_NODE_STATE_UP: NODE:c2 REASON:(null) TIME:1758006862
[2025-09-16T07:19:21.889] debug2: DBD_CLUSTER_TRES: called in CONN 8 for linux(1=2,2=2000,3=0,4=2,5=2,6=0,7=0,8=0)
[2025-09-16T07:24:21.269] debug2: DBD_CLUSTER_TRES: called in CONN 8 for linux(1=2,2=2000,3=0,4=2,5=2,6=0,7=0,8=0)
[2025-09-16T07:29:21.811] debug2: DBD_CLUSTER_TRES: called in CONN 8 for linux(1=2,2=2000,3=0,4=2,5=2,6=0,7=0,8=0)
[2025-09-16T07:34:21.345] debug2: DBD_CLUSTER_TRES: called in CONN 8 for linux(1=2,2=2000,3=0,4=2,5=2,6=0,7=0,8=0)
[2025-09-16T07:39:21.902] debug2: DBD_CLUSTER_TRES: called in CONN 8 for linux(1=2,2=2000,3=0,4=2,5=2,6=0,7=0,8=0)
[2025-09-16T07:44:21.330] debug2: DBD_CLUSTER_TRES: called in CONN 8 for linux(1=2,2=2000,3=0,4=2,5=2,6=0,7=0,8=0)
[2025-09-16T07:49:21.938] debug2: DBD_CLUSTER_TRES: called in CONN 8 for linux(1=2,2=2000,3=0,4=2,5=2,6=0,7=0,8=0)
[2025-09-16T07:54:21.422] debug2: DBD_CLUSTER_TRES: called in CONN 8 for linux(1=2,2=2000,3=0,4=2,5=2,6=0,7=0,8=0)
[2025-09-16T07:59:21.557] debug2: DBD_CLUSTER_TRES: called in CONN 8 for linux(1=2,2=2000,3=0,4=2,5=2,6=0,7=0,8=0)
[2025-09-16T07:59:49.566] debug2: running rollup at Tue Sep 16 08:00:00 2025
[2025-09-16T07:59:49.566] debug2: Attempting to connect to mysql:3306
[2025-09-16T07:59:49.568] debug2: accounting_storage/as_mysql: _cluster_rollup_usage: No need to roll cluster linux this hour 1758006000 <= 1758006000
[2025-09-16T07:59:49.568] debug2: accounting_storage/as_mysql: _cluster_rollup_usage: No need to roll cluster linux this day 1757980800 <= 1757980800
[2025-09-16T07:59:49.568] debug2: accounting_storage/as_mysql: _cluster_rollup_usage: No need to roll cluster linux this month 1756684800 <= 1756684800
[2025-09-16T07:59:49.569] debug2: accounting_storage/as_mysql: as_mysql_roll_usage: Got 1 of 1 rolled up
[2025-09-16T07:59:49.569] debug2: accounting_storage/as_mysql: as_mysql_roll_usage: Everything rolled up
[2025-09-16T08:00:00.026] debug2: running rollup at Tue Sep 16 08:00:00 2025
[2025-09-16T08:00:00.026] debug2: Attempting to connect to mysql:3306
[2025-09-16T08:00:00.033] debug2: accounting_storage/as_mysql: _cluster_rollup_usage: No need to roll cluster linux this day 1757980800 <= 1757980800
[2025-09-16T08:00:00.033] debug2: accounting_storage/as_mysql: _cluster_rollup_usage: No need to roll cluster linux this month 1756684800 <= 1756684800
[2025-09-16T08:00:00.036] debug2: accounting_storage/as_mysql: as_mysql_roll_usage: Got 1 of 1 rolled up
[2025-09-16T08:00:00.036] debug2: accounting_storage/as_mysql: as_mysql_roll_usage: Everything rolled up
[2025-09-16T08:04:21.162] debug2: DBD_CLUSTER_TRES: called in CONN 8 for linux(1=2,2=2000,3=0,4=2,5=2,6=0,7=0,8=0)
[2025-09-16T08:09:21.081] debug2: DBD_CLUSTER_TRES: called in CONN 8 for linux(1=2,2=2000,3=0,4=2,5=2,6=0,7=0,8=0)
[2025-09-16T08:14:21.277] debug2: DBD_CLUSTER_TRES: called in CONN 8 for linux(1=2,2=2000,3=0,4=2,5=2,6=0,7=0,8=0)
[2025-09-16T08:19:21.266] debug2: DBD_CLUSTER_TRES: called in CONN 8 for linux(1=2,2=2000,3=0,4=2,5=2,6=0,7=0,8=0)
[2025-09-16T08:24:21.265] debug2: DBD_CLUSTER_TRES: called in CONN 8 for linux(1=2,2=2000,3=0,4=2,5=2,6=0,7=0,8=0)
[2025-09-16T08:29:21.389] debug2: DBD_CLUSTER_TRES: called in CONN 8 for linux(1=2,2=2000,3=0,4=2,5=2,6=0,7=0,8=0)
[2025-09-16T08:34:21.373] debug2: DBD_CLUSTER_TRES: called in CONN 8 for linux(1=2,2=2000,3=0,4=2,5=2,6=0,7=0,8=0)
[2025-09-16T08:39:21.421] debug2: DBD_CLUSTER_TRES: called in CONN 8 for linux(1=2,2=2000,3=0,4=2,5=2,6=0,7=0,8=0)
[2025-09-16T08:44:21.422] debug2: DBD_CLUSTER_TRES: called in CONN 8 for linux(1=2,2=2000,3=0,4=2,5=2,6=0,7=0,8=0)
[2025-09-16T08:49:21.432] debug2: DBD_CLUSTER_TRES: called in CONN 8 for linux(1=2,2=2000,3=0,4=2,5=2,6=0,7=0,8=0)
[2025-09-16T08:54:21.793] debug2: DBD_CLUSTER_TRES: called in CONN 8 for linux(1=2,2=2000,3=0,4=2,5=2,6=0,7=0,8=0)
[2025-09-16T08:58:44.176] debug2: running rollup at Tue Sep 16 09:00:00 2025
[2025-09-16T08:58:44.177] debug2: Attempting to connect to mysql:3306
[2025-09-16T08:58:44.180] debug2: accounting_storage/as_mysql: _cluster_rollup_usage: No need to roll cluster linux this hour 1758009600 <= 1758009600
[2025-09-16T08:58:44.180] debug2: accounting_storage/as_mysql: _cluster_rollup_usage: No need to roll cluster linux this day 1757980800 <= 1757980800
[2025-09-16T08:58:44.180] debug2: accounting_storage/as_mysql: _cluster_rollup_usage: No need to roll cluster linux this month 1756684800 <= 1756684800
[2025-09-16T08:58:44.180] debug2: accounting_storage/as_mysql: as_mysql_roll_usage: Got 1 of 1 rolled up
[2025-09-16T08:58:44.180] debug2: accounting_storage/as_mysql: as_mysql_roll_usage: Everything rolled up
[2025-09-16T08:59:21.788] debug2: DBD_CLUSTER_TRES: called in CONN 8 for linux(1=2,2=2000,3=0,4=2,5=2,6=0,7=0,8=0)
[2025-09-16T08:59:57.664] debug2: running rollup at Tue Sep 16 09:00:00 2025
[2025-09-16T08:59:57.664] debug2: Attempting to connect to mysql:3306
[2025-09-16T08:59:57.666] debug2: accounting_storage/as_mysql: _cluster_rollup_usage: No need to roll cluster linux this hour 1758009600 <= 1758009600
[2025-09-16T08:59:57.666] debug2: accounting_storage/as_mysql: _cluster_rollup_usage: No need to roll cluster linux this day 1757980800 <= 1757980800
[2025-09-16T08:59:57.666] debug2: accounting_storage/as_mysql: _cluster_rollup_usage: No need to roll cluster linux this month 1756684800 <= 1756684800
[2025-09-16T08:59:57.666] debug2: accounting_storage/as_mysql: as_mysql_roll_usage: Got 1 of 1 rolled up
[2025-09-16T08:59:57.666] debug2: accounting_storage/as_mysql: as_mysql_roll_usage: Everything rolled up
[2025-09-16T09:00:00.668] debug2: running rollup at Tue Sep 16 09:00:00 2025
[2025-09-16T09:00:00.669] debug2: Attempting to connect to mysql:3306
[2025-09-16T09:00:00.675] debug2: accounting_storage/as_mysql: _cluster_rollup_usage: No need to roll cluster linux this day 1757980800 <= 1757980800
[2025-09-16T09:00:00.675] debug2: accounting_storage/as_mysql: _cluster_rollup_usage: No need to roll cluster linux this month 1756684800 <= 1756684800
[2025-09-16T09:00:00.678] debug2: accounting_storage/as_mysql: as_mysql_roll_usage: Got 1 of 1 rolled up
[2025-09-16T09:00:00.678] debug2: accounting_storage/as_mysql: as_mysql_roll_usage: Everything rolled up
[2025-09-16T09:04:21.175] debug2: DBD_CLUSTER_TRES: called in CONN 8 for linux(1=2,2=2000,3=0,4=2,5=2,6=0,7=0,8=0)
[2025-09-16T09:09:21.658] debug2: DBD_CLUSTER_TRES: called in CONN 8 for linux(1=2,2=2000,3=0,4=2,5=2,6=0,7=0,8=0)
[2025-09-16T09:14:21.176] debug2: DBD_CLUSTER_TRES: called in CONN 8 for linux(1=2,2=2000,3=0,4=2,5=2,6=0,7=0,8=0)
[2025-09-16T09:19:21.930] debug2: DBD_CLUSTER_TRES: called in CONN 8 for linux(1=2,2=2000,3=0,4=2,5=2,6=0,7=0,8=0)
[2025-09-16T09:24:21.524] debug2: DBD_CLUSTER_TRES: called in CONN 8 for linux(1=2,2=2000,3=0,4=2,5=2,6=0,7=0,8=0)
[2025-09-16T09:29:21.325] debug2: DBD_CLUSTER_TRES: called in CONN 8 for linux(1=2,2=2000,3=0,4=2,5=2,6=0,7=0,8=0)
[2025-09-16T09:34:21.141] debug2: DBD_CLUSTER_TRES: called in CONN 8 for linux(1=2,2=2000,3=0,4=2,5=2,6=0,7=0,8=0)
[2025-09-16T09:39:21.097] debug2: DBD_CLUSTER_TRES: called in CONN 8 for linux(1=2,2=2000,3=0,4=2,5=2,6=0,7=0,8=0)
[2025-09-16T09:44:21.349] debug2: DBD_CLUSTER_TRES: called in CONN 8 for linux(1=2,2=2000,3=0,4=2,5=2,6=0,7=0,8=0)
[2025-09-16T09:49:21.101] debug2: DBD_CLUSTER_TRES: called in CONN 8 for linux(1=2,2=2000,3=0,4=2,5=2,6=0,7=0,8=0)
[2025-09-16T09:54:21.336] debug2: DBD_CLUSTER_TRES: called in CONN 8 for linux(1=2,2=2000,3=0,4=2,5=2,6=0,7=0,8=0)
[2025-09-16T09:58:08.471] debug2: running rollup at Tue Sep 16 10:00:00 2025
[2025-09-16T09:58:08.472] debug2: Attempting to connect to mysql:3306
[2025-09-16T09:58:08.474] debug2: accounting_storage/as_mysql: _cluster_rollup_usage: No need to roll cluster linux this hour 1758013200 <= 1758013200
[2025-09-16T09:58:08.474] debug2: accounting_storage/as_mysql: _cluster_rollup_usage: No need to roll cluster linux this day 1757980800 <= 1757980800
[2025-09-16T09:58:08.474] debug2: accounting_storage/as_mysql: _cluster_rollup_usage: No need to roll cluster linux this month 1756684800 <= 1756684800
[2025-09-16T09:58:08.474] debug2: accounting_storage/as_mysql: as_mysql_roll_usage: Got 1 of 1 rolled up
[2025-09-16T09:58:08.474] debug2: accounting_storage/as_mysql: as_mysql_roll_usage: Everything rolled up
[2025-09-16T09:59:21.310] debug2: DBD_CLUSTER_TRES: called in CONN 8 for linux(1=2,2=2000,3=0,4=2,5=2,6=0,7=0,8=0)
[2025-09-16T09:59:57.402] debug2: running rollup at Tue Sep 16 10:00:00 2025
[2025-09-16T09:59:57.402] debug2: Attempting to connect to mysql:3306
[2025-09-16T09:59:57.404] debug2: accounting_storage/as_mysql: _cluster_rollup_usage: No need to roll cluster linux this hour 1758013200 <= 1758013200
[2025-09-16T09:59:57.404] debug2: accounting_storage/as_mysql: _cluster_rollup_usage: No need to roll cluster linux this day 1757980800 <= 1757980800
[2025-09-16T09:59:57.405] debug2: accounting_storage/as_mysql: _cluster_rollup_usage: No need to roll cluster linux this month 1756684800 <= 1756684800
[2025-09-16T09:59:57.405] debug2: accounting_storage/as_mysql: as_mysql_roll_usage: Got 1 of 1 rolled up
[2025-09-16T09:59:57.405] debug2: accounting_storage/as_mysql: as_mysql_roll_usage: Everything rolled up
[2025-09-16T09:59:59.395] debug2: running rollup at Tue Sep 16 10:00:00 2025
[2025-09-16T09:59:59.396] debug2: Attempting to connect to mysql:3306
[2025-09-16T09:59:59.397] debug2: accounting_storage/as_mysql: _cluster_rollup_usage: No need to roll cluster linux this hour 1758013200 <= 1758013200
[2025-09-16T09:59:59.397] debug2: accounting_storage/as_mysql: _cluster_rollup_usage: No need to roll cluster linux this day 1757980800 <= 1757980800
[2025-09-16T09:59:59.397] debug2: accounting_storage/as_mysql: _cluster_rollup_usage: No need to roll cluster linux this month 1756684800 <= 1756684800
[2025-09-16T09:59:59.398] debug2: accounting_storage/as_mysql: as_mysql_roll_usage: Got 1 of 1 rolled up
[2025-09-16T09:59:59.398] debug2: accounting_storage/as_mysql: as_mysql_roll_usage: Everything rolled up
[2025-09-16T10:00:00.399] debug2: running rollup at Tue Sep 16 10:00:00 2025
[2025-09-16T10:00:00.399] debug2: Attempting to connect to mysql:3306
[2025-09-16T10:00:00.409] debug2: accounting_storage/as_mysql: _cluster_rollup_usage: No need to roll cluster linux this day 1757980800 <= 1757980800
[2025-09-16T10:00:00.409] debug2: accounting_storage/as_mysql: _cluster_rollup_usage: No need to roll cluster linux this month 1756684800 <= 1756684800
[2025-09-16T10:00:00.411] debug2: accounting_storage/as_mysql: as_mysql_roll_usage: Got 1 of 1 rolled up
[2025-09-16T10:00:00.411] debug2: accounting_storage/as_mysql: as_mysql_roll_usage: Everything rolled up
[2025-09-16T10:04:21.965] debug2: DBD_CLUSTER_TRES: called in CONN 8 for linux(1=2,2=2000,3=0,4=2,5=2,6=0,7=0,8=0)
[2025-09-16T10:09:21.165] debug2: DBD_CLUSTER_TRES: called in CONN 8 for linux(1=2,2=2000,3=0,4=2,5=2,6=0,7=0,8=0)
[2025-09-16T10:14:21.481] debug2: DBD_CLUSTER_TRES: called in CONN 8 for linux(1=2,2=2000,3=0,4=2,5=2,6=0,7=0,8=0)
[2025-09-16T10:19:21.526] debug2: DBD_CLUSTER_TRES: called in CONN 8 for linux(1=2,2=2000,3=0,4=2,5=2,6=0,7=0,8=0)
[2025-09-16T10:24:21.811] debug2: DBD_CLUSTER_TRES: called in CONN 8 for linux(1=2,2=2000,3=0,4=2,5=2,6=0,7=0,8=0)
[2025-09-16T10:29:21.227] debug2: DBD_CLUSTER_TRES: called in CONN 8 for linux(1=2,2=2000,3=0,4=2,5=2,6=0,7=0,8=0)
[2025-09-16T10:34:21.966] debug2: DBD_CLUSTER_TRES: called in CONN 8 for linux(1=2,2=2000,3=0,4=2,5=2,6=0,7=0,8=0)
[2025-09-16T10:39:21.130] debug2: DBD_CLUSTER_TRES: called in CONN 8 for linux(1=2,2=2000,3=0,4=2,5=2,6=0,7=0,8=0)
[2025-09-16T10:44:21.904] debug2: DBD_CLUSTER_TRES: called in CONN 8 for linux(1=2,2=2000,3=0,4=2,5=2,6=0,7=0,8=0)
[2025-09-16T10:49:21.621] debug2: DBD_CLUSTER_TRES: called in CONN 8 for linux(1=2,2=2000,3=0,4=2,5=2,6=0,7=0,8=0)
[2025-09-16T10:54:21.922] debug2: DBD_CLUSTER_TRES: called in CONN 8 for linux(1=2,2=2000,3=0,4=2,5=2,6=0,7=0,8=0)
[2025-09-16T10:57:43.460] debug2: running rollup at Tue Sep 16 11:00:00 2025
[2025-09-16T10:57:43.460] debug2: Attempting to connect to mysql:3306
[2025-09-16T10:57:43.463] debug2: accounting_storage/as_mysql: _cluster_rollup_usage: No need to roll cluster linux this hour 1758016800 <= 1758016800
[2025-09-16T10:57:43.463] debug2: accounting_storage/as_mysql: _cluster_rollup_usage: No need to roll cluster linux this day 1757980800 <= 1757980800
[2025-09-16T10:57:43.463] debug2: accounting_storage/as_mysql: _cluster_rollup_usage: No need to roll cluster linux this month 1756684800 <= 1756684800
[2025-09-16T10:57:43.463] debug2: accounting_storage/as_mysql: as_mysql_roll_usage: Got 1 of 1 rolled up
[2025-09-16T10:57:43.463] debug2: accounting_storage/as_mysql: as_mysql_roll_usage: Everything rolled up
[2025-09-16T10:59:22.068] debug2: DBD_CLUSTER_TRES: called in CONN 8 for linux(1=2,2=2000,3=0,4=2,5=2,6=0,7=0,8=0)
[2025-09-16T10:59:55.476] debug2: running rollup at Tue Sep 16 11:00:00 2025
[2025-09-16T10:59:55.476] debug2: Attempting to connect to mysql:3306
[2025-09-16T10:59:55.478] debug2: accounting_storage/as_mysql: _cluster_rollup_usage: No need to roll cluster linux this hour 1758016800 <= 1758016800
[2025-09-16T10:59:55.478] debug2: accounting_storage/as_mysql: _cluster_rollup_usage: No need to roll cluster linux this day 1757980800 <= 1757980800
[2025-09-16T10:59:55.478] debug2: accounting_storage/as_mysql: _cluster_rollup_usage: No need to roll cluster linux this month 1756684800 <= 1756684800
[2025-09-16T10:59:55.478] debug2: accounting_storage/as_mysql: as_mysql_roll_usage: Got 1 of 1 rolled up
[2025-09-16T10:59:55.478] debug2: accounting_storage/as_mysql: as_mysql_roll_usage: Everything rolled up
[2025-09-16T11:00:00.479] debug2: running rollup at Tue Sep 16 11:00:00 2025
[2025-09-16T11:00:00.480] debug2: Attempting to connect to mysql:3306
[2025-09-16T11:00:00.489] debug2: accounting_storage/as_mysql: _cluster_rollup_usage: No need to roll cluster linux this day 1757980800 <= 1757980800
[2025-09-16T11:00:00.489] debug2: accounting_storage/as_mysql: _cluster_rollup_usage: No need to roll cluster linux this month 1756684800 <= 1756684800
[2025-09-16T11:00:00.495] debug2: accounting_storage/as_mysql: as_mysql_roll_usage: Got 1 of 1 rolled up
[2025-09-16T11:00:00.495] debug2: accounting_storage/as_mysql: as_mysql_roll_usage: Everything rolled up
[2025-09-16T11:04:22.456] debug2: DBD_CLUSTER_TRES: called in CONN 8 for linux(1=2,2=2000,3=0,4=2,5=2,6=0,7=0,8=0)
[2025-09-16T11:09:22.540] debug2: DBD_CLUSTER_TRES: called in CONN 8 for linux(1=2,2=2000,3=0,4=2,5=2,6=0,7=0,8=0)
[2025-09-16T11:14:22.516] debug2: DBD_CLUSTER_TRES: called in CONN 8 for linux(1=2,2=2000,3=0,4=2,5=2,6=0,7=0,8=0)
[2025-09-16T11:19:22.169] debug2: DBD_CLUSTER_TRES: called in CONN 8 for linux(1=2,2=2000,3=0,4=2,5=2,6=0,7=0,8=0)
[2025-09-16T11:24:22.970] debug2: DBD_CLUSTER_TRES: called in CONN 8 for linux(1=2,2=2000,3=0,4=2,5=2,6=0,7=0,8=0)
[2025-09-16T11:29:22.127] debug2: DBD_CLUSTER_TRES: called in CONN 8 for linux(1=2,2=2000,3=0,4=2,5=2,6=0,7=0,8=0)
[2025-09-16T11:34:22.883] debug2: DBD_CLUSTER_TRES: called in CONN 8 for linux(1=2,2=2000,3=0,4=2,5=2,6=0,7=0,8=0)
[2025-09-16T11:39:22.729] debug2: DBD_CLUSTER_TRES: called in CONN 8 for linux(1=2,2=2000,3=0,4=2,5=2,6=0,7=0,8=0)
[2025-09-16T11:44:22.705] debug2: DBD_CLUSTER_TRES: called in CONN 8 for linux(1=2,2=2000,3=0,4=2,5=2,6=0,7=0,8=0)
[2025-09-16T11:49:23.039] debug2: DBD_CLUSTER_TRES: called in CONN 8 for linux(1=2,2=2000,3=0,4=2,5=2,6=0,7=0,8=0)
[2025-09-16T11:54:22.648] debug2: DBD_CLUSTER_TRES: called in CONN 8 for linux(1=2,2=2000,3=0,4=2,5=2,6=0,7=0,8=0)
[2025-09-16T11:57:17.716] debug2: running rollup at Tue Sep 16 12:00:00 2025
[2025-09-16T11:57:17.717] debug2: Attempting to connect to mysql:3306
[2025-09-16T11:57:17.720] debug2: accounting_storage/as_mysql: _cluster_rollup_usage: No need to roll cluster linux this hour 1758020400 <= 1758020400
[2025-09-16T11:57:17.720] debug2: accounting_storage/as_mysql: _cluster_rollup_usage: No need to roll cluster linux this day 1757980800 <= 1757980800
[2025-09-16T11:57:17.720] debug2: accounting_storage/as_mysql: _cluster_rollup_usage: No need to roll cluster linux this month 1756684800 <= 1756684800
[2025-09-16T11:57:17.721] debug2: accounting_storage/as_mysql: as_mysql_roll_usage: Got 1 of 1 rolled up
[2025-09-16T11:57:17.721] debug2: accounting_storage/as_mysql: as_mysql_roll_usage: Everything rolled up
[2025-09-16T11:59:22.523] debug2: DBD_CLUSTER_TRES: called in CONN 8 for linux(1=2,2=2000,3=0,4=2,5=2,6=0,7=0,8=0)
[2025-09-16T11:59:51.899] debug2: running rollup at Tue Sep 16 12:00:00 2025
[2025-09-16T11:59:51.899] debug2: Attempting to connect to mysql:3306
[2025-09-16T11:59:51.902] debug2: accounting_storage/as_mysql: _cluster_rollup_usage: No need to roll cluster linux this hour 1758020400 <= 1758020400
[2025-09-16T11:59:51.902] debug2: accounting_storage/as_mysql: _cluster_rollup_usage: No need to roll cluster linux this day 1757980800 <= 1757980800
[2025-09-16T11:59:51.902] debug2: accounting_storage/as_mysql: _cluster_rollup_usage: No need to roll cluster linux this month 1756684800 <= 1756684800
[2025-09-16T11:59:51.902] debug2: accounting_storage/as_mysql: as_mysql_roll_usage: Got 1 of 1 rolled up
[2025-09-16T11:59:51.902] debug2: accounting_storage/as_mysql: as_mysql_roll_usage: Everything rolled up
[2025-09-16T12:00:00.903] debug2: running rollup at Tue Sep 16 12:00:00 2025
[2025-09-16T12:00:00.904] debug2: Attempting to connect to mysql:3306
[2025-09-16T12:00:00.911] debug2: accounting_storage/as_mysql: _cluster_rollup_usage: No need to roll cluster linux this day 1757980800 <= 1757980800
[2025-09-16T12:00:00.911] debug2: accounting_storage/as_mysql: _cluster_rollup_usage: No need to roll cluster linux this month 1756684800 <= 1756684800
[2025-09-16T12:00:00.914] debug2: accounting_storage/as_mysql: as_mysql_roll_usage: Got 1 of 1 rolled up
[2025-09-16T12:00:00.914] debug2: accounting_storage/as_mysql: as_mysql_roll_usage: Everything rolled up
[2025-09-16T12:04:22.188] debug2: DBD_CLUSTER_TRES: called in CONN 8 for linux(1=2,2=2000,3=0,4=2,5=2,6=0,7=0,8=0)
[2025-09-16T12:09:22.590] debug2: DBD_CLUSTER_TRES: called in CONN 8 for linux(1=2,2=2000,3=0,4=2,5=2,6=0,7=0,8=0)
[2025-09-16T12:14:22.915] debug2: DBD_CLUSTER_TRES: called in CONN 8 for linux(1=2,2=2000,3=0,4=2,5=2,6=0,7=0,8=0)
[2025-09-16T12:19:22.441] debug2: DBD_CLUSTER_TRES: called in CONN 8 for linux(1=2,2=2000,3=0,4=2,5=2,6=0,7=0,8=0)
[2025-09-16T12:24:22.382] debug2: DBD_CLUSTER_TRES: called in CONN 8 for linux(1=2,2=2000,3=0,4=2,5=2,6=0,7=0,8=0)
[2025-09-16T12:29:22.740] debug2: DBD_CLUSTER_TRES: called in CONN 8 for linux(1=2,2=2000,3=0,4=2,5=2,6=0,7=0,8=0)
[2025-09-16T12:34:22.405] debug2: DBD_CLUSTER_TRES: called in CONN 8 for linux(1=2,2=2000,3=0,4=2,5=2,6=0,7=0,8=0)
[2025-09-16T12:39:22.468] debug2: DBD_CLUSTER_TRES: called in CONN 8 for linux(1=2,2=2000,3=0,4=2,5=2,6=0,7=0,8=0)
[2025-09-16T12:44:22.659] debug2: DBD_CLUSTER_TRES: called in CONN 8 for linux(1=2,2=2000,3=0,4=2,5=2,6=0,7=0,8=0)
[2025-09-16T12:49:22.139] debug2: DBD_CLUSTER_TRES: called in CONN 8 for linux(1=2,2=2000,3=0,4=2,5=2,6=0,7=0,8=0)
[2025-09-16T12:54:22.603] debug2: DBD_CLUSTER_TRES: called in CONN 8 for linux(1=2,2=2000,3=0,4=2,5=2,6=0,7=0,8=0)
[2025-09-16T12:56:52.590] debug2: running rollup at Tue Sep 16 13:00:00 2025
[2025-09-16T12:56:52.590] debug2: Attempting to connect to mysql:3306
[2025-09-16T12:56:52.593] debug2: accounting_storage/as_mysql: _cluster_rollup_usage: No need to roll cluster linux this hour 1758024000 <= 1758024000
[2025-09-16T12:56:52.593] debug2: accounting_storage/as_mysql: _cluster_rollup_usage: No need to roll cluster linux this day 1757980800 <= 1757980800
[2025-09-16T12:56:52.593] debug2: accounting_storage/as_mysql: _cluster_rollup_usage: No need to roll cluster linux this month 1756684800 <= 1756684800
[2025-09-16T12:56:52.593] debug2: accounting_storage/as_mysql: as_mysql_roll_usage: Got 1 of 1 rolled up
[2025-09-16T12:56:52.593] debug2: accounting_storage/as_mysql: as_mysql_roll_usage: Everything rolled up
[2025-09-16T12:59:22.796] debug2: DBD_CLUSTER_TRES: called in CONN 8 for linux(1=2,2=2000,3=0,4=2,5=2,6=0,7=0,8=0)
[2025-09-16T12:59:50.617] debug2: running rollup at Tue Sep 16 13:00:00 2025
[2025-09-16T12:59:50.617] debug2: Attempting to connect to mysql:3306
[2025-09-16T12:59:50.619] debug2: accounting_storage/as_mysql: _cluster_rollup_usage: No need to roll cluster linux this hour 1758024000 <= 1758024000
[2025-09-16T12:59:50.619] debug2: accounting_storage/as_mysql: _cluster_rollup_usage: No need to roll cluster linux this day 1757980800 <= 1757980800
[2025-09-16T12:59:50.619] debug2: accounting_storage/as_mysql: _cluster_rollup_usage: No need to roll cluster linux this month 1756684800 <= 1756684800
[2025-09-16T12:59:50.620] debug2: accounting_storage/as_mysql: as_mysql_roll_usage: Got 1 of 1 rolled up
[2025-09-16T12:59:50.620] debug2: accounting_storage/as_mysql: as_mysql_roll_usage: Everything rolled up
[2025-09-16T12:59:58.905] debug2: running rollup at Tue Sep 16 13:00:00 2025
[2025-09-16T12:59:58.905] debug2: Attempting to connect to mysql:3306
[2025-09-16T12:59:58.907] debug2: accounting_storage/as_mysql: _cluster_rollup_usage: No need to roll cluster linux this hour 1758024000 <= 1758024000
[2025-09-16T12:59:58.907] debug2: accounting_storage/as_mysql: _cluster_rollup_usage: No need to roll cluster linux this day 1757980800 <= 1757980800
[2025-09-16T12:59:58.907] debug2: accounting_storage/as_mysql: _cluster_rollup_usage: No need to roll cluster linux this month 1756684800 <= 1756684800
[2025-09-16T12:59:58.908] debug2: accounting_storage/as_mysql: as_mysql_roll_usage: Got 1 of 1 rolled up
[2025-09-16T12:59:58.908] debug2: accounting_storage/as_mysql: as_mysql_roll_usage: Everything rolled up
[2025-09-16T13:00:00.910] debug2: running rollup at Tue Sep 16 13:00:00 2025
[2025-09-16T13:00:00.910] debug2: Attempting to connect to mysql:3306
[2025-09-16T13:00:00.921] debug2: accounting_storage/as_mysql: _cluster_rollup_usage: No need to roll cluster linux this day 1757980800 <= 1757980800
[2025-09-16T13:00:00.921] debug2: accounting_storage/as_mysql: _cluster_rollup_usage: No need to roll cluster linux this month 1756684800 <= 1756684800
[2025-09-16T13:00:00.924] debug2: accounting_storage/as_mysql: as_mysql_roll_usage: Got 1 of 1 rolled up
[2025-09-16T13:00:00.924] debug2: accounting_storage/as_mysql: as_mysql_roll_usage: Everything rolled up
[2025-09-16T13:04:22.843] debug2: DBD_CLUSTER_TRES: called in CONN 8 for linux(1=2,2=2000,3=0,4=2,5=2,6=0,7=0,8=0)
[2025-09-16T13:09:22.245] debug2: DBD_CLUSTER_TRES: called in CONN 8 for linux(1=2,2=2000,3=0,4=2,5=2,6=0,7=0,8=0)
[2025-09-16T13:14:22.692] debug2: DBD_CLUSTER_TRES: called in CONN 8 for linux(1=2,2=2000,3=0,4=2,5=2,6=0,7=0,8=0)
[2025-09-16T13:19:22.436] debug2: DBD_CLUSTER_TRES: called in CONN 8 for linux(1=2,2=2000,3=0,4=2,5=2,6=0,7=0,8=0)
[2025-09-16T13:24:22.616] debug2: DBD_CLUSTER_TRES: called in CONN 8 for linux(1=2,2=2000,3=0,4=2,5=2,6=0,7=0,8=0)
[2025-09-16T13:29:22.980] debug2: DBD_CLUSTER_TRES: called in CONN 8 for linux(1=2,2=2000,3=0,4=2,5=2,6=0,7=0,8=0)
[2025-09-16T13:34:21.873] debug2: DBD_CLUSTER_TRES: called in CONN 8 for linux(1=2,2=2000,3=0,4=2,5=2,6=0,7=0,8=0)
[2025-09-16T13:39:22.462] debug2: DBD_CLUSTER_TRES: called in CONN 8 for linux(1=2,2=2000,3=0,4=2,5=2,6=0,7=0,8=0)
[2025-09-16T13:44:22.085] debug2: DBD_CLUSTER_TRES: called in CONN 8 for linux(1=2,2=2000,3=0,4=2,5=2,6=0,7=0,8=0)
[2025-09-16T13:49:22.482] debug2: DBD_CLUSTER_TRES: called in CONN 8 for linux(1=2,2=2000,3=0,4=2,5=2,6=0,7=0,8=0)
[2025-09-16T13:54:22.374] debug2: DBD_CLUSTER_TRES: called in CONN 8 for linux(1=2,2=2000,3=0,4=2,5=2,6=0,7=0,8=0)
[2025-09-16T13:56:32.013] debug2: running rollup at Tue Sep 16 14:00:00 2025
[2025-09-16T13:56:32.013] debug2: Attempting to connect to mysql:3306
[2025-09-16T13:56:32.015] debug2: accounting_storage/as_mysql: _cluster_rollup_usage: No need to roll cluster linux this hour 1758027600 <= 1758027600
[2025-09-16T13:56:32.015] debug2: accounting_storage/as_mysql: _cluster_rollup_usage: No need to roll cluster linux this day 1757980800 <= 1757980800
[2025-09-16T13:56:32.015] debug2: accounting_storage/as_mysql: _cluster_rollup_usage: No need to roll cluster linux this month 1756684800 <= 1756684800
[2025-09-16T13:56:32.016] debug2: accounting_storage/as_mysql: as_mysql_roll_usage: Got 1 of 1 rolled up
[2025-09-16T13:56:32.016] debug2: accounting_storage/as_mysql: as_mysql_roll_usage: Everything rolled up
[2025-09-16T13:59:22.963] debug2: DBD_CLUSTER_TRES: called in CONN 8 for linux(1=2,2=2000,3=0,4=2,5=2,6=0,7=0,8=0)
[2025-09-16T13:59:47.125] debug2: running rollup at Tue Sep 16 14:00:00 2025
[2025-09-16T13:59:47.126] debug2: Attempting to connect to mysql:3306
[2025-09-16T13:59:47.128] debug2: accounting_storage/as_mysql: _cluster_rollup_usage: No need to roll cluster linux this hour 1758027600 <= 1758027600
[2025-09-16T13:59:47.128] debug2: accounting_storage/as_mysql: _cluster_rollup_usage: No need to roll cluster linux this day 1757980800 <= 1757980800
[2025-09-16T13:59:47.128] debug2: accounting_storage/as_mysql: _cluster_rollup_usage: No need to roll cluster linux this month 1756684800 <= 1756684800
[2025-09-16T13:59:47.128] debug2: accounting_storage/as_mysql: as_mysql_roll_usage: Got 1 of 1 rolled up
[2025-09-16T13:59:47.128] debug2: accounting_storage/as_mysql: as_mysql_roll_usage: Everything rolled up
[2025-09-16T14:00:00.133] debug2: running rollup at Tue Sep 16 14:00:00 2025
[2025-09-16T14:00:00.134] debug2: Attempting to connect to mysql:3306
[2025-09-16T14:00:00.140] debug2: accounting_storage/as_mysql: _cluster_rollup_usage: No need to roll cluster linux this day 1757980800 <= 1757980800
[2025-09-16T14:00:00.140] debug2: accounting_storage/as_mysql: _cluster_rollup_usage: No need to roll cluster linux this month 1756684800 <= 1756684800
[2025-09-16T14:00:00.143] debug2: accounting_storage/as_mysql: as_mysql_roll_usage: Got 1 of 1 rolled up
[2025-09-16T14:00:00.143] debug2: accounting_storage/as_mysql: as_mysql_roll_usage: Everything rolled up
[2025-09-16T14:04:22.515] debug2: DBD_CLUSTER_TRES: called in CONN 8 for linux(1=2,2=2000,3=0,4=2,5=2,6=0,7=0,8=0)
[2025-09-16T14:09:22.139] debug2: DBD_CLUSTER_TRES: called in CONN 8 for linux(1=2,2=2000,3=0,4=2,5=2,6=0,7=0,8=0)
[2025-09-16T14:14:22.263] debug2: DBD_CLUSTER_TRES: called in CONN 8 for linux(1=2,2=2000,3=0,4=2,5=2,6=0,7=0,8=0)
[2025-09-16T14:19:22.757] debug2: DBD_CLUSTER_TRES: called in CONN 8 for linux(1=2,2=2000,3=0,4=2,5=2,6=0,7=0,8=0)
[2025-09-16T14:24:22.293] debug2: DBD_CLUSTER_TRES: called in CONN 8 for linux(1=2,2=2000,3=0,4=2,5=2,6=0,7=0,8=0)
[2025-09-16T14:29:22.710] debug2: DBD_CLUSTER_TRES: called in CONN 8 for linux(1=2,2=2000,3=0,4=2,5=2,6=0,7=0,8=0)
[2025-09-16T14:34:22.823] debug2: DBD_CLUSTER_TRES: called in CONN 8 for linux(1=2,2=2000,3=0,4=2,5=2,6=0,7=0,8=0)
[2025-09-16T14:39:22.071] debug2: DBD_CLUSTER_TRES: called in CONN 8 for linux(1=2,2=2000,3=0,4=2,5=2,6=0,7=0,8=0)
[2025-09-16T14:44:22.580] debug2: DBD_CLUSTER_TRES: called in CONN 8 for linux(1=2,2=2000,3=0,4=2,5=2,6=0,7=0,8=0)
[2025-09-16T14:49:22.457] debug2: DBD_CLUSTER_TRES: called in CONN 8 for linux(1=2,2=2000,3=0,4=2,5=2,6=0,7=0,8=0)
[2025-09-16T14:54:22.865] debug2: DBD_CLUSTER_TRES: called in CONN 8 for linux(1=2,2=2000,3=0,4=2,5=2,6=0,7=0,8=0)
[2025-09-16T14:56:16.380] debug2: running rollup at Tue Sep 16 15:00:00 2025
[2025-09-16T14:56:16.381] debug2: Attempting to connect to mysql:3306
[2025-09-16T14:56:16.383] debug2: accounting_storage/as_mysql: _cluster_rollup_usage: No need to roll cluster linux this hour 1758031200 <= 1758031200
[2025-09-16T14:56:16.383] debug2: accounting_storage/as_mysql: _cluster_rollup_usage: No need to roll cluster linux this day 1757980800 <= 1757980800
[2025-09-16T14:56:16.383] debug2: accounting_storage/as_mysql: _cluster_rollup_usage: No need to roll cluster linux this month 1756684800 <= 1756684800
[2025-09-16T14:56:16.383] debug2: accounting_storage/as_mysql: as_mysql_roll_usage: Got 1 of 1 rolled up
[2025-09-16T14:56:16.383] debug2: accounting_storage/as_mysql: as_mysql_roll_usage: Everything rolled up
[2025-09-16T14:59:22.977] debug2: DBD_CLUSTER_TRES: called in CONN 8 for linux(1=2,2=2000,3=0,4=2,5=2,6=0,7=0,8=0)
[2025-09-16T14:59:45.943] debug2: running rollup at Tue Sep 16 15:00:00 2025
[2025-09-16T14:59:45.944] debug2: Attempting to connect to mysql:3306
[2025-09-16T14:59:45.946] debug2: accounting_storage/as_mysql: _cluster_rollup_usage: No need to roll cluster linux this hour 1758031200 <= 1758031200
[2025-09-16T14:59:45.946] debug2: accounting_storage/as_mysql: _cluster_rollup_usage: No need to roll cluster linux this day 1757980800 <= 1757980800
[2025-09-16T14:59:45.946] debug2: accounting_storage/as_mysql: _cluster_rollup_usage: No need to roll cluster linux this month 1756684800 <= 1756684800
[2025-09-16T14:59:45.946] debug2: accounting_storage/as_mysql: as_mysql_roll_usage: Got 1 of 1 rolled up
[2025-09-16T14:59:45.946] debug2: accounting_storage/as_mysql: as_mysql_roll_usage: Everything rolled up
[2025-09-16T15:00:01.285] debug2: running rollup at Tue Sep 16 15:00:00 2025
[2025-09-16T15:00:01.285] debug2: Attempting to connect to mysql:3306
[2025-09-16T15:00:01.301] debug2: accounting_storage/as_mysql: _cluster_rollup_usage: No need to roll cluster linux this day 1757980800 <= 1757980800
[2025-09-16T15:00:01.301] debug2: accounting_storage/as_mysql: _cluster_rollup_usage: No need to roll cluster linux this month 1756684800 <= 1756684800
[2025-09-16T15:00:01.307] debug2: accounting_storage/as_mysql: as_mysql_roll_usage: Got 1 of 1 rolled up
[2025-09-16T15:00:01.307] debug2: accounting_storage/as_mysql: as_mysql_roll_usage: Everything rolled up
[2025-09-16T15:04:23.077] debug2: DBD_CLUSTER_TRES: called in CONN 8 for linux(1=2,2=2000,3=0,4=2,5=2,6=0,7=0,8=0)
[2025-09-16T15:09:23.632] debug2: DBD_CLUSTER_TRES: called in CONN 8 for linux(1=2,2=2000,3=0,4=2,5=2,6=0,7=0,8=0)
[2025-09-16T15:14:23.395] debug2: DBD_CLUSTER_TRES: called in CONN 8 for linux(1=2,2=2000,3=0,4=2,5=2,6=0,7=0,8=0)
[2025-09-16T15:19:23.144] debug2: DBD_CLUSTER_TRES: called in CONN 8 for linux(1=2,2=2000,3=0,4=2,5=2,6=0,7=0,8=0)
[2025-09-16T15:24:23.486] debug2: DBD_CLUSTER_TRES: called in CONN 8 for linux(1=2,2=2000,3=0,4=2,5=2,6=0,7=0,8=0)
[2025-09-16T15:29:23.218] debug2: DBD_CLUSTER_TRES: called in CONN 8 for linux(1=2,2=2000,3=0,4=2,5=2,6=0,7=0,8=0)
[2025-09-16T15:34:24.024] debug2: DBD_CLUSTER_TRES: called in CONN 8 for linux(1=2,2=2000,3=0,4=2,5=2,6=0,7=0,8=0)
[2025-09-16T15:39:23.445] debug2: DBD_CLUSTER_TRES: called in CONN 8 for linux(1=2,2=2000,3=0,4=2,5=2,6=0,7=0,8=0)
[2025-09-16T15:44:23.816] debug2: DBD_CLUSTER_TRES: called in CONN 8 for linux(1=2,2=2000,3=0,4=2,5=2,6=0,7=0,8=0)
[2025-09-16T15:49:24.008] debug2: DBD_CLUSTER_TRES: called in CONN 8 for linux(1=2,2=2000,3=0,4=2,5=2,6=0,7=0,8=0)
[2025-09-16T15:54:24.031] debug2: DBD_CLUSTER_TRES: called in CONN 8 for linux(1=2,2=2000,3=0,4=2,5=2,6=0,7=0,8=0)
[2025-09-16T15:56:00.283] debug2: running rollup at Tue Sep 16 16:00:00 2025
[2025-09-16T15:56:00.283] debug2: Attempting to connect to mysql:3306
[2025-09-16T15:56:00.285] debug2: accounting_storage/as_mysql: _cluster_rollup_usage: No need to roll cluster linux this hour 1758034800 <= 1758034800
[2025-09-16T15:56:00.285] debug2: accounting_storage/as_mysql: _cluster_rollup_usage: No need to roll cluster linux this day 1757980800 <= 1757980800
[2025-09-16T15:56:00.285] debug2: accounting_storage/as_mysql: _cluster_rollup_usage: No need to roll cluster linux this month 1756684800 <= 1756684800
[2025-09-16T15:56:00.286] debug2: accounting_storage/as_mysql: as_mysql_roll_usage: Got 1 of 1 rolled up
[2025-09-16T15:56:00.286] debug2: accounting_storage/as_mysql: as_mysql_roll_usage: Everything rolled up
[2025-09-16T15:59:23.617] debug2: DBD_CLUSTER_TRES: called in CONN 8 for linux(1=2,2=2000,3=0,4=2,5=2,6=0,7=0,8=0)
[2025-09-16T15:59:44.174] debug2: running rollup at Tue Sep 16 16:00:00 2025
[2025-09-16T15:59:44.175] debug2: Attempting to connect to mysql:3306
[2025-09-16T15:59:44.177] debug2: accounting_storage/as_mysql: _cluster_rollup_usage: No need to roll cluster linux this hour 1758034800 <= 1758034800
[2025-09-16T15:59:44.177] debug2: accounting_storage/as_mysql: _cluster_rollup_usage: No need to roll cluster linux this day 1757980800 <= 1757980800
[2025-09-16T15:59:44.177] debug2: accounting_storage/as_mysql: _cluster_rollup_usage: No need to roll cluster linux this month 1756684800 <= 1756684800
[2025-09-16T15:59:44.177] debug2: accounting_storage/as_mysql: as_mysql_roll_usage: Got 1 of 1 rolled up
[2025-09-16T15:59:44.177] debug2: accounting_storage/as_mysql: as_mysql_roll_usage: Everything rolled up
[2025-09-16T16:00:00.189] debug2: running rollup at Tue Sep 16 16:00:00 2025
[2025-09-16T16:00:00.190] debug2: Attempting to connect to mysql:3306
[2025-09-16T16:00:00.196] debug2: accounting_storage/as_mysql: _cluster_rollup_usage: No need to roll cluster linux this day 1757980800 <= 1757980800
[2025-09-16T16:00:00.196] debug2: accounting_storage/as_mysql: _cluster_rollup_usage: No need to roll cluster linux this month 1756684800 <= 1756684800
[2025-09-16T16:00:00.198] debug2: accounting_storage/as_mysql: as_mysql_roll_usage: Got 1 of 1 rolled up
[2025-09-16T16:00:00.198] debug2: accounting_storage/as_mysql: as_mysql_roll_usage: Everything rolled up
[2025-09-16T16:04:24.005] debug2: DBD_CLUSTER_TRES: called in CONN 8 for linux(1=2,2=2000,3=0,4=2,5=2,6=0,7=0,8=0)
[2025-09-16T16:09:23.610] debug2: DBD_CLUSTER_TRES: called in CONN 8 for linux(1=2,2=2000,3=0,4=2,5=2,6=0,7=0,8=0)
[2025-09-16T16:14:23.292] debug2: DBD_CLUSTER_TRES: called in CONN 8 for linux(1=2,2=2000,3=0,4=2,5=2,6=0,7=0,8=0)
[2025-09-16T16:19:24.004] debug2: DBD_CLUSTER_TRES: called in CONN 8 for linux(1=2,2=2000,3=0,4=2,5=2,6=0,7=0,8=0)
[2025-09-16T16:24:23.939] debug2: DBD_CLUSTER_TRES: called in CONN 8 for linux(1=2,2=2000,3=0,4=2,5=2,6=0,7=0,8=0)
[2025-09-16T16:29:23.265] debug2: DBD_CLUSTER_TRES: called in CONN 8 for linux(1=2,2=2000,3=0,4=2,5=2,6=0,7=0,8=0)
[2025-09-16T16:34:23.291] debug2: DBD_CLUSTER_TRES: called in CONN 8 for linux(1=2,2=2000,3=0,4=2,5=2,6=0,7=0,8=0)
[2025-09-16T16:39:23.750] debug2: DBD_CLUSTER_TRES: called in CONN 8 for linux(1=2,2=2000,3=0,4=2,5=2,6=0,7=0,8=0)
[2025-09-16T16:44:23.919] debug2: DBD_CLUSTER_TRES: called in CONN 8 for linux(1=2,2=2000,3=0,4=2,5=2,6=0,7=0,8=0)
[2025-09-16T16:49:23.087] debug2: DBD_CLUSTER_TRES: called in CONN 8 for linux(1=2,2=2000,3=0,4=2,5=2,6=0,7=0,8=0)
[2025-09-16T16:54:23.687] debug2: DBD_CLUSTER_TRES: called in CONN 8 for linux(1=2,2=2000,3=0,4=2,5=2,6=0,7=0,8=0)
[2025-09-16T16:55:54.931] debug2: running rollup at Tue Sep 16 17:00:00 2025
[2025-09-16T16:55:54.931] debug2: Attempting to connect to mysql:3306
[2025-09-16T16:55:54.934] debug2: accounting_storage/as_mysql: _cluster_rollup_usage: No need to roll cluster linux this hour 1758038400 <= 1758038400
[2025-09-16T16:55:54.934] debug2: accounting_storage/as_mysql: _cluster_rollup_usage: No need to roll cluster linux this day 1757980800 <= 1757980800
[2025-09-16T16:55:54.934] debug2: accounting_storage/as_mysql: _cluster_rollup_usage: No need to roll cluster linux this month 1756684800 <= 1756684800
[2025-09-16T16:55:54.934] debug2: accounting_storage/as_mysql: as_mysql_roll_usage: Got 1 of 1 rolled up
[2025-09-16T16:55:54.934] debug2: accounting_storage/as_mysql: as_mysql_roll_usage: Everything rolled up
[2025-09-16T16:59:23.454] debug2: DBD_CLUSTER_TRES: called in CONN 8 for linux(1=2,2=2000,3=0,4=2,5=2,6=0,7=0,8=0)
[2025-09-16T16:59:42.573] debug2: running rollup at Tue Sep 16 17:00:00 2025
[2025-09-16T16:59:42.574] debug2: Attempting to connect to mysql:3306
[2025-09-16T16:59:42.576] debug2: accounting_storage/as_mysql: _cluster_rollup_usage: No need to roll cluster linux this hour 1758038400 <= 1758038400
[2025-09-16T16:59:42.576] debug2: accounting_storage/as_mysql: _cluster_rollup_usage: No need to roll cluster linux this day 1757980800 <= 1757980800
[2025-09-16T16:59:42.576] debug2: accounting_storage/as_mysql: _cluster_rollup_usage: No need to roll cluster linux this month 1756684800 <= 1756684800
[2025-09-16T16:59:42.576] debug2: accounting_storage/as_mysql: as_mysql_roll_usage: Got 1 of 1 rolled up
[2025-09-16T16:59:42.576] debug2: accounting_storage/as_mysql: as_mysql_roll_usage: Everything rolled up
[2025-09-16T16:59:58.090] debug2: running rollup at Tue Sep 16 17:00:00 2025
[2025-09-16T16:59:58.090] debug2: Attempting to connect to mysql:3306
[2025-09-16T16:59:58.092] debug2: accounting_storage/as_mysql: _cluster_rollup_usage: No need to roll cluster linux this hour 1758038400 <= 1758038400
[2025-09-16T16:59:58.093] debug2: accounting_storage/as_mysql: _cluster_rollup_usage: No need to roll cluster linux this day 1757980800 <= 1757980800
[2025-09-16T16:59:58.093] debug2: accounting_storage/as_mysql: _cluster_rollup_usage: No need to roll cluster linux this month 1756684800 <= 1756684800
[2025-09-16T16:59:58.093] debug2: accounting_storage/as_mysql: as_mysql_roll_usage: Got 1 of 1 rolled up
[2025-09-16T16:59:58.093] debug2: accounting_storage/as_mysql: as_mysql_roll_usage: Everything rolled up
[2025-09-16T17:00:00.099] debug2: running rollup at Tue Sep 16 17:00:00 2025
[2025-09-16T17:00:00.099] debug2: Attempting to connect to mysql:3306
[2025-09-16T17:00:00.106] debug2: accounting_storage/as_mysql: _cluster_rollup_usage: No need to roll cluster linux this day 1757980800 <= 1757980800
[2025-09-16T17:00:00.106] debug2: accounting_storage/as_mysql: _cluster_rollup_usage: No need to roll cluster linux this month 1756684800 <= 1756684800
[2025-09-16T17:00:00.109] debug2: accounting_storage/as_mysql: as_mysql_roll_usage: Got 1 of 1 rolled up
[2025-09-16T17:00:00.109] debug2: accounting_storage/as_mysql: as_mysql_roll_usage: Everything rolled up
[2025-09-16T17:04:23.271] debug2: DBD_CLUSTER_TRES: called in CONN 8 for linux(1=2,2=2000,3=0,4=2,5=2,6=0,7=0,8=0)
[2025-09-16T17:09:23.556] debug2: DBD_CLUSTER_TRES: called in CONN 8 for linux(1=2,2=2000,3=0,4=2,5=2,6=0,7=0,8=0)
[2025-09-16T17:14:23.946] debug2: DBD_CLUSTER_TRES: called in CONN 8 for linux(1=2,2=2000,3=0,4=2,5=2,6=0,7=0,8=0)
[2025-09-16T17:19:23.350] debug2: DBD_CLUSTER_TRES: called in CONN 8 for linux(1=2,2=2000,3=0,4=2,5=2,6=0,7=0,8=0)
[2025-09-16T17:24:23.901] debug2: DBD_CLUSTER_TRES: called in CONN 8 for linux(1=2,2=2000,3=0,4=2,5=2,6=0,7=0,8=0)
[2025-09-16T17:29:24.072] debug2: DBD_CLUSTER_TRES: called in CONN 8 for linux(1=2,2=2000,3=0,4=2,5=2,6=0,7=0,8=0)
[2025-09-16T17:34:24.688] debug2: DBD_CLUSTER_TRES: called in CONN 8 for linux(1=2,2=2000,3=0,4=2,5=2,6=0,7=0,8=0)
[2025-09-16T17:39:24.632] debug2: DBD_CLUSTER_TRES: called in CONN 8 for linux(1=2,2=2000,3=0,4=2,5=2,6=0,7=0,8=0)
[2025-09-16T17:44:24.345] debug2: DBD_CLUSTER_TRES: called in CONN 8 for linux(1=2,2=2000,3=0,4=2,5=2,6=0,7=0,8=0)
[2025-09-16T17:49:24.731] debug2: DBD_CLUSTER_TRES: called in CONN 8 for linux(1=2,2=2000,3=0,4=2,5=2,6=0,7=0,8=0)
[2025-09-16T17:54:24.905] debug2: DBD_CLUSTER_TRES: called in CONN 8 for linux(1=2,2=2000,3=0,4=2,5=2,6=0,7=0,8=0)
[2025-09-16T17:55:40.348] debug2: running rollup at Tue Sep 16 18:00:00 2025
[2025-09-16T17:55:40.348] debug2: Attempting to connect to mysql:3306
[2025-09-16T17:55:40.350] debug2: accounting_storage/as_mysql: _cluster_rollup_usage: No need to roll cluster linux this hour 1758042000 <= 1758042000
[2025-09-16T17:55:40.350] debug2: accounting_storage/as_mysql: _cluster_rollup_usage: No need to roll cluster linux this day 1757980800 <= 1757980800
[2025-09-16T17:55:40.350] debug2: accounting_storage/as_mysql: _cluster_rollup_usage: No need to roll cluster linux this month 1756684800 <= 1756684800
[2025-09-16T17:55:40.351] debug2: accounting_storage/as_mysql: as_mysql_roll_usage: Got 1 of 1 rolled up
[2025-09-16T17:55:40.351] debug2: accounting_storage/as_mysql: as_mysql_roll_usage: Everything rolled up
[2025-09-16T17:59:25.002] debug2: DBD_CLUSTER_TRES: called in CONN 8 for linux(1=2,2=2000,3=0,4=2,5=2,6=0,7=0,8=0)
[2025-09-16T17:59:40.258] debug2: running rollup at Tue Sep 16 18:00:00 2025
[2025-09-16T17:59:40.259] debug2: Attempting to connect to mysql:3306
[2025-09-16T17:59:40.261] debug2: accounting_storage/as_mysql: _cluster_rollup_usage: No need to roll cluster linux this hour 1758042000 <= 1758042000
[2025-09-16T17:59:40.261] debug2: accounting_storage/as_mysql: _cluster_rollup_usage: No need to roll cluster linux this day 1757980800 <= 1757980800
[2025-09-16T17:59:40.261] debug2: accounting_storage/as_mysql: _cluster_rollup_usage: No need to roll cluster linux this month 1756684800 <= 1756684800
[2025-09-16T17:59:40.261] debug2: accounting_storage/as_mysql: as_mysql_roll_usage: Got 1 of 1 rolled up
[2025-09-16T17:59:40.261] debug2: accounting_storage/as_mysql: as_mysql_roll_usage: Everything rolled up
[2025-09-16T17:59:57.968] debug2: running rollup at Tue Sep 16 18:00:00 2025
[2025-09-16T17:59:57.969] debug2: Attempting to connect to mysql:3306
[2025-09-16T17:59:57.971] debug2: accounting_storage/as_mysql: _cluster_rollup_usage: No need to roll cluster linux this hour 1758042000 <= 1758042000
[2025-09-16T17:59:57.971] debug2: accounting_storage/as_mysql: _cluster_rollup_usage: No need to roll cluster linux this day 1757980800 <= 1757980800
[2025-09-16T17:59:57.971] debug2: accounting_storage/as_mysql: _cluster_rollup_usage: No need to roll cluster linux this month 1756684800 <= 1756684800
[2025-09-16T17:59:57.971] debug2: accounting_storage/as_mysql: as_mysql_roll_usage: Got 1 of 1 rolled up
[2025-09-16T17:59:57.971] debug2: accounting_storage/as_mysql: as_mysql_roll_usage: Everything rolled up
[2025-09-16T18:00:00.975] debug2: running rollup at Tue Sep 16 18:00:00 2025
[2025-09-16T18:00:00.975] debug2: Attempting to connect to mysql:3306
[2025-09-16T18:00:00.986] debug2: accounting_storage/as_mysql: _cluster_rollup_usage: No need to roll cluster linux this day 1757980800 <= 1757980800
[2025-09-16T18:00:00.986] debug2: accounting_storage/as_mysql: _cluster_rollup_usage: No need to roll cluster linux this month 1756684800 <= 1756684800
[2025-09-16T18:00:00.995] debug2: accounting_storage/as_mysql: as_mysql_roll_usage: Got 1 of 1 rolled up
[2025-09-16T18:00:00.995] debug2: accounting_storage/as_mysql: as_mysql_roll_usage: Everything rolled up
[2025-09-16T18:04:24.062] debug2: DBD_CLUSTER_TRES: called in CONN 8 for linux(1=2,2=2000,3=0,4=2,5=2,6=0,7=0,8=0)
[2025-09-16T18:09:24.636] debug2: DBD_CLUSTER_TRES: called in CONN 8 for linux(1=2,2=2000,3=0,4=2,5=2,6=0,7=0,8=0)
[2025-09-16T18:14:24.878] debug2: DBD_CLUSTER_TRES: called in CONN 8 for linux(1=2,2=2000,3=0,4=2,5=2,6=0,7=0,8=0)
[2025-09-16T18:19:24.707] debug2: DBD_CLUSTER_TRES: called in CONN 8 for linux(1=2,2=2000,3=0,4=2,5=2,6=0,7=0,8=0)
[2025-09-16T18:24:24.320] debug2: DBD_CLUSTER_TRES: called in CONN 8 for linux(1=2,2=2000,3=0,4=2,5=2,6=0,7=0,8=0)
[2025-09-16T18:29:24.694] debug2: DBD_CLUSTER_TRES: called in CONN 8 for linux(1=2,2=2000,3=0,4=2,5=2,6=0,7=0,8=0)
[2025-09-16T18:34:24.400] debug2: DBD_CLUSTER_TRES: called in CONN 8 for linux(1=2,2=2000,3=0,4=2,5=2,6=0,7=0,8=0)
[2025-09-16T18:39:24.862] debug2: DBD_CLUSTER_TRES: called in CONN 8 for linux(1=2,2=2000,3=0,4=2,5=2,6=0,7=0,8=0)
[2025-09-16T18:44:24.049] debug2: DBD_CLUSTER_TRES: called in CONN 8 for linux(1=2,2=2000,3=0,4=2,5=2,6=0,7=0,8=0)
[2025-09-16T18:49:24.053] debug2: DBD_CLUSTER_TRES: called in CONN 8 for linux(1=2,2=2000,3=0,4=2,5=2,6=0,7=0,8=0)
[2025-09-16T18:54:24.356] debug2: DBD_CLUSTER_TRES: called in CONN 8 for linux(1=2,2=2000,3=0,4=2,5=2,6=0,7=0,8=0)
[2025-09-16T18:55:17.471] debug2: running rollup at Tue Sep 16 19:00:00 2025
[2025-09-16T18:55:17.472] debug2: Attempting to connect to mysql:3306
[2025-09-16T18:55:17.474] debug2: accounting_storage/as_mysql: _cluster_rollup_usage: No need to roll cluster linux this hour 1758045600 <= 1758045600
[2025-09-16T18:55:17.474] debug2: accounting_storage/as_mysql: _cluster_rollup_usage: No need to roll cluster linux this day 1757980800 <= 1757980800
[2025-09-16T18:55:17.474] debug2: accounting_storage/as_mysql: _cluster_rollup_usage: No need to roll cluster linux this month 1756684800 <= 1756684800
[2025-09-16T18:55:17.474] debug2: accounting_storage/as_mysql: as_mysql_roll_usage: Got 1 of 1 rolled up
[2025-09-16T18:55:17.474] debug2: accounting_storage/as_mysql: as_mysql_roll_usage: Everything rolled up
[2025-09-16T18:59:24.580] debug2: DBD_CLUSTER_TRES: called in CONN 8 for linux(1=2,2=2000,3=0,4=2,5=2,6=0,7=0,8=0)
[2025-09-16T18:59:35.332] debug2: running rollup at Tue Sep 16 19:00:00 2025
[2025-09-16T18:59:35.333] debug2: Attempting to connect to mysql:3306
[2025-09-16T18:59:35.335] debug2: accounting_storage/as_mysql: _cluster_rollup_usage: No need to roll cluster linux this hour 1758045600 <= 1758045600
[2025-09-16T18:59:35.335] debug2: accounting_storage/as_mysql: _cluster_rollup_usage: No need to roll cluster linux this day 1757980800 <= 1757980800
[2025-09-16T18:59:35.335] debug2: accounting_storage/as_mysql: _cluster_rollup_usage: No need to roll cluster linux this month 1756684800 <= 1756684800
[2025-09-16T18:59:35.335] debug2: accounting_storage/as_mysql: as_mysql_roll_usage: Got 1 of 1 rolled up
[2025-09-16T18:59:35.336] debug2: accounting_storage/as_mysql: as_mysql_roll_usage: Everything rolled up
[2025-09-16T18:59:59.183] debug2: running rollup at Tue Sep 16 19:00:00 2025
[2025-09-16T18:59:59.184] debug2: Attempting to connect to mysql:3306
[2025-09-16T18:59:59.186] debug2: accounting_storage/as_mysql: _cluster_rollup_usage: No need to roll cluster linux this hour 1758045600 <= 1758045600
[2025-09-16T18:59:59.186] debug2: accounting_storage/as_mysql: _cluster_rollup_usage: No need to roll cluster linux this day 1757980800 <= 1757980800
[2025-09-16T18:59:59.186] debug2: accounting_storage/as_mysql: _cluster_rollup_usage: No need to roll cluster linux this month 1756684800 <= 1756684800
[2025-09-16T18:59:59.187] debug2: accounting_storage/as_mysql: as_mysql_roll_usage: Got 1 of 1 rolled up
[2025-09-16T18:59:59.187] debug2: accounting_storage/as_mysql: as_mysql_roll_usage: Everything rolled up
[2025-09-16T19:00:00.187] debug2: running rollup at Tue Sep 16 19:00:00 2025
[2025-09-16T19:00:00.188] debug2: Attempting to connect to mysql:3306
[2025-09-16T19:00:00.289] debug2: accounting_storage/as_mysql: _cluster_rollup_usage: No need to roll cluster linux this day 1757980800 <= 1757980800
[2025-09-16T19:00:00.289] debug2: accounting_storage/as_mysql: _cluster_rollup_usage: No need to roll cluster linux this month 1756684800 <= 1756684800
[2025-09-16T19:00:00.293] debug2: accounting_storage/as_mysql: as_mysql_roll_usage: Got 1 of 1 rolled up
[2025-09-16T19:00:00.293] debug2: accounting_storage/as_mysql: as_mysql_roll_usage: Everything rolled up
[2025-09-16T19:04:24.439] debug2: DBD_CLUSTER_TRES: called in CONN 8 for linux(1=2,2=2000,3=0,4=2,5=2,6=0,7=0,8=0)
[2025-09-16T19:09:24.334] debug2: DBD_CLUSTER_TRES: called in CONN 8 for linux(1=2,2=2000,3=0,4=2,5=2,6=0,7=0,8=0)
[2025-09-16T19:14:24.899] debug2: DBD_CLUSTER_TRES: called in CONN 8 for linux(1=2,2=2000,3=0,4=2,5=2,6=0,7=0,8=0)
[2025-09-16T19:19:24.714] debug2: DBD_CLUSTER_TRES: called in CONN 8 for linux(1=2,2=2000,3=0,4=2,5=2,6=0,7=0,8=0)
[2025-09-16T19:24:24.831] debug2: DBD_CLUSTER_TRES: called in CONN 8 for linux(1=2,2=2000,3=0,4=2,5=2,6=0,7=0,8=0)
[2025-09-16T19:29:24.118] debug2: DBD_CLUSTER_TRES: called in CONN 8 for linux(1=2,2=2000,3=0,4=2,5=2,6=0,7=0,8=0)
[2025-09-16T19:34:24.981] debug2: DBD_CLUSTER_TRES: called in CONN 8 for linux(1=2,2=2000,3=0,4=2,5=2,6=0,7=0,8=0)
[2025-09-16T19:39:24.794] debug2: DBD_CLUSTER_TRES: called in CONN 8 for linux(1=2,2=2000,3=0,4=2,5=2,6=0,7=0,8=0)
[2025-09-16T19:44:24.880] debug2: DBD_CLUSTER_TRES: called in CONN 8 for linux(1=2,2=2000,3=0,4=2,5=2,6=0,7=0,8=0)
[2025-09-16T19:49:24.478] debug2: DBD_CLUSTER_TRES: called in CONN 8 for linux(1=2,2=2000,3=0,4=2,5=2,6=0,7=0,8=0)
[2025-09-16T19:54:24.291] debug2: DBD_CLUSTER_TRES: called in CONN 8 for linux(1=2,2=2000,3=0,4=2,5=2,6=0,7=0,8=0)
[2025-09-16T19:54:53.879] debug2: running rollup at Tue Sep 16 20:00:00 2025
[2025-09-16T19:54:53.880] debug2: Attempting to connect to mysql:3306
[2025-09-16T19:54:53.882] debug2: accounting_storage/as_mysql: _cluster_rollup_usage: No need to roll cluster linux this hour 1758049200 <= 1758049200
[2025-09-16T19:54:53.882] debug2: accounting_storage/as_mysql: _cluster_rollup_usage: No need to roll cluster linux this day 1757980800 <= 1757980800
[2025-09-16T19:54:53.882] debug2: accounting_storage/as_mysql: _cluster_rollup_usage: No need to roll cluster linux this month 1756684800 <= 1756684800
[2025-09-16T19:54:53.883] debug2: accounting_storage/as_mysql: as_mysql_roll_usage: Got 1 of 1 rolled up
[2025-09-16T19:54:53.883] debug2: accounting_storage/as_mysql: as_mysql_roll_usage: Everything rolled up
[2025-09-16T19:59:24.605] debug2: DBD_CLUSTER_TRES: called in CONN 8 for linux(1=2,2=2000,3=0,4=2,5=2,6=0,7=0,8=0)
[2025-09-16T19:59:34.184] debug2: running rollup at Tue Sep 16 20:00:00 2025
[2025-09-16T19:59:34.184] debug2: Attempting to connect to mysql:3306
[2025-09-16T19:59:34.186] debug2: accounting_storage/as_mysql: _cluster_rollup_usage: No need to roll cluster linux this hour 1758049200 <= 1758049200
[2025-09-16T19:59:34.186] debug2: accounting_storage/as_mysql: _cluster_rollup_usage: No need to roll cluster linux this day 1757980800 <= 1757980800
[2025-09-16T19:59:34.186] debug2: accounting_storage/as_mysql: _cluster_rollup_usage: No need to roll cluster linux this month 1756684800 <= 1756684800
[2025-09-16T19:59:34.187] debug2: accounting_storage/as_mysql: as_mysql_roll_usage: Got 1 of 1 rolled up
[2025-09-16T19:59:34.187] debug2: accounting_storage/as_mysql: as_mysql_roll_usage: Everything rolled up
[2025-09-16T19:59:57.500] debug2: running rollup at Tue Sep 16 20:00:00 2025
[2025-09-16T19:59:57.500] debug2: Attempting to connect to mysql:3306
[2025-09-16T19:59:57.502] debug2: accounting_storage/as_mysql: _cluster_rollup_usage: No need to roll cluster linux this hour 1758049200 <= 1758049200
[2025-09-16T19:59:57.502] debug2: accounting_storage/as_mysql: _cluster_rollup_usage: No need to roll cluster linux this day 1757980800 <= 1757980800
[2025-09-16T19:59:57.502] debug2: accounting_storage/as_mysql: _cluster_rollup_usage: No need to roll cluster linux this month 1756684800 <= 1756684800
[2025-09-16T19:59:57.503] debug2: accounting_storage/as_mysql: as_mysql_roll_usage: Got 1 of 1 rolled up
[2025-09-16T19:59:57.503] debug2: accounting_storage/as_mysql: as_mysql_roll_usage: Everything rolled up
[2025-09-16T20:00:00.504] debug2: running rollup at Tue Sep 16 20:00:00 2025
[2025-09-16T20:00:00.505] debug2: Attempting to connect to mysql:3306
[2025-09-16T20:00:00.511] debug2: accounting_storage/as_mysql: _cluster_rollup_usage: No need to roll cluster linux this day 1757980800 <= 1757980800
[2025-09-16T20:00:00.512] debug2: accounting_storage/as_mysql: _cluster_rollup_usage: No need to roll cluster linux this month 1756684800 <= 1756684800
[2025-09-16T20:00:00.514] debug2: accounting_storage/as_mysql: as_mysql_roll_usage: Got 1 of 1 rolled up
[2025-09-16T20:00:00.514] debug2: accounting_storage/as_mysql: as_mysql_roll_usage: Everything rolled up
[2025-09-16T20:04:24.546] debug2: DBD_CLUSTER_TRES: called in CONN 8 for linux(1=2,2=2000,3=0,4=2,5=2,6=0,7=0,8=0)
[2025-09-16T20:09:24.920] debug2: DBD_CLUSTER_TRES: called in CONN 8 for linux(1=2,2=2000,3=0,4=2,5=2,6=0,7=0,8=0)
[2025-09-16T20:14:24.899] debug2: DBD_CLUSTER_TRES: called in CONN 8 for linux(1=2,2=2000,3=0,4=2,5=2,6=0,7=0,8=0)
[2025-09-16T20:19:24.990] debug2: DBD_CLUSTER_TRES: called in CONN 8 for linux(1=2,2=2000,3=0,4=2,5=2,6=0,7=0,8=0)
[2025-09-16T20:24:24.615] debug2: DBD_CLUSTER_TRES: called in CONN 8 for linux(1=2,2=2000,3=0,4=2,5=2,6=0,7=0,8=0)
[2025-09-16T20:29:24.372] debug2: DBD_CLUSTER_TRES: called in CONN 8 for linux(1=2,2=2000,3=0,4=2,5=2,6=0,7=0,8=0)
[2025-09-16T20:34:24.471] debug2: DBD_CLUSTER_TRES: called in CONN 8 for linux(1=2,2=2000,3=0,4=2,5=2,6=0,7=0,8=0)
[2025-09-16T20:39:24.190] debug2: DBD_CLUSTER_TRES: called in CONN 8 for linux(1=2,2=2000,3=0,4=2,5=2,6=0,7=0,8=0)
[2025-09-16T20:44:25.094] debug2: DBD_CLUSTER_TRES: called in CONN 8 for linux(1=2,2=2000,3=0,4=2,5=2,6=0,7=0,8=0)
[2025-09-16T20:49:25.905] debug2: DBD_CLUSTER_TRES: called in CONN 8 for linux(1=2,2=2000,3=0,4=2,5=2,6=0,7=0,8=0)
[2025-09-16T20:54:25.097] debug2: DBD_CLUSTER_TRES: called in CONN 8 for linux(1=2,2=2000,3=0,4=2,5=2,6=0,7=0,8=0)
[2025-09-16T20:54:33.982] debug2: running rollup at Tue Sep 16 21:00:00 2025
[2025-09-16T20:54:33.983] debug2: Attempting to connect to mysql:3306
[2025-09-16T20:54:33.985] debug2: accounting_storage/as_mysql: _cluster_rollup_usage: No need to roll cluster linux this hour 1758052800 <= 1758052800
[2025-09-16T20:54:33.985] debug2: accounting_storage/as_mysql: _cluster_rollup_usage: No need to roll cluster linux this day 1757980800 <= 1757980800
[2025-09-16T20:54:33.985] debug2: accounting_storage/as_mysql: _cluster_rollup_usage: No need to roll cluster linux this month 1756684800 <= 1756684800
[2025-09-16T20:54:33.985] debug2: accounting_storage/as_mysql: as_mysql_roll_usage: Got 1 of 1 rolled up
[2025-09-16T20:54:33.985] debug2: accounting_storage/as_mysql: as_mysql_roll_usage: Everything rolled up
[2025-09-16T20:59:25.393] debug2: DBD_CLUSTER_TRES: called in CONN 8 for linux(1=2,2=2000,3=0,4=2,5=2,6=0,7=0,8=0)
[2025-09-16T20:59:29.582] debug2: running rollup at Tue Sep 16 21:00:00 2025
[2025-09-16T20:59:29.583] debug2: Attempting to connect to mysql:3306
[2025-09-16T20:59:29.585] debug2: accounting_storage/as_mysql: _cluster_rollup_usage: No need to roll cluster linux this hour 1758052800 <= 1758052800
[2025-09-16T20:59:29.585] debug2: accounting_storage/as_mysql: _cluster_rollup_usage: No need to roll cluster linux this day 1757980800 <= 1757980800
[2025-09-16T20:59:29.585] debug2: accounting_storage/as_mysql: _cluster_rollup_usage: No need to roll cluster linux this month 1756684800 <= 1756684800
[2025-09-16T20:59:29.585] debug2: accounting_storage/as_mysql: as_mysql_roll_usage: Got 1 of 1 rolled up
[2025-09-16T20:59:29.585] debug2: accounting_storage/as_mysql: as_mysql_roll_usage: Everything rolled up
[2025-09-16T20:59:59.248] debug2: running rollup at Tue Sep 16 21:00:00 2025
[2025-09-16T20:59:59.248] debug2: Attempting to connect to mysql:3306
[2025-09-16T20:59:59.250] debug2: accounting_storage/as_mysql: _cluster_rollup_usage: No need to roll cluster linux this hour 1758052800 <= 1758052800
[2025-09-16T20:59:59.250] debug2: accounting_storage/as_mysql: _cluster_rollup_usage: No need to roll cluster linux this day 1757980800 <= 1757980800
[2025-09-16T20:59:59.250] debug2: accounting_storage/as_mysql: _cluster_rollup_usage: No need to roll cluster linux this month 1756684800 <= 1756684800
[2025-09-16T20:59:59.251] debug2: accounting_storage/as_mysql: as_mysql_roll_usage: Got 1 of 1 rolled up
[2025-09-16T20:59:59.251] debug2: accounting_storage/as_mysql: as_mysql_roll_usage: Everything rolled up
[2025-09-16T21:00:00.252] debug2: running rollup at Tue Sep 16 21:00:00 2025
[2025-09-16T21:00:00.252] debug2: Attempting to connect to mysql:3306
[2025-09-16T21:00:00.258] debug2: accounting_storage/as_mysql: _cluster_rollup_usage: No need to roll cluster linux this day 1757980800 <= 1757980800
[2025-09-16T21:00:00.258] debug2: accounting_storage/as_mysql: _cluster_rollup_usage: No need to roll cluster linux this month 1756684800 <= 1756684800
[2025-09-16T21:00:00.261] debug2: accounting_storage/as_mysql: as_mysql_roll_usage: Got 1 of 1 rolled up
[2025-09-16T21:00:00.261] debug2: accounting_storage/as_mysql: as_mysql_roll_usage: Everything rolled up
[2025-09-16T21:04:25.464] debug2: DBD_CLUSTER_TRES: called in CONN 8 for linux(1=2,2=2000,3=0,4=2,5=2,6=0,7=0,8=0)
[2025-09-16T21:09:25.451] debug2: DBD_CLUSTER_TRES: called in CONN 8 for linux(1=2,2=2000,3=0,4=2,5=2,6=0,7=0,8=0)
[2025-09-16T21:14:25.482] debug2: DBD_CLUSTER_TRES: called in CONN 8 for linux(1=2,2=2000,3=0,4=2,5=2,6=0,7=0,8=0)
[2025-09-16T21:19:25.733] debug2: DBD_CLUSTER_TRES: called in CONN 8 for linux(1=2,2=2000,3=0,4=2,5=2,6=0,7=0,8=0)
[2025-09-16T21:24:25.352] debug2: DBD_CLUSTER_TRES: called in CONN 8 for linux(1=2,2=2000,3=0,4=2,5=2,6=0,7=0,8=0)
[2025-09-16T21:29:25.972] debug2: DBD_CLUSTER_TRES: called in CONN 8 for linux(1=2,2=2000,3=0,4=2,5=2,6=0,7=0,8=0)
[2025-09-16T21:34:25.724] debug2: DBD_CLUSTER_TRES: called in CONN 8 for linux(1=2,2=2000,3=0,4=2,5=2,6=0,7=0,8=0)
[2025-09-16T21:39:25.175] debug2: DBD_CLUSTER_TRES: called in CONN 8 for linux(1=2,2=2000,3=0,4=2,5=2,6=0,7=0,8=0)
[2025-09-16T21:44:25.131] debug2: DBD_CLUSTER_TRES: called in CONN 8 for linux(1=2,2=2000,3=0,4=2,5=2,6=0,7=0,8=0)
[2025-09-16T21:49:25.399] debug2: DBD_CLUSTER_TRES: called in CONN 8 for linux(1=2,2=2000,3=0,4=2,5=2,6=0,7=0,8=0)
[2025-09-16T21:54:25.222] debug2: DBD_CLUSTER_TRES: called in CONN 8 for linux(1=2,2=2000,3=0,4=2,5=2,6=0,7=0,8=0)
[2025-09-16T21:54:32.819] debug2: running rollup at Tue Sep 16 22:00:00 2025
[2025-09-16T21:54:32.819] debug2: Attempting to connect to mysql:3306
[2025-09-16T21:54:32.822] debug2: accounting_storage/as_mysql: _cluster_rollup_usage: No need to roll cluster linux this hour 1758056400 <= 1758056400
[2025-09-16T21:54:32.822] debug2: accounting_storage/as_mysql: _cluster_rollup_usage: No need to roll cluster linux this day 1757980800 <= 1757980800
[2025-09-16T21:54:32.822] debug2: accounting_storage/as_mysql: _cluster_rollup_usage: No need to roll cluster linux this month 1756684800 <= 1756684800
[2025-09-16T21:54:32.822] debug2: accounting_storage/as_mysql: as_mysql_roll_usage: Got 1 of 1 rolled up
[2025-09-16T21:54:32.822] debug2: accounting_storage/as_mysql: as_mysql_roll_usage: Everything rolled up
[2025-09-16T21:59:25.279] debug2: DBD_CLUSTER_TRES: called in CONN 8 for linux(1=2,2=2000,3=0,4=2,5=2,6=0,7=0,8=0)
[2025-09-16T21:59:30.823] debug2: running rollup at Tue Sep 16 22:00:00 2025
[2025-09-16T21:59:30.824] debug2: Attempting to connect to mysql:3306
[2025-09-16T21:59:30.826] debug2: accounting_storage/as_mysql: _cluster_rollup_usage: No need to roll cluster linux this hour 1758056400 <= 1758056400
[2025-09-16T21:59:30.826] debug2: accounting_storage/as_mysql: _cluster_rollup_usage: No need to roll cluster linux this day 1757980800 <= 1757980800
[2025-09-16T21:59:30.826] debug2: accounting_storage/as_mysql: _cluster_rollup_usage: No need to roll cluster linux this month 1756684800 <= 1756684800
[2025-09-16T21:59:30.826] debug2: accounting_storage/as_mysql: as_mysql_roll_usage: Got 1 of 1 rolled up
[2025-09-16T21:59:30.827] debug2: accounting_storage/as_mysql: as_mysql_roll_usage: Everything rolled up
[2025-09-16T21:59:58.092] debug2: running rollup at Tue Sep 16 22:00:00 2025
[2025-09-16T21:59:58.093] debug2: Attempting to connect to mysql:3306
[2025-09-16T21:59:58.095] debug2: accounting_storage/as_mysql: _cluster_rollup_usage: No need to roll cluster linux this hour 1758056400 <= 1758056400
[2025-09-16T21:59:58.095] debug2: accounting_storage/as_mysql: _cluster_rollup_usage: No need to roll cluster linux this day 1757980800 <= 1757980800
[2025-09-16T21:59:58.095] debug2: accounting_storage/as_mysql: _cluster_rollup_usage: No need to roll cluster linux this month 1756684800 <= 1756684800
[2025-09-16T21:59:58.095] debug2: accounting_storage/as_mysql: as_mysql_roll_usage: Got 1 of 1 rolled up
[2025-09-16T21:59:58.095] debug2: accounting_storage/as_mysql: as_mysql_roll_usage: Everything rolled up
[2025-09-16T22:00:00.096] debug2: running rollup at Tue Sep 16 22:00:00 2025
[2025-09-16T22:00:00.097] debug2: Attempting to connect to mysql:3306
[2025-09-16T22:00:00.318] debug2: accounting_storage/as_mysql: _cluster_rollup_usage: No need to roll cluster linux this day 1757980800 <= 1757980800
[2025-09-16T22:00:00.318] debug2: accounting_storage/as_mysql: _cluster_rollup_usage: No need to roll cluster linux this month 1756684800 <= 1756684800
[2025-09-16T22:00:00.322] debug2: accounting_storage/as_mysql: as_mysql_roll_usage: Got 1 of 1 rolled up
[2025-09-16T22:00:00.322] debug2: accounting_storage/as_mysql: as_mysql_roll_usage: Everything rolled up
[2025-09-16T22:04:25.533] debug2: DBD_CLUSTER_TRES: called in CONN 8 for linux(1=2,2=2000,3=0,4=2,5=2,6=0,7=0,8=0)
[2025-09-16T22:09:25.967] debug2: DBD_CLUSTER_TRES: called in CONN 8 for linux(1=2,2=2000,3=0,4=2,5=2,6=0,7=0,8=0)
[2025-09-16T22:14:25.451] debug2: DBD_CLUSTER_TRES: called in CONN 8 for linux(1=2,2=2000,3=0,4=2,5=2,6=0,7=0,8=0)
[2025-09-16T22:19:25.456] debug2: DBD_CLUSTER_TRES: called in CONN 8 for linux(1=2,2=2000,3=0,4=2,5=2,6=0,7=0,8=0)
[2025-09-16T22:24:25.858] debug2: DBD_CLUSTER_TRES: called in CONN 8 for linux(1=2,2=2000,3=0,4=2,5=2,6=0,7=0,8=0)
[2025-09-16T22:29:25.225] debug2: DBD_CLUSTER_TRES: called in CONN 8 for linux(1=2,2=2000,3=0,4=2,5=2,6=0,7=0,8=0)
[2025-09-16T22:34:25.696] debug2: DBD_CLUSTER_TRES: called in CONN 8 for linux(1=2,2=2000,3=0,4=2,5=2,6=0,7=0,8=0)
[2025-09-16T22:39:25.880] debug2: DBD_CLUSTER_TRES: called in CONN 8 for linux(1=2,2=2000,3=0,4=2,5=2,6=0,7=0,8=0)
[2025-09-16T22:44:25.736] debug2: DBD_CLUSTER_TRES: called in CONN 8 for linux(1=2,2=2000,3=0,4=2,5=2,6=0,7=0,8=0)
[2025-09-16T22:49:25.634] debug2: DBD_CLUSTER_TRES: called in CONN 8 for linux(1=2,2=2000,3=0,4=2,5=2,6=0,7=0,8=0)
[2025-09-16T22:54:25.858] debug2: DBD_CLUSTER_TRES: called in CONN 8 for linux(1=2,2=2000,3=0,4=2,5=2,6=0,7=0,8=0)
[2025-09-16T22:54:32.933] debug2: running rollup at Tue Sep 16 23:00:00 2025
[2025-09-16T22:54:32.934] debug2: Attempting to connect to mysql:3306
[2025-09-16T22:54:32.939] debug2: accounting_storage/as_mysql: _cluster_rollup_usage: No need to roll cluster linux this hour 1758060000 <= 1758060000
[2025-09-16T22:54:32.939] debug2: accounting_storage/as_mysql: _cluster_rollup_usage: No need to roll cluster linux this day 1757980800 <= 1757980800
[2025-09-16T22:54:32.939] debug2: accounting_storage/as_mysql: _cluster_rollup_usage: No need to roll cluster linux this month 1756684800 <= 1756684800
[2025-09-16T22:54:32.939] debug2: accounting_storage/as_mysql: as_mysql_roll_usage: Got 1 of 1 rolled up
[2025-09-16T22:54:32.939] debug2: accounting_storage/as_mysql: as_mysql_roll_usage: Everything rolled up
[2025-09-16T22:59:25.477] debug2: DBD_CLUSTER_TRES: called in CONN 8 for linux(1=2,2=2000,3=0,4=2,5=2,6=0,7=0,8=0)
[2025-09-16T22:59:30.927] debug2: running rollup at Tue Sep 16 23:00:00 2025
[2025-09-16T22:59:30.927] debug2: Attempting to connect to mysql:3306
[2025-09-16T22:59:30.930] debug2: accounting_storage/as_mysql: _cluster_rollup_usage: No need to roll cluster linux this hour 1758060000 <= 1758060000
[2025-09-16T22:59:30.930] debug2: accounting_storage/as_mysql: _cluster_rollup_usage: No need to roll cluster linux this day 1757980800 <= 1757980800
[2025-09-16T22:59:30.930] debug2: accounting_storage/as_mysql: _cluster_rollup_usage: No need to roll cluster linux this month 1756684800 <= 1756684800
[2025-09-16T22:59:30.930] debug2: accounting_storage/as_mysql: as_mysql_roll_usage: Got 1 of 1 rolled up
[2025-09-16T22:59:30.930] debug2: accounting_storage/as_mysql: as_mysql_roll_usage: Everything rolled up
[2025-09-16T22:59:58.218] debug2: running rollup at Tue Sep 16 23:00:00 2025
[2025-09-16T22:59:58.218] debug2: Attempting to connect to mysql:3306
[2025-09-16T22:59:58.220] debug2: accounting_storage/as_mysql: _cluster_rollup_usage: No need to roll cluster linux this hour 1758060000 <= 1758060000
[2025-09-16T22:59:58.221] debug2: accounting_storage/as_mysql: _cluster_rollup_usage: No need to roll cluster linux this day 1757980800 <= 1757980800
[2025-09-16T22:59:58.221] debug2: accounting_storage/as_mysql: _cluster_rollup_usage: No need to roll cluster linux this month 1756684800 <= 1756684800
[2025-09-16T22:59:58.221] debug2: accounting_storage/as_mysql: as_mysql_roll_usage: Got 1 of 1 rolled up
[2025-09-16T22:59:58.221] debug2: accounting_storage/as_mysql: as_mysql_roll_usage: Everything rolled up
[2025-09-16T23:00:00.239] debug2: running rollup at Tue Sep 16 23:00:00 2025
[2025-09-16T23:00:00.240] debug2: Attempting to connect to mysql:3306
[2025-09-16T23:00:00.248] debug2: accounting_storage/as_mysql: _cluster_rollup_usage: No need to roll cluster linux this day 1757980800 <= 1757980800
[2025-09-16T23:00:00.248] debug2: accounting_storage/as_mysql: _cluster_rollup_usage: No need to roll cluster linux this month 1756684800 <= 1756684800
[2025-09-16T23:00:00.251] debug2: accounting_storage/as_mysql: as_mysql_roll_usage: Got 1 of 1 rolled up
[2025-09-16T23:00:00.251] debug2: accounting_storage/as_mysql: as_mysql_roll_usage: Everything rolled up
[2025-09-16T23:04:25.473] debug2: DBD_CLUSTER_TRES: called in CONN 8 for linux(1=2,2=2000,3=0,4=2,5=2,6=0,7=0,8=0)
[2025-09-16T23:09:25.509] debug2: DBD_CLUSTER_TRES: called in CONN 8 for linux(1=2,2=2000,3=0,4=2,5=2,6=0,7=0,8=0)
[2025-09-16T23:14:26.012] debug2: DBD_CLUSTER_TRES: called in CONN 8 for linux(1=2,2=2000,3=0,4=2,5=2,6=0,7=0,8=0)
[2025-09-16T23:19:25.109] debug2: DBD_CLUSTER_TRES: called in CONN 8 for linux(1=2,2=2000,3=0,4=2,5=2,6=0,7=0,8=0)
[2025-09-16T23:24:25.716] debug2: DBD_CLUSTER_TRES: called in CONN 8 for linux(1=2,2=2000,3=0,4=2,5=2,6=0,7=0,8=0)
[2025-09-16T23:29:25.258] debug2: DBD_CLUSTER_TRES: called in CONN 8 for linux(1=2,2=2000,3=0,4=2,5=2,6=0,7=0,8=0)
[2025-09-16T23:34:25.382] debug2: DBD_CLUSTER_TRES: called in CONN 8 for linux(1=2,2=2000,3=0,4=2,5=2,6=0,7=0,8=0)
[2025-09-16T23:39:25.199] debug2: DBD_CLUSTER_TRES: called in CONN 8 for linux(1=2,2=2000,3=0,4=2,5=2,6=0,7=0,8=0)
[2025-09-16T23:44:25.171] debug2: DBD_CLUSTER_TRES: called in CONN 8 for linux(1=2,2=2000,3=0,4=2,5=2,6=0,7=0,8=0)
[2025-09-16T23:49:26.013] debug2: DBD_CLUSTER_TRES: called in CONN 8 for linux(1=2,2=2000,3=0,4=2,5=2,6=0,7=0,8=0)
[2025-09-16T23:54:25.107] debug2: DBD_CLUSTER_TRES: called in CONN 8 for linux(1=2,2=2000,3=0,4=2,5=2,6=0,7=0,8=0)
[2025-09-16T23:54:37.591] debug2: running rollup at Wed Sep 17 00:00:00 2025
[2025-09-16T23:54:37.591] debug2: Attempting to connect to mysql:3306
[2025-09-16T23:54:37.593] debug2: accounting_storage/as_mysql: _cluster_rollup_usage: No need to roll cluster linux this hour 1758063600 <= 1758063600
[2025-09-16T23:54:37.593] debug2: accounting_storage/as_mysql: _cluster_rollup_usage: No need to roll cluster linux this day 1757980800 <= 1757980800
[2025-09-16T23:54:37.593] debug2: accounting_storage/as_mysql: _cluster_rollup_usage: No need to roll cluster linux this month 1756684800 <= 1756684800
[2025-09-16T23:54:37.594] debug2: accounting_storage/as_mysql: as_mysql_roll_usage: Got 1 of 1 rolled up
[2025-09-16T23:54:37.594] debug2: accounting_storage/as_mysql: as_mysql_roll_usage: Everything rolled up
[2025-09-16T23:59:25.219] debug2: DBD_CLUSTER_TRES: called in CONN 8 for linux(1=2,2=2000,3=0,4=2,5=2,6=0,7=0,8=0)
[2025-09-16T23:59:30.571] debug2: running rollup at Wed Sep 17 00:00:00 2025
[2025-09-16T23:59:30.571] debug2: Attempting to connect to mysql:3306
[2025-09-16T23:59:30.574] debug2: accounting_storage/as_mysql: _cluster_rollup_usage: No need to roll cluster linux this hour 1758063600 <= 1758063600
[2025-09-16T23:59:30.574] debug2: accounting_storage/as_mysql: _cluster_rollup_usage: No need to roll cluster linux this day 1757980800 <= 1757980800
[2025-09-16T23:59:30.574] debug2: accounting_storage/as_mysql: _cluster_rollup_usage: No need to roll cluster linux this month 1756684800 <= 1756684800
[2025-09-16T23:59:30.574] debug2: accounting_storage/as_mysql: as_mysql_roll_usage: Got 1 of 1 rolled up
[2025-09-16T23:59:30.574] debug2: accounting_storage/as_mysql: as_mysql_roll_usage: Everything rolled up
[2025-09-16T23:59:57.854] debug2: running rollup at Wed Sep 17 00:00:00 2025
[2025-09-16T23:59:57.855] debug2: Attempting to connect to mysql:3306
[2025-09-16T23:59:57.857] debug2: accounting_storage/as_mysql: _cluster_rollup_usage: No need to roll cluster linux this hour 1758063600 <= 1758063600
[2025-09-16T23:59:57.857] debug2: accounting_storage/as_mysql: _cluster_rollup_usage: No need to roll cluster linux this day 1757980800 <= 1757980800
[2025-09-16T23:59:57.857] debug2: accounting_storage/as_mysql: _cluster_rollup_usage: No need to roll cluster linux this month 1756684800 <= 1756684800
[2025-09-16T23:59:57.857] debug2: accounting_storage/as_mysql: as_mysql_roll_usage: Got 1 of 1 rolled up
[2025-09-16T23:59:57.857] debug2: accounting_storage/as_mysql: as_mysql_roll_usage: Everything rolled up
[2025-09-17T00:00:00.862] debug2: running rollup at Wed Sep 17 00:00:00 2025
[2025-09-17T00:00:00.862] debug2: Attempting to connect to mysql:3306
[2025-09-17T00:00:00.872] debug2: accounting_storage/as_mysql: _cluster_rollup_usage: No need to roll cluster linux this month 1756684800 <= 1756684800
[2025-09-17T00:00:00.881] debug2: accounting_storage/as_mysql: as_mysql_roll_usage: Got 1 of 1 rolled up
[2025-09-17T00:00:00.881] debug2: accounting_storage/as_mysql: as_mysql_roll_usage: Everything rolled up
[2025-09-17T00:04:23.177] debug2: DBD_CLUSTER_TRES: called in CONN 8 for linux(1=2,2=2000,3=0,4=2,5=2,6=0,7=0,8=0)
[2025-09-17T00:09:23.367] debug2: DBD_CLUSTER_TRES: called in CONN 8 for linux(1=2,2=2000,3=0,4=2,5=2,6=0,7=0,8=0)
[2025-09-17T00:14:23.759] debug2: DBD_CLUSTER_TRES: called in CONN 8 for linux(1=2,2=2000,3=0,4=2,5=2,6=0,7=0,8=0)
[2025-09-17T00:19:23.071] debug2: DBD_CLUSTER_TRES: called in CONN 8 for linux(1=2,2=2000,3=0,4=2,5=2,6=0,7=0,8=0)
[2025-09-17T00:24:23.254] debug2: DBD_CLUSTER_TRES: called in CONN 8 for linux(1=2,2=2000,3=0,4=2,5=2,6=0,7=0,8=0)
[2025-09-17T00:29:23.108] debug2: DBD_CLUSTER_TRES: called in CONN 8 for linux(1=2,2=2000,3=0,4=2,5=2,6=0,7=0,8=0)
[2025-09-17T00:34:23.798] debug2: DBD_CLUSTER_TRES: called in CONN 8 for linux(1=2,2=2000,3=0,4=2,5=2,6=0,7=0,8=0)
[2025-09-17T00:39:23.952] debug2: DBD_CLUSTER_TRES: called in CONN 8 for linux(1=2,2=2000,3=0,4=2,5=2,6=0,7=0,8=0)
[2025-09-17T00:44:23.619] debug2: DBD_CLUSTER_TRES: called in CONN 8 for linux(1=2,2=2000,3=0,4=2,5=2,6=0,7=0,8=0)
[2025-09-17T00:49:23.790] debug2: DBD_CLUSTER_TRES: called in CONN 8 for linux(1=2,2=2000,3=0,4=2,5=2,6=0,7=0,8=0)
[2025-09-17T00:54:23.749] debug2: DBD_CLUSTER_TRES: called in CONN 8 for linux(1=2,2=2000,3=0,4=2,5=2,6=0,7=0,8=0)
[2025-09-17T00:54:33.417] debug2: running rollup at Wed Sep 17 01:00:00 2025
[2025-09-17T00:54:33.417] debug2: Attempting to connect to mysql:3306
[2025-09-17T00:54:33.420] debug2: accounting_storage/as_mysql: _cluster_rollup_usage: No need to roll cluster linux this hour 1758067200 <= 1758067200
[2025-09-17T00:54:33.420] debug2: accounting_storage/as_mysql: _cluster_rollup_usage: No need to roll cluster linux this day 1758067200 <= 1758067200
[2025-09-17T00:54:33.420] debug2: accounting_storage/as_mysql: _cluster_rollup_usage: No need to roll cluster linux this month 1756684800 <= 1756684800
[2025-09-17T00:54:33.420] debug2: accounting_storage/as_mysql: as_mysql_roll_usage: Got 1 of 1 rolled up
[2025-09-17T00:54:33.420] debug2: accounting_storage/as_mysql: as_mysql_roll_usage: Everything rolled up
[2025-09-17T00:59:23.716] debug2: DBD_CLUSTER_TRES: called in CONN 8 for linux(1=2,2=2000,3=0,4=2,5=2,6=0,7=0,8=0)
[2025-09-17T00:59:30.405] debug2: running rollup at Wed Sep 17 01:00:00 2025
[2025-09-17T00:59:30.405] debug2: Attempting to connect to mysql:3306
[2025-09-17T00:59:30.408] debug2: accounting_storage/as_mysql: _cluster_rollup_usage: No need to roll cluster linux this hour 1758067200 <= 1758067200
[2025-09-17T00:59:30.408] debug2: accounting_storage/as_mysql: _cluster_rollup_usage: No need to roll cluster linux this day 1758067200 <= 1758067200
[2025-09-17T00:59:30.408] debug2: accounting_storage/as_mysql: _cluster_rollup_usage: No need to roll cluster linux this month 1756684800 <= 1756684800
[2025-09-17T00:59:30.408] debug2: accounting_storage/as_mysql: as_mysql_roll_usage: Got 1 of 1 rolled up
[2025-09-17T00:59:30.408] debug2: accounting_storage/as_mysql: as_mysql_roll_usage: Everything rolled up
[2025-09-17T00:59:57.678] debug2: running rollup at Wed Sep 17 01:00:00 2025
[2025-09-17T00:59:57.678] debug2: Attempting to connect to mysql:3306
[2025-09-17T00:59:57.680] debug2: accounting_storage/as_mysql: _cluster_rollup_usage: No need to roll cluster linux this hour 1758067200 <= 1758067200
[2025-09-17T00:59:57.680] debug2: accounting_storage/as_mysql: _cluster_rollup_usage: No need to roll cluster linux this day 1758067200 <= 1758067200
[2025-09-17T00:59:57.680] debug2: accounting_storage/as_mysql: _cluster_rollup_usage: No need to roll cluster linux this month 1756684800 <= 1756684800
[2025-09-17T00:59:57.681] debug2: accounting_storage/as_mysql: as_mysql_roll_usage: Got 1 of 1 rolled up
[2025-09-17T00:59:57.681] debug2: accounting_storage/as_mysql: as_mysql_roll_usage: Everything rolled up
[2025-09-17T01:00:00.705] debug2: running rollup at Wed Sep 17 01:00:00 2025
[2025-09-17T01:00:00.706] debug2: Attempting to connect to mysql:3306
[2025-09-17T01:00:00.712] debug2: accounting_storage/as_mysql: _cluster_rollup_usage: No need to roll cluster linux this day 1758067200 <= 1758067200
[2025-09-17T01:00:00.712] debug2: accounting_storage/as_mysql: _cluster_rollup_usage: No need to roll cluster linux this month 1756684800 <= 1756684800
[2025-09-17T01:00:00.715] debug2: accounting_storage/as_mysql: as_mysql_roll_usage: Got 1 of 1 rolled up
[2025-09-17T01:00:00.715] debug2: accounting_storage/as_mysql: as_mysql_roll_usage: Everything rolled up
[2025-09-17T01:04:23.310] debug2: DBD_CLUSTER_TRES: called in CONN 8 for linux(1=2,2=2000,3=0,4=2,5=2,6=0,7=0,8=0)
[2025-09-17T01:09:23.496] debug2: DBD_CLUSTER_TRES: called in CONN 8 for linux(1=2,2=2000,3=0,4=2,5=2,6=0,7=0,8=0)
[2025-09-17T01:14:23.650] debug2: DBD_CLUSTER_TRES: called in CONN 8 for linux(1=2,2=2000,3=0,4=2,5=2,6=0,7=0,8=0)
[2025-09-17T01:19:23.283] debug2: DBD_CLUSTER_TRES: called in CONN 8 for linux(1=2,2=2000,3=0,4=2,5=2,6=0,7=0,8=0)
[2025-09-17T01:24:23.642] debug2: DBD_CLUSTER_TRES: called in CONN 8 for linux(1=2,2=2000,3=0,4=2,5=2,6=0,7=0,8=0)
[2025-09-17T01:29:23.768] debug2: DBD_CLUSTER_TRES: called in CONN 8 for linux(1=2,2=2000,3=0,4=2,5=2,6=0,7=0,8=0)
[2025-09-17T01:34:23.822] debug2: DBD_CLUSTER_TRES: called in CONN 8 for linux(1=2,2=2000,3=0,4=2,5=2,6=0,7=0,8=0)
[2025-09-17T01:39:23.050] debug2: DBD_CLUSTER_TRES: called in CONN 8 for linux(1=2,2=2000,3=0,4=2,5=2,6=0,7=0,8=0)
[2025-09-17T01:44:23.965] debug2: DBD_CLUSTER_TRES: called in CONN 8 for linux(1=2,2=2000,3=0,4=2,5=2,6=0,7=0,8=0)
[2025-09-17T01:49:23.836] debug2: DBD_CLUSTER_TRES: called in CONN 8 for linux(1=2,2=2000,3=0,4=2,5=2,6=0,7=0,8=0)
[2025-09-17T01:54:23.647] debug2: DBD_CLUSTER_TRES: called in CONN 8 for linux(1=2,2=2000,3=0,4=2,5=2,6=0,7=0,8=0)
[2025-09-17T01:54:33.252] debug2: running rollup at Wed Sep 17 02:00:00 2025
[2025-09-17T01:54:33.252] debug2: Attempting to connect to mysql:3306
[2025-09-17T01:54:33.254] debug2: accounting_storage/as_mysql: _cluster_rollup_usage: No need to roll cluster linux this hour 1758070800 <= 1758070800
[2025-09-17T01:54:33.254] debug2: accounting_storage/as_mysql: _cluster_rollup_usage: No need to roll cluster linux this day 1758067200 <= 1758067200
[2025-09-17T01:54:33.254] debug2: accounting_storage/as_mysql: _cluster_rollup_usage: No need to roll cluster linux this month 1756684800 <= 1756684800
[2025-09-17T01:54:33.254] debug2: accounting_storage/as_mysql: as_mysql_roll_usage: Got 1 of 1 rolled up
[2025-09-17T01:54:33.254] debug2: accounting_storage/as_mysql: as_mysql_roll_usage: Everything rolled up
[2025-09-17T01:59:23.227] debug2: DBD_CLUSTER_TRES: called in CONN 8 for linux(1=2,2=2000,3=0,4=2,5=2,6=0,7=0,8=0)
[2025-09-17T01:59:30.234] debug2: running rollup at Wed Sep 17 02:00:00 2025
[2025-09-17T01:59:30.235] debug2: Attempting to connect to mysql:3306
[2025-09-17T01:59:30.237] debug2: accounting_storage/as_mysql: _cluster_rollup_usage: No need to roll cluster linux this hour 1758070800 <= 1758070800
[2025-09-17T01:59:30.237] debug2: accounting_storage/as_mysql: _cluster_rollup_usage: No need to roll cluster linux this day 1758067200 <= 1758067200
[2025-09-17T01:59:30.237] debug2: accounting_storage/as_mysql: _cluster_rollup_usage: No need to roll cluster linux this month 1756684800 <= 1756684800
[2025-09-17T01:59:30.238] debug2: accounting_storage/as_mysql: as_mysql_roll_usage: Got 1 of 1 rolled up
[2025-09-17T01:59:30.238] debug2: accounting_storage/as_mysql: as_mysql_roll_usage: Everything rolled up
[2025-09-17T01:59:57.501] debug2: running rollup at Wed Sep 17 02:00:00 2025
[2025-09-17T01:59:57.502] debug2: Attempting to connect to mysql:3306
[2025-09-17T01:59:57.504] debug2: accounting_storage/as_mysql: _cluster_rollup_usage: No need to roll cluster linux this hour 1758070800 <= 1758070800
[2025-09-17T01:59:57.504] debug2: accounting_storage/as_mysql: _cluster_rollup_usage: No need to roll cluster linux this day 1758067200 <= 1758067200
[2025-09-17T01:59:57.504] debug2: accounting_storage/as_mysql: _cluster_rollup_usage: No need to roll cluster linux this month 1756684800 <= 1756684800
[2025-09-17T01:59:57.505] debug2: accounting_storage/as_mysql: as_mysql_roll_usage: Got 1 of 1 rolled up
[2025-09-17T01:59:57.505] debug2: accounting_storage/as_mysql: as_mysql_roll_usage: Everything rolled up
[2025-09-17T02:00:00.507] debug2: running rollup at Wed Sep 17 02:00:00 2025
[2025-09-17T02:00:00.507] debug2: Attempting to connect to mysql:3306
[2025-09-17T02:00:00.513] debug2: accounting_storage/as_mysql: _cluster_rollup_usage: No need to roll cluster linux this day 1758067200 <= 1758067200
[2025-09-17T02:00:00.513] debug2: accounting_storage/as_mysql: _cluster_rollup_usage: No need to roll cluster linux this month 1756684800 <= 1756684800
[2025-09-17T02:00:00.517] debug2: accounting_storage/as_mysql: as_mysql_roll_usage: Got 1 of 1 rolled up
[2025-09-17T02:00:00.517] debug2: accounting_storage/as_mysql: as_mysql_roll_usage: Everything rolled up
[2025-09-17T02:04:23.791] debug2: DBD_CLUSTER_TRES: called in CONN 8 for linux(1=2,2=2000,3=0,4=2,5=2,6=0,7=0,8=0)
[2025-09-17T02:09:23.247] debug2: DBD_CLUSTER_TRES: called in CONN 8 for linux(1=2,2=2000,3=0,4=2,5=2,6=0,7=0,8=0)
[2025-09-17T02:14:23.990] debug2: DBD_CLUSTER_TRES: called in CONN 8 for linux(1=2,2=2000,3=0,4=2,5=2,6=0,7=0,8=0)
[2025-09-17T02:19:23.785] debug2: DBD_CLUSTER_TRES: called in CONN 8 for linux(1=2,2=2000,3=0,4=2,5=2,6=0,7=0,8=0)
[2025-09-17T02:24:23.436] debug2: DBD_CLUSTER_TRES: called in CONN 8 for linux(1=2,2=2000,3=0,4=2,5=2,6=0,7=0,8=0)
[2025-09-17T02:29:23.773] debug2: DBD_CLUSTER_TRES: called in CONN 8 for linux(1=2,2=2000,3=0,4=2,5=2,6=0,7=0,8=0)
[2025-09-17T02:34:23.119] debug2: DBD_CLUSTER_TRES: called in CONN 8 for linux(1=2,2=2000,3=0,4=2,5=2,6=0,7=0,8=0)
[2025-09-17T02:39:23.465] debug2: DBD_CLUSTER_TRES: called in CONN 8 for linux(1=2,2=2000,3=0,4=2,5=2,6=0,7=0,8=0)
[2025-09-17T02:44:23.807] debug2: DBD_CLUSTER_TRES: called in CONN 8 for linux(1=2,2=2000,3=0,4=2,5=2,6=0,7=0,8=0)
[2025-09-17T02:49:23.149] debug2: DBD_CLUSTER_TRES: called in CONN 8 for linux(1=2,2=2000,3=0,4=2,5=2,6=0,7=0,8=0)
[2025-09-17T02:54:23.492] debug2: DBD_CLUSTER_TRES: called in CONN 8 for linux(1=2,2=2000,3=0,4=2,5=2,6=0,7=0,8=0)
[2025-09-17T02:59:04.225] debug2: running rollup at Wed Sep 17 03:00:00 2025
[2025-09-17T02:59:04.226] debug2: Attempting to connect to mysql:3306
[2025-09-17T02:59:04.228] debug2: accounting_storage/as_mysql: _cluster_rollup_usage: No need to roll cluster linux this hour 1758074400 <= 1758074400
[2025-09-17T02:59:04.228] debug2: accounting_storage/as_mysql: _cluster_rollup_usage: No need to roll cluster linux this day 1758067200 <= 1758067200
[2025-09-17T02:59:04.228] debug2: accounting_storage/as_mysql: _cluster_rollup_usage: No need to roll cluster linux this month 1756684800 <= 1756684800
[2025-09-17T02:59:04.228] debug2: accounting_storage/as_mysql: as_mysql_roll_usage: Got 1 of 1 rolled up
[2025-09-17T02:59:04.228] debug2: accounting_storage/as_mysql: as_mysql_roll_usage: Everything rolled up
[2025-09-17T02:59:23.835] debug2: DBD_CLUSTER_TRES: called in CONN 8 for linux(1=2,2=2000,3=0,4=2,5=2,6=0,7=0,8=0)
[2025-09-17T03:00:00.226] debug2: running rollup at Wed Sep 17 03:00:00 2025
[2025-09-17T03:00:00.226] debug2: Attempting to connect to mysql:3306
[2025-09-17T03:00:00.232] debug2: accounting_storage/as_mysql: _cluster_rollup_usage: No need to roll cluster linux this day 1758067200 <= 1758067200
[2025-09-17T03:00:00.232] debug2: accounting_storage/as_mysql: _cluster_rollup_usage: No need to roll cluster linux this month 1756684800 <= 1756684800
[2025-09-17T03:00:00.236] debug2: accounting_storage/as_mysql: as_mysql_roll_usage: Got 1 of 1 rolled up
[2025-09-17T03:00:00.236] debug2: accounting_storage/as_mysql: as_mysql_roll_usage: Everything rolled up
[2025-09-17T03:04:23.180] debug2: DBD_CLUSTER_TRES: called in CONN 8 for linux(1=2,2=2000,3=0,4=2,5=2,6=0,7=0,8=0)
[2025-09-17T03:09:23.518] debug2: DBD_CLUSTER_TRES: called in CONN 8 for linux(1=2,2=2000,3=0,4=2,5=2,6=0,7=0,8=0)
[2025-09-17T03:14:23.860] debug2: DBD_CLUSTER_TRES: called in CONN 8 for linux(1=2,2=2000,3=0,4=2,5=2,6=0,7=0,8=0)
[2025-09-17T03:19:23.199] debug2: DBD_CLUSTER_TRES: called in CONN 8 for linux(1=2,2=2000,3=0,4=2,5=2,6=0,7=0,8=0)
[2025-09-17T03:24:23.538] debug2: DBD_CLUSTER_TRES: called in CONN 8 for linux(1=2,2=2000,3=0,4=2,5=2,6=0,7=0,8=0)
[2025-09-17T03:29:23.883] debug2: DBD_CLUSTER_TRES: called in CONN 8 for linux(1=2,2=2000,3=0,4=2,5=2,6=0,7=0,8=0)
[2025-09-17T03:34:23.223] debug2: DBD_CLUSTER_TRES: called in CONN 8 for linux(1=2,2=2000,3=0,4=2,5=2,6=0,7=0,8=0)
[2025-09-17T03:39:23.563] debug2: DBD_CLUSTER_TRES: called in CONN 8 for linux(1=2,2=2000,3=0,4=2,5=2,6=0,7=0,8=0)
[2025-09-17T03:44:23.899] debug2: DBD_CLUSTER_TRES: called in CONN 8 for linux(1=2,2=2000,3=0,4=2,5=2,6=0,7=0,8=0)
[2025-09-17T03:49:23.236] debug2: DBD_CLUSTER_TRES: called in CONN 8 for linux(1=2,2=2000,3=0,4=2,5=2,6=0,7=0,8=0)
[2025-09-17T03:54:23.580] debug2: DBD_CLUSTER_TRES: called in CONN 8 for linux(1=2,2=2000,3=0,4=2,5=2,6=0,7=0,8=0)
[2025-09-17T03:59:23.920] debug2: DBD_CLUSTER_TRES: called in CONN 8 for linux(1=2,2=2000,3=0,4=2,5=2,6=0,7=0,8=0)
[2025-09-17T04:00:00.086] debug2: running rollup at Wed Sep 17 04:00:00 2025
[2025-09-17T04:00:00.087] debug2: Attempting to connect to mysql:3306
[2025-09-17T04:00:00.095] debug2: accounting_storage/as_mysql: _cluster_rollup_usage: No need to roll cluster linux this day 1758067200 <= 1758067200
[2025-09-17T04:00:00.095] debug2: accounting_storage/as_mysql: _cluster_rollup_usage: No need to roll cluster linux this month 1756684800 <= 1756684800
[2025-09-17T04:00:00.098] debug2: accounting_storage/as_mysql: as_mysql_roll_usage: Got 1 of 1 rolled up
[2025-09-17T04:00:00.098] debug2: accounting_storage/as_mysql: as_mysql_roll_usage: Everything rolled up
[2025-09-17T04:04:23.260] debug2: DBD_CLUSTER_TRES: called in CONN 8 for linux(1=2,2=2000,3=0,4=2,5=2,6=0,7=0,8=0)
[2025-09-17T04:09:23.600] debug2: DBD_CLUSTER_TRES: called in CONN 8 for linux(1=2,2=2000,3=0,4=2,5=2,6=0,7=0,8=0)
[2025-09-17T04:14:23.941] debug2: DBD_CLUSTER_TRES: called in CONN 8 for linux(1=2,2=2000,3=0,4=2,5=2,6=0,7=0,8=0)
[2025-09-17T04:19:23.286] debug2: DBD_CLUSTER_TRES: called in CONN 8 for linux(1=2,2=2000,3=0,4=2,5=2,6=0,7=0,8=0)
[2025-09-17T04:24:23.626] debug2: DBD_CLUSTER_TRES: called in CONN 8 for linux(1=2,2=2000,3=0,4=2,5=2,6=0,7=0,8=0)
[2025-09-17T04:29:23.975] debug2: DBD_CLUSTER_TRES: called in CONN 8 for linux(1=2,2=2000,3=0,4=2,5=2,6=0,7=0,8=0)
[2025-09-17T04:34:23.316] debug2: DBD_CLUSTER_TRES: called in CONN 8 for linux(1=2,2=2000,3=0,4=2,5=2,6=0,7=0,8=0)
[2025-09-17T04:39:23.661] debug2: DBD_CLUSTER_TRES: called in CONN 8 for linux(1=2,2=2000,3=0,4=2,5=2,6=0,7=0,8=0)
[2025-09-17T04:44:24.010] debug2: DBD_CLUSTER_TRES: called in CONN 8 for linux(1=2,2=2000,3=0,4=2,5=2,6=0,7=0,8=0)
[2025-09-17T04:49:23.359] debug2: DBD_CLUSTER_TRES: called in CONN 8 for linux(1=2,2=2000,3=0,4=2,5=2,6=0,7=0,8=0)
[2025-09-17T04:54:23.703] debug2: DBD_CLUSTER_TRES: called in CONN 8 for linux(1=2,2=2000,3=0,4=2,5=2,6=0,7=0,8=0)
[2025-09-17T04:59:23.052] debug2: DBD_CLUSTER_TRES: called in CONN 8 for linux(1=2,2=2000,3=0,4=2,5=2,6=0,7=0,8=0)
[2025-09-17T04:59:59.963] debug2: running rollup at Wed Sep 17 05:00:00 2025
[2025-09-17T04:59:59.963] debug2: Attempting to connect to mysql:3306
[2025-09-17T04:59:59.965] debug2: accounting_storage/as_mysql: _cluster_rollup_usage: No need to roll cluster linux this hour 1758081600 <= 1758081600
[2025-09-17T04:59:59.965] debug2: accounting_storage/as_mysql: _cluster_rollup_usage: No need to roll cluster linux this day 1758067200 <= 1758067200
[2025-09-17T04:59:59.965] debug2: accounting_storage/as_mysql: _cluster_rollup_usage: No need to roll cluster linux this month 1756684800 <= 1756684800
[2025-09-17T04:59:59.965] debug2: accounting_storage/as_mysql: as_mysql_roll_usage: Got 1 of 1 rolled up
[2025-09-17T04:59:59.965] debug2: accounting_storage/as_mysql: as_mysql_roll_usage: Everything rolled up
[2025-09-17T05:00:00.966] debug2: running rollup at Wed Sep 17 05:00:00 2025
[2025-09-17T05:00:00.967] debug2: Attempting to connect to mysql:3306
[2025-09-17T05:00:00.972] debug2: accounting_storage/as_mysql: _cluster_rollup_usage: No need to roll cluster linux this day 1758067200 <= 1758067200
[2025-09-17T05:00:00.972] debug2: accounting_storage/as_mysql: _cluster_rollup_usage: No need to roll cluster linux this month 1756684800 <= 1756684800
[2025-09-17T05:00:00.975] debug2: accounting_storage/as_mysql: as_mysql_roll_usage: Got 1 of 1 rolled up
[2025-09-17T05:00:00.975] debug2: accounting_storage/as_mysql: as_mysql_roll_usage: Everything rolled up
[2025-09-17T05:04:23.424] debug2: DBD_CLUSTER_TRES: called in CONN 8 for linux(1=2,2=2000,3=0,4=2,5=2,6=0,7=0,8=0)
[2025-09-17T05:09:23.780] debug2: DBD_CLUSTER_TRES: called in CONN 8 for linux(1=2,2=2000,3=0,4=2,5=2,6=0,7=0,8=0)
[2025-09-17T05:14:23.207] debug2: DBD_CLUSTER_TRES: called in CONN 8 for linux(1=2,2=2000,3=0,4=2,5=2,6=0,7=0,8=0)
[2025-09-17T05:19:23.566] debug2: DBD_CLUSTER_TRES: called in CONN 8 for linux(1=2,2=2000,3=0,4=2,5=2,6=0,7=0,8=0)
[2025-09-17T05:24:23.930] debug2: DBD_CLUSTER_TRES: called in CONN 8 for linux(1=2,2=2000,3=0,4=2,5=2,6=0,7=0,8=0)
[2025-09-17T05:29:23.549] debug2: DBD_CLUSTER_TRES: called in CONN 8 for linux(1=2,2=2000,3=0,4=2,5=2,6=0,7=0,8=0)
[2025-09-17T05:34:24.011] debug2: DBD_CLUSTER_TRES: called in CONN 8 for linux(1=2,2=2000,3=0,4=2,5=2,6=0,7=0,8=0)
[2025-09-17T05:39:23.378] debug2: DBD_CLUSTER_TRES: called in CONN 8 for linux(1=2,2=2000,3=0,4=2,5=2,6=0,7=0,8=0)
[2025-09-17T05:44:23.698] debug2: DBD_CLUSTER_TRES: called in CONN 8 for linux(1=2,2=2000,3=0,4=2,5=2,6=0,7=0,8=0)
[2025-09-17T05:49:23.818] debug2: DBD_CLUSTER_TRES: called in CONN 8 for linux(1=2,2=2000,3=0,4=2,5=2,6=0,7=0,8=0)
[2025-09-17T05:54:24.009] debug2: DBD_CLUSTER_TRES: called in CONN 8 for linux(1=2,2=2000,3=0,4=2,5=2,6=0,7=0,8=0)
[2025-09-17T05:59:23.082] debug2: DBD_CLUSTER_TRES: called in CONN 8 for linux(1=2,2=2000,3=0,4=2,5=2,6=0,7=0,8=0)
[2025-09-17T05:59:56.841] debug2: running rollup at Wed Sep 17 06:00:00 2025
[2025-09-17T05:59:56.841] debug2: Attempting to connect to mysql:3306
[2025-09-17T05:59:56.844] debug2: accounting_storage/as_mysql: _cluster_rollup_usage: No need to roll cluster linux this hour 1758085200 <= 1758085200
[2025-09-17T05:59:56.844] debug2: accounting_storage/as_mysql: _cluster_rollup_usage: No need to roll cluster linux this day 1758067200 <= 1758067200
[2025-09-17T05:59:56.844] debug2: accounting_storage/as_mysql: _cluster_rollup_usage: No need to roll cluster linux this month 1756684800 <= 1756684800
[2025-09-17T05:59:56.844] debug2: accounting_storage/as_mysql: as_mysql_roll_usage: Got 1 of 1 rolled up
[2025-09-17T05:59:56.844] debug2: accounting_storage/as_mysql: as_mysql_roll_usage: Everything rolled up
[2025-09-17T06:00:00.844] debug2: running rollup at Wed Sep 17 06:00:00 2025
[2025-09-17T06:00:00.845] debug2: Attempting to connect to mysql:3306
[2025-09-17T06:00:00.851] debug2: accounting_storage/as_mysql: _cluster_rollup_usage: No need to roll cluster linux this day 1758067200 <= 1758067200
[2025-09-17T06:00:00.851] debug2: accounting_storage/as_mysql: _cluster_rollup_usage: No need to roll cluster linux this month 1756684800 <= 1756684800
[2025-09-17T06:00:00.854] debug2: accounting_storage/as_mysql: as_mysql_roll_usage: Got 1 of 1 rolled up
[2025-09-17T06:00:00.854] debug2: accounting_storage/as_mysql: as_mysql_roll_usage: Everything rolled up
[2025-09-17T06:04:23.170] debug2: DBD_CLUSTER_TRES: called in CONN 8 for linux(1=2,2=2000,3=0,4=2,5=2,6=0,7=0,8=0)
[2025-09-17T06:09:23.166] debug2: DBD_CLUSTER_TRES: called in CONN 8 for linux(1=2,2=2000,3=0,4=2,5=2,6=0,7=0,8=0)
[2025-09-17T06:14:23.189] debug2: DBD_CLUSTER_TRES: called in CONN 8 for linux(1=2,2=2000,3=0,4=2,5=2,6=0,7=0,8=0)
[2025-09-17T06:19:23.256] debug2: DBD_CLUSTER_TRES: called in CONN 8 for linux(1=2,2=2000,3=0,4=2,5=2,6=0,7=0,8=0)
[2025-09-17T06:24:23.277] debug2: DBD_CLUSTER_TRES: called in CONN 8 for linux(1=2,2=2000,3=0,4=2,5=2,6=0,7=0,8=0)
[2025-09-17T06:29:23.225] debug2: DBD_CLUSTER_TRES: called in CONN 8 for linux(1=2,2=2000,3=0,4=2,5=2,6=0,7=0,8=0)
[2025-09-17T06:34:23.113] debug2: DBD_CLUSTER_TRES: called in CONN 8 for linux(1=2,2=2000,3=0,4=2,5=2,6=0,7=0,8=0)
[2025-09-17T06:39:24.028] debug2: DBD_CLUSTER_TRES: called in CONN 8 for linux(1=2,2=2000,3=0,4=2,5=2,6=0,7=0,8=0)
[2025-09-17T06:44:23.122] debug2: DBD_CLUSTER_TRES: called in CONN 8 for linux(1=2,2=2000,3=0,4=2,5=2,6=0,7=0,8=0)
[2025-09-17T06:49:24.002] debug2: DBD_CLUSTER_TRES: called in CONN 8 for linux(1=2,2=2000,3=0,4=2,5=2,6=0,7=0,8=0)
[2025-09-17T06:54:23.907] debug2: DBD_CLUSTER_TRES: called in CONN 8 for linux(1=2,2=2000,3=0,4=2,5=2,6=0,7=0,8=0)
[2025-09-17T06:59:23.740] debug2: DBD_CLUSTER_TRES: called in CONN 8 for linux(1=2,2=2000,3=0,4=2,5=2,6=0,7=0,8=0)
[2025-09-17T06:59:53.713] debug2: running rollup at Wed Sep 17 07:00:00 2025
[2025-09-17T06:59:53.714] debug2: Attempting to connect to mysql:3306
[2025-09-17T06:59:53.716] debug2: accounting_storage/as_mysql: _cluster_rollup_usage: No need to roll cluster linux this hour 1758088800 <= 1758088800
[2025-09-17T06:59:53.716] debug2: accounting_storage/as_mysql: _cluster_rollup_usage: No need to roll cluster linux this day 1758067200 <= 1758067200
[2025-09-17T06:59:53.716] debug2: accounting_storage/as_mysql: _cluster_rollup_usage: No need to roll cluster linux this month 1756684800 <= 1756684800
[2025-09-17T06:59:53.716] debug2: accounting_storage/as_mysql: as_mysql_roll_usage: Got 1 of 1 rolled up
[2025-09-17T06:59:53.716] debug2: accounting_storage/as_mysql: as_mysql_roll_usage: Everything rolled up
[2025-09-17T07:00:00.717] debug2: running rollup at Wed Sep 17 07:00:00 2025
[2025-09-17T07:00:00.718] debug2: Attempting to connect to mysql:3306
[2025-09-17T07:00:00.726] debug2: accounting_storage/as_mysql: _cluster_rollup_usage: No need to roll cluster linux this day 1758067200 <= 1758067200
[2025-09-17T07:00:00.726] debug2: accounting_storage/as_mysql: _cluster_rollup_usage: No need to roll cluster linux this month 1756684800 <= 1756684800
[2025-09-17T07:00:00.729] debug2: accounting_storage/as_mysql: as_mysql_roll_usage: Got 1 of 1 rolled up
[2025-09-17T07:00:00.729] debug2: accounting_storage/as_mysql: as_mysql_roll_usage: Everything rolled up
[2025-09-17T07:04:23.508] debug2: DBD_CLUSTER_TRES: called in CONN 8 for linux(1=2,2=2000,3=0,4=2,5=2,6=0,7=0,8=0)
[2025-09-17T07:09:23.319] debug2: DBD_CLUSTER_TRES: called in CONN 8 for linux(1=2,2=2000,3=0,4=2,5=2,6=0,7=0,8=0)
[2025-09-17T07:14:24.009] debug2: DBD_CLUSTER_TRES: called in CONN 8 for linux(1=2,2=2000,3=0,4=2,5=2,6=0,7=0,8=0)
[2025-09-17T07:19:23.914] debug2: DBD_CLUSTER_TRES: called in CONN 8 for linux(1=2,2=2000,3=0,4=2,5=2,6=0,7=0,8=0)
[2025-09-17T07:24:23.711] debug2: DBD_CLUSTER_TRES: called in CONN 8 for linux(1=2,2=2000,3=0,4=2,5=2,6=0,7=0,8=0)
[2025-09-17T07:29:23.393] debug2: DBD_CLUSTER_TRES: called in CONN 8 for linux(1=2,2=2000,3=0,4=2,5=2,6=0,7=0,8=0)
[2025-09-17T07:34:23.071] debug2: DBD_CLUSTER_TRES: called in CONN 8 for linux(1=2,2=2000,3=0,4=2,5=2,6=0,7=0,8=0)
[2025-09-17T07:39:23.718] debug2: DBD_CLUSTER_TRES: called in CONN 8 for linux(1=2,2=2000,3=0,4=2,5=2,6=0,7=0,8=0)
[2025-09-17T07:44:23.306] debug2: DBD_CLUSTER_TRES: called in CONN 8 for linux(1=2,2=2000,3=0,4=2,5=2,6=0,7=0,8=0)
[2025-09-17T07:49:23.829] debug2: DBD_CLUSTER_TRES: called in CONN 8 for linux(1=2,2=2000,3=0,4=2,5=2,6=0,7=0,8=0)
[2025-09-17T07:54:23.383] debug2: DBD_CLUSTER_TRES: called in CONN 8 for linux(1=2,2=2000,3=0,4=2,5=2,6=0,7=0,8=0)
[2025-09-17T07:59:23.967] debug2: DBD_CLUSTER_TRES: called in CONN 8 for linux(1=2,2=2000,3=0,4=2,5=2,6=0,7=0,8=0)
[2025-09-17T07:59:47.244] debug2: running rollup at Wed Sep 17 08:00:00 2025
[2025-09-17T07:59:47.245] debug2: Attempting to connect to mysql:3306
[2025-09-17T07:59:47.247] debug2: accounting_storage/as_mysql: _cluster_rollup_usage: No need to roll cluster linux this hour 1758092400 <= 1758092400
[2025-09-17T07:59:47.247] debug2: accounting_storage/as_mysql: _cluster_rollup_usage: No need to roll cluster linux this day 1758067200 <= 1758067200
[2025-09-17T07:59:47.247] debug2: accounting_storage/as_mysql: _cluster_rollup_usage: No need to roll cluster linux this month 1756684800 <= 1756684800
[2025-09-17T07:59:47.247] debug2: accounting_storage/as_mysql: as_mysql_roll_usage: Got 1 of 1 rolled up
[2025-09-17T07:59:47.247] debug2: accounting_storage/as_mysql: as_mysql_roll_usage: Everything rolled up
[2025-09-17T08:00:00.248] debug2: running rollup at Wed Sep 17 08:00:00 2025
[2025-09-17T08:00:00.249] debug2: Attempting to connect to mysql:3306
[2025-09-17T08:00:00.255] debug2: accounting_storage/as_mysql: _cluster_rollup_usage: No need to roll cluster linux this day 1758067200 <= 1758067200
[2025-09-17T08:00:00.255] debug2: accounting_storage/as_mysql: _cluster_rollup_usage: No need to roll cluster linux this month 1756684800 <= 1756684800
[2025-09-17T08:00:00.259] debug2: accounting_storage/as_mysql: as_mysql_roll_usage: Got 1 of 1 rolled up
[2025-09-17T08:00:00.259] debug2: accounting_storage/as_mysql: as_mysql_roll_usage: Everything rolled up
[2025-09-17T08:04:23.346] debug2: DBD_CLUSTER_TRES: called in CONN 8 for linux(1=2,2=2000,3=0,4=2,5=2,6=0,7=0,8=0)
[2025-09-17T08:09:23.673] debug2: DBD_CLUSTER_TRES: called in CONN 8 for linux(1=2,2=2000,3=0,4=2,5=2,6=0,7=0,8=0)
[2025-09-17T08:14:23.977] debug2: DBD_CLUSTER_TRES: called in CONN 8 for linux(1=2,2=2000,3=0,4=2,5=2,6=0,7=0,8=0)
[2025-09-17T08:19:23.600] debug2: DBD_CLUSTER_TRES: called in CONN 8 for linux(1=2,2=2000,3=0,4=2,5=2,6=0,7=0,8=0)
[2025-09-17T08:24:23.698] debug2: DBD_CLUSTER_TRES: called in CONN 8 for linux(1=2,2=2000,3=0,4=2,5=2,6=0,7=0,8=0)
[2025-09-17T08:29:23.805] debug2: DBD_CLUSTER_TRES: called in CONN 8 for linux(1=2,2=2000,3=0,4=2,5=2,6=0,7=0,8=0)
[2025-09-17T08:34:23.263] debug2: DBD_CLUSTER_TRES: called in CONN 8 for linux(1=2,2=2000,3=0,4=2,5=2,6=0,7=0,8=0)
[2025-09-17T08:39:23.404] debug2: DBD_CLUSTER_TRES: called in CONN 8 for linux(1=2,2=2000,3=0,4=2,5=2,6=0,7=0,8=0)
[2025-09-17T08:44:23.332] debug2: DBD_CLUSTER_TRES: called in CONN 8 for linux(1=2,2=2000,3=0,4=2,5=2,6=0,7=0,8=0)
[2025-09-17T08:49:23.366] debug2: DBD_CLUSTER_TRES: called in CONN 8 for linux(1=2,2=2000,3=0,4=2,5=2,6=0,7=0,8=0)
[2025-09-17T08:54:24.035] debug2: DBD_CLUSTER_TRES: called in CONN 8 for linux(1=2,2=2000,3=0,4=2,5=2,6=0,7=0,8=0)
[2025-09-17T08:58:59.354] debug2: running rollup at Wed Sep 17 09:00:00 2025
[2025-09-17T08:58:59.354] debug2: Attempting to connect to mysql:3306
[2025-09-17T08:58:59.357] debug2: accounting_storage/as_mysql: _cluster_rollup_usage: No need to roll cluster linux this hour 1758096000 <= 1758096000
[2025-09-17T08:58:59.357] debug2: accounting_storage/as_mysql: _cluster_rollup_usage: No need to roll cluster linux this day 1758067200 <= 1758067200
[2025-09-17T08:58:59.357] debug2: accounting_storage/as_mysql: _cluster_rollup_usage: No need to roll cluster linux this month 1756684800 <= 1756684800
[2025-09-17T08:58:59.357] debug2: accounting_storage/as_mysql: as_mysql_roll_usage: Got 1 of 1 rolled up
[2025-09-17T08:58:59.357] debug2: accounting_storage/as_mysql: as_mysql_roll_usage: Everything rolled up
[2025-09-17T08:59:23.237] debug2: DBD_CLUSTER_TRES: called in CONN 8 for linux(1=2,2=2000,3=0,4=2,5=2,6=0,7=0,8=0)
[2025-09-17T08:59:58.828] debug2: running rollup at Wed Sep 17 09:00:00 2025
[2025-09-17T08:59:58.829] debug2: Attempting to connect to mysql:3306
[2025-09-17T08:59:58.831] debug2: accounting_storage/as_mysql: _cluster_rollup_usage: No need to roll cluster linux this hour 1758096000 <= 1758096000
[2025-09-17T08:59:58.831] debug2: accounting_storage/as_mysql: _cluster_rollup_usage: No need to roll cluster linux this day 1758067200 <= 1758067200
[2025-09-17T08:59:58.831] debug2: accounting_storage/as_mysql: _cluster_rollup_usage: No need to roll cluster linux this month 1756684800 <= 1756684800
[2025-09-17T08:59:58.831] debug2: accounting_storage/as_mysql: as_mysql_roll_usage: Got 1 of 1 rolled up
[2025-09-17T08:59:58.831] debug2: accounting_storage/as_mysql: as_mysql_roll_usage: Everything rolled up
[2025-09-17T09:00:00.050] debug2: running rollup at Wed Sep 17 09:00:00 2025
[2025-09-17T09:00:00.051] debug2: Attempting to connect to mysql:3306
[2025-09-17T09:00:00.062] debug2: accounting_storage/as_mysql: _cluster_rollup_usage: No need to roll cluster linux this day 1758067200 <= 1758067200
[2025-09-17T09:00:00.062] debug2: accounting_storage/as_mysql: _cluster_rollup_usage: No need to roll cluster linux this month 1756684800 <= 1756684800
[2025-09-17T09:00:00.069] debug2: accounting_storage/as_mysql: as_mysql_roll_usage: Got 1 of 1 rolled up
[2025-09-17T09:00:00.069] debug2: accounting_storage/as_mysql: as_mysql_roll_usage: Everything rolled up
[2025-09-17T09:04:23.737] debug2: DBD_CLUSTER_TRES: called in CONN 8 for linux(1=2,2=2000,3=0,4=2,5=2,6=0,7=0,8=0)
[2025-09-17T09:09:23.236] debug2: DBD_CLUSTER_TRES: called in CONN 8 for linux(1=2,2=2000,3=0,4=2,5=2,6=0,7=0,8=0)
[2025-09-17T09:14:23.735] debug2: DBD_CLUSTER_TRES: called in CONN 8 for linux(1=2,2=2000,3=0,4=2,5=2,6=0,7=0,8=0)
[2025-09-17T09:19:23.151] debug2: DBD_CLUSTER_TRES: called in CONN 8 for linux(1=2,2=2000,3=0,4=2,5=2,6=0,7=0,8=0)
[2025-09-17T09:24:23.711] debug2: DBD_CLUSTER_TRES: called in CONN 8 for linux(1=2,2=2000,3=0,4=2,5=2,6=0,7=0,8=0)
[2025-09-17T09:29:23.261] debug2: DBD_CLUSTER_TRES: called in CONN 8 for linux(1=2,2=2000,3=0,4=2,5=2,6=0,7=0,8=0)
[2025-09-17T09:34:23.553] debug2: DBD_CLUSTER_TRES: called in CONN 8 for linux(1=2,2=2000,3=0,4=2,5=2,6=0,7=0,8=0)
[2025-09-17T09:39:23.170] debug2: DBD_CLUSTER_TRES: called in CONN 8 for linux(1=2,2=2000,3=0,4=2,5=2,6=0,7=0,8=0)
[2025-09-17T09:44:23.776] debug2: DBD_CLUSTER_TRES: called in CONN 8 for linux(1=2,2=2000,3=0,4=2,5=2,6=0,7=0,8=0)
[2025-09-17T09:49:23.683] debug2: DBD_CLUSTER_TRES: called in CONN 8 for linux(1=2,2=2000,3=0,4=2,5=2,6=0,7=0,8=0)
[2025-09-17T09:54:23.452] debug2: DBD_CLUSTER_TRES: called in CONN 8 for linux(1=2,2=2000,3=0,4=2,5=2,6=0,7=0,8=0)
[2025-09-17T09:58:11.288] debug2: running rollup at Wed Sep 17 10:00:00 2025
[2025-09-17T09:58:11.289] debug2: Attempting to connect to mysql:3306
[2025-09-17T09:58:11.293] debug2: accounting_storage/as_mysql: _cluster_rollup_usage: No need to roll cluster linux this hour 1758099600 <= 1758099600
[2025-09-17T09:58:11.293] debug2: accounting_storage/as_mysql: _cluster_rollup_usage: No need to roll cluster linux this day 1758067200 <= 1758067200
[2025-09-17T09:58:11.293] debug2: accounting_storage/as_mysql: _cluster_rollup_usage: No need to roll cluster linux this month 1756684800 <= 1756684800
[2025-09-17T09:58:11.293] debug2: accounting_storage/as_mysql: as_mysql_roll_usage: Got 1 of 1 rolled up
[2025-09-17T09:58:11.293] debug2: accounting_storage/as_mysql: as_mysql_roll_usage: Everything rolled up
[2025-09-17T09:59:23.522] debug2: DBD_CLUSTER_TRES: called in CONN 8 for linux(1=2,2=2000,3=0,4=2,5=2,6=0,7=0,8=0)
[2025-09-17T09:59:57.307] debug2: running rollup at Wed Sep 17 10:00:00 2025
[2025-09-17T09:59:57.307] debug2: Attempting to connect to mysql:3306
[2025-09-17T09:59:57.310] debug2: accounting_storage/as_mysql: _cluster_rollup_usage: No need to roll cluster linux this hour 1758099600 <= 1758099600
[2025-09-17T09:59:57.310] debug2: accounting_storage/as_mysql: _cluster_rollup_usage: No need to roll cluster linux this day 1758067200 <= 1758067200
[2025-09-17T09:59:57.310] debug2: accounting_storage/as_mysql: _cluster_rollup_usage: No need to roll cluster linux this month 1756684800 <= 1756684800
[2025-09-17T09:59:57.310] debug2: accounting_storage/as_mysql: as_mysql_roll_usage: Got 1 of 1 rolled up
[2025-09-17T09:59:57.310] debug2: accounting_storage/as_mysql: as_mysql_roll_usage: Everything rolled up
[2025-09-17T10:00:00.314] debug2: running rollup at Wed Sep 17 10:00:00 2025
[2025-09-17T10:00:00.315] debug2: Attempting to connect to mysql:3306
[2025-09-17T10:00:00.323] debug2: accounting_storage/as_mysql: _cluster_rollup_usage: No need to roll cluster linux this day 1758067200 <= 1758067200
[2025-09-17T10:00:00.323] debug2: accounting_storage/as_mysql: _cluster_rollup_usage: No need to roll cluster linux this month 1756684800 <= 1756684800
[2025-09-17T10:00:00.328] debug2: accounting_storage/as_mysql: as_mysql_roll_usage: Got 1 of 1 rolled up
[2025-09-17T10:00:00.328] debug2: accounting_storage/as_mysql: as_mysql_roll_usage: Everything rolled up
[2025-09-17T10:04:23.260] debug2: DBD_CLUSTER_TRES: called in CONN 8 for linux(1=2,2=2000,3=0,4=2,5=2,6=0,7=0,8=0)
[2025-09-17T10:09:23.978] debug2: DBD_CLUSTER_TRES: called in CONN 8 for linux(1=2,2=2000,3=0,4=2,5=2,6=0,7=0,8=0)
[2025-09-17T10:14:23.414] debug2: DBD_CLUSTER_TRES: called in CONN 8 for linux(1=2,2=2000,3=0,4=2,5=2,6=0,7=0,8=0)
[2025-09-17T10:19:23.960] debug2: DBD_CLUSTER_TRES: called in CONN 8 for linux(1=2,2=2000,3=0,4=2,5=2,6=0,7=0,8=0)
