[2025-09-04T05:04:53.920] debug:  Log file re-opened
[2025-09-04T05:04:53.921] error: Node configuration differs from hardware: CPUs=1:12(hw) Boards=1:1(hw) SocketsPerBoard=1:1(hw) CoresPerSocket=1:6(hw) ThreadsPerCore=1:2(hw)
[2025-09-04T05:04:53.922] topology/none: init: topology NONE plugin loaded
[2025-09-04T05:04:53.923] route/default: init: route default plugin loaded
[2025-09-04T05:04:53.923] CPU frequency setting not configured for this node
[2025-09-04T05:04:53.923] debug:  Resource spec: No specialized cores configured by default on this node
[2025-09-04T05:04:53.923] debug:  Resource spec: Reserved system memory limit not configured for this node
[2025-09-04T05:04:53.924] debug:  task/none: init: task NONE plugin loaded
[2025-09-04T05:04:53.924] debug:  auth/munge: init: Munge authentication plugin loaded
[2025-09-04T05:04:53.924] debug:  spank: opening plugin stack /etc/slurm/plugstack.conf
[2025-09-04T05:04:53.924] cred/munge: init: Munge credential signature plugin loaded
[2025-09-04T05:04:53.924] slurmd version 21.08.6 started
[2025-09-04T05:04:53.924] debug:  jobacct_gather/linux: init: Job accounting gather LINUX plugin loaded
[2025-09-04T05:04:53.925] debug:  job_container/none: init: job_container none plugin loaded
[2025-09-04T05:04:53.926] debug:  switch/none: init: switch NONE plugin loaded
[2025-09-04T05:04:53.926] debug:  switch Cray/Aries plugin loaded.
[2025-09-04T05:04:53.926] slurmd started on Thu, 04 Sep 2025 05:04:53 +0000
[2025-09-04T05:04:53.927] CPUs=1 Boards=1 Sockets=1 Cores=1 Threads=1 Memory=56239 TmpDisk=1031018 Uptime=15749 CPUSpecList=(null) FeaturesAvail=(null) FeaturesActive=(null)
[2025-09-04T05:04:53.927] debug:  acct_gather_energy/none: init: AcctGatherEnergy NONE plugin loaded
[2025-09-04T05:04:53.927] debug:  acct_gather_Profile/none: init: AcctGatherProfile NONE plugin loaded
[2025-09-04T05:04:53.927] debug:  acct_gather_interconnect/none: init: AcctGatherInterconnect NONE plugin loaded
[2025-09-04T05:04:53.927] debug:  acct_gather_filesystem/none: init: AcctGatherFilesystem NONE plugin loaded
[2025-09-04T05:04:53.927] debug2: No acct_gather.conf file (/etc/slurm/acct_gather.conf)
[2025-09-04T05:04:53.930] debug:  _handle_node_reg_resp: slurmctld sent back 8 TRES.
[2025-09-04T05:04:53.950] debug:  Log file re-opened
[2025-09-04T05:04:53.951] error: Node configuration differs from hardware: CPUs=1:12(hw) Boards=1:1(hw) SocketsPerBoard=1:1(hw) CoresPerSocket=1:6(hw) ThreadsPerCore=1:2(hw)
[2025-09-04T05:04:53.953] topology/none: init: topology NONE plugin loaded
[2025-09-04T05:04:53.954] route/default: init: route default plugin loaded
[2025-09-04T05:04:53.954] CPU frequency setting not configured for this node
[2025-09-04T05:04:53.954] debug:  Resource spec: No specialized cores configured by default on this node
[2025-09-04T05:04:53.954] debug:  Resource spec: Reserved system memory limit not configured for this node
[2025-09-04T05:04:53.954] debug:  task/none: init: task NONE plugin loaded
[2025-09-04T05:04:53.954] debug:  auth/munge: init: Munge authentication plugin loaded
[2025-09-04T05:04:53.954] debug:  spank: opening plugin stack /etc/slurm/plugstack.conf
[2025-09-04T05:04:53.955] cred/munge: init: Munge credential signature plugin loaded
[2025-09-04T05:04:53.955] slurmd version 21.08.6 started
[2025-09-04T05:04:53.955] debug:  jobacct_gather/linux: init: Job accounting gather LINUX plugin loaded
[2025-09-04T05:04:53.955] debug:  job_container/none: init: job_container none plugin loaded
[2025-09-04T05:04:53.956] debug:  switch/none: init: switch NONE plugin loaded
[2025-09-04T05:04:53.956] debug:  switch Cray/Aries plugin loaded.
[2025-09-04T05:04:53.957] slurmd started on Thu, 04 Sep 2025 05:04:53 +0000
[2025-09-04T05:04:53.957] CPUs=1 Boards=1 Sockets=1 Cores=1 Threads=1 Memory=56239 TmpDisk=1031018 Uptime=15749 CPUSpecList=(null) FeaturesAvail=(null) FeaturesActive=(null)
[2025-09-04T05:04:53.957] debug:  acct_gather_energy/none: init: AcctGatherEnergy NONE plugin loaded
[2025-09-04T05:04:53.958] debug:  acct_gather_Profile/none: init: AcctGatherProfile NONE plugin loaded
[2025-09-04T05:04:53.958] debug:  acct_gather_interconnect/none: init: AcctGatherInterconnect NONE plugin loaded
[2025-09-04T05:04:53.958] debug:  acct_gather_filesystem/none: init: AcctGatherFilesystem NONE plugin loaded
[2025-09-04T05:04:53.958] debug2: No acct_gather.conf file (/etc/slurm/acct_gather.conf)
[2025-09-04T05:04:53.960] debug:  _handle_node_reg_resp: slurmctld sent back 8 TRES.
[2025-09-04T05:06:36.977] debug2: Start processing RPC: REQUEST_PING
[2025-09-04T05:06:36.978] debug2: Start processing RPC: REQUEST_PING
[2025-09-04T05:06:36.978] debug2: Processing RPC: REQUEST_PING
[2025-09-04T05:06:36.978] debug2: Processing RPC: REQUEST_PING
[2025-09-04T05:06:36.978] debug2: Finish processing RPC: REQUEST_PING
[2025-09-04T05:06:36.978] debug2: Finish processing RPC: REQUEST_PING
[2025-09-04T05:09:56.574] debug2: Start processing RPC: REQUEST_PING
[2025-09-04T05:09:56.574] debug2: Start processing RPC: REQUEST_PING
[2025-09-04T05:09:56.574] debug2: Processing RPC: REQUEST_PING
[2025-09-04T05:09:56.574] debug2: Processing RPC: REQUEST_PING
[2025-09-04T05:09:56.575] debug2: Finish processing RPC: REQUEST_PING
[2025-09-04T05:09:56.575] debug2: Finish processing RPC: REQUEST_PING
[2025-09-04T05:13:16.888] debug2: Start processing RPC: REQUEST_PING
[2025-09-04T05:13:16.888] debug2: Start processing RPC: REQUEST_PING
[2025-09-04T05:13:16.888] debug2: Processing RPC: REQUEST_PING
[2025-09-04T05:13:16.888] debug2: Processing RPC: REQUEST_PING
[2025-09-04T05:13:16.888] debug2: Finish processing RPC: REQUEST_PING
[2025-09-04T05:13:16.888] debug2: Finish processing RPC: REQUEST_PING
[2025-09-04T05:16:36.440] debug2: Start processing RPC: REQUEST_PING
[2025-09-04T05:16:36.440] debug2: Start processing RPC: REQUEST_PING
[2025-09-04T05:16:36.440] debug2: Processing RPC: REQUEST_PING
[2025-09-04T05:16:36.440] debug2: Processing RPC: REQUEST_PING
[2025-09-04T05:16:36.440] debug2: Finish processing RPC: REQUEST_PING
[2025-09-04T05:16:36.440] debug2: Finish processing RPC: REQUEST_PING
[2025-09-04T05:19:56.625] debug2: Start processing RPC: REQUEST_PING
[2025-09-04T05:19:56.625] debug2: Processing RPC: REQUEST_PING
[2025-09-04T05:19:56.625] debug2: Start processing RPC: REQUEST_PING
[2025-09-04T05:19:56.625] debug2: Processing RPC: REQUEST_PING
[2025-09-04T05:19:56.625] debug2: Finish processing RPC: REQUEST_PING
[2025-09-04T05:19:56.625] debug2: Finish processing RPC: REQUEST_PING
[2025-09-04T05:23:16.455] debug2: Start processing RPC: REQUEST_PING
[2025-09-04T05:23:16.455] debug2: Processing RPC: REQUEST_PING
[2025-09-04T05:23:16.455] debug2: Start processing RPC: REQUEST_PING
[2025-09-04T05:23:16.455] debug2: Processing RPC: REQUEST_PING
[2025-09-04T05:23:16.455] debug2: Finish processing RPC: REQUEST_PING
[2025-09-04T05:23:16.455] debug2: Finish processing RPC: REQUEST_PING
[2025-09-04T05:26:36.190] debug2: Start processing RPC: REQUEST_PING
[2025-09-04T05:26:36.190] debug2: Start processing RPC: REQUEST_PING
[2025-09-04T05:26:36.190] debug2: Processing RPC: REQUEST_PING
[2025-09-04T05:26:36.190] debug2: Processing RPC: REQUEST_PING
[2025-09-04T05:26:36.190] debug2: Finish processing RPC: REQUEST_PING
[2025-09-04T05:26:36.190] debug2: Finish processing RPC: REQUEST_PING
[2025-09-04T05:29:56.200] debug2: Start processing RPC: REQUEST_PING
[2025-09-04T05:29:56.200] debug2: Processing RPC: REQUEST_PING
[2025-09-04T05:29:56.200] debug2: Start processing RPC: REQUEST_PING
[2025-09-04T05:29:56.200] debug2: Processing RPC: REQUEST_PING
[2025-09-04T05:29:56.201] debug2: Finish processing RPC: REQUEST_PING
[2025-09-04T05:29:56.201] debug2: Finish processing RPC: REQUEST_PING
[2025-09-04T05:33:16.438] debug2: Start processing RPC: REQUEST_PING
[2025-09-04T05:33:16.438] debug2: Processing RPC: REQUEST_PING
[2025-09-04T05:33:16.438] debug2: Start processing RPC: REQUEST_PING
[2025-09-04T05:33:16.438] debug2: Processing RPC: REQUEST_PING
[2025-09-04T05:33:16.439] debug2: Finish processing RPC: REQUEST_PING
[2025-09-04T05:33:16.439] debug2: Finish processing RPC: REQUEST_PING
[2025-09-04T05:36:36.355] debug2: Start processing RPC: REQUEST_NODE_REGISTRATION_STATUS
[2025-09-04T05:36:36.355] debug2: Start processing RPC: REQUEST_NODE_REGISTRATION_STATUS
[2025-09-04T05:36:36.355] debug2: Processing RPC: REQUEST_NODE_REGISTRATION_STATUS
[2025-09-04T05:36:36.355] debug2: Processing RPC: REQUEST_NODE_REGISTRATION_STATUS
[2025-09-04T05:36:36.358] debug:  _handle_node_reg_resp: slurmctld sent back 8 TRES.
[2025-09-04T05:36:36.358] debug:  _handle_node_reg_resp: slurmctld sent back 8 TRES.
[2025-09-04T05:36:36.358] debug2: Finish processing RPC: REQUEST_NODE_REGISTRATION_STATUS
[2025-09-04T05:36:36.358] debug2: Finish processing RPC: REQUEST_NODE_REGISTRATION_STATUS
[2025-09-04T05:39:56.231] debug2: Start processing RPC: REQUEST_PING
[2025-09-04T05:39:56.231] debug2: Processing RPC: REQUEST_PING
[2025-09-04T05:39:56.231] debug2: Start processing RPC: REQUEST_PING
[2025-09-04T05:39:56.231] debug2: Processing RPC: REQUEST_PING
[2025-09-04T05:39:56.231] debug2: Finish processing RPC: REQUEST_PING
[2025-09-04T05:39:56.231] debug2: Finish processing RPC: REQUEST_PING
[2025-09-04T05:43:16.356] debug2: Start processing RPC: REQUEST_PING
[2025-09-04T05:43:16.356] debug2: Start processing RPC: REQUEST_PING
[2025-09-04T05:43:16.356] debug2: Processing RPC: REQUEST_PING
[2025-09-04T05:43:16.357] debug2: Processing RPC: REQUEST_PING
[2025-09-04T05:43:16.357] debug2: Finish processing RPC: REQUEST_PING
[2025-09-04T05:43:16.357] debug2: Finish processing RPC: REQUEST_PING
[2025-09-04T05:46:36.449] debug2: Start processing RPC: REQUEST_PING
[2025-09-04T05:46:36.449] debug2: Start processing RPC: REQUEST_PING
[2025-09-04T05:46:36.449] debug2: Processing RPC: REQUEST_PING
[2025-09-04T05:46:36.449] debug2: Processing RPC: REQUEST_PING
[2025-09-04T05:46:36.450] debug2: Finish processing RPC: REQUEST_PING
[2025-09-04T05:46:36.450] debug2: Finish processing RPC: REQUEST_PING
[2025-09-04T05:49:56.013] debug2: Start processing RPC: REQUEST_PING
[2025-09-04T05:49:56.013] debug2: Start processing RPC: REQUEST_PING
[2025-09-04T05:49:56.013] debug2: Processing RPC: REQUEST_PING
[2025-09-04T05:49:56.013] debug2: Processing RPC: REQUEST_PING
[2025-09-04T05:49:56.014] debug2: Finish processing RPC: REQUEST_PING
[2025-09-04T05:49:56.014] debug2: Finish processing RPC: REQUEST_PING
[2025-09-04T05:53:16.753] debug2: Start processing RPC: REQUEST_PING
[2025-09-04T05:53:16.753] debug2: Start processing RPC: REQUEST_PING
[2025-09-04T05:53:16.753] debug2: Processing RPC: REQUEST_PING
[2025-09-04T05:53:16.753] debug2: Processing RPC: REQUEST_PING
[2025-09-04T05:53:16.753] debug2: Finish processing RPC: REQUEST_PING
[2025-09-04T05:53:16.753] debug2: Finish processing RPC: REQUEST_PING
[2025-09-04T05:56:36.046] debug2: Start processing RPC: REQUEST_PING
[2025-09-04T05:56:36.046] debug2: Processing RPC: REQUEST_PING
[2025-09-04T05:56:36.046] debug2: Start processing RPC: REQUEST_PING
[2025-09-04T05:56:36.046] debug2: Processing RPC: REQUEST_PING
[2025-09-04T05:56:36.046] debug2: Finish processing RPC: REQUEST_PING
[2025-09-04T05:56:36.046] debug2: Finish processing RPC: REQUEST_PING
[2025-09-04T05:59:56.585] debug2: Start processing RPC: REQUEST_PING
[2025-09-04T05:59:56.585] debug2: Processing RPC: REQUEST_PING
[2025-09-04T05:59:56.585] debug2: Start processing RPC: REQUEST_PING
[2025-09-04T05:59:56.585] debug2: Processing RPC: REQUEST_PING
[2025-09-04T05:59:56.585] debug2: Finish processing RPC: REQUEST_PING
[2025-09-04T05:59:56.586] debug2: Finish processing RPC: REQUEST_PING
[2025-09-04T06:03:16.024] debug2: Start processing RPC: REQUEST_PING
[2025-09-04T06:03:16.024] debug2: Start processing RPC: REQUEST_PING
[2025-09-04T06:03:16.024] debug2: Processing RPC: REQUEST_PING
[2025-09-04T06:03:16.024] debug2: Processing RPC: REQUEST_PING
[2025-09-04T06:03:16.024] debug2: Finish processing RPC: REQUEST_PING
[2025-09-04T06:03:16.024] debug2: Finish processing RPC: REQUEST_PING
[2025-09-04T06:06:36.461] debug2: Start processing RPC: REQUEST_PING
[2025-09-04T06:06:36.461] debug2: Processing RPC: REQUEST_PING
[2025-09-04T06:06:36.461] debug2: Start processing RPC: REQUEST_PING
[2025-09-04T06:06:36.461] debug2: Processing RPC: REQUEST_PING
[2025-09-04T06:06:36.462] debug2: Finish processing RPC: REQUEST_PING
[2025-09-04T06:06:36.462] debug2: Finish processing RPC: REQUEST_PING
[2025-09-04T06:09:56.016] debug2: Start processing RPC: REQUEST_NODE_REGISTRATION_STATUS
[2025-09-04T06:09:56.016] debug2: Processing RPC: REQUEST_NODE_REGISTRATION_STATUS
[2025-09-04T06:09:56.016] debug2: Start processing RPC: REQUEST_NODE_REGISTRATION_STATUS
[2025-09-04T06:09:56.016] debug2: Processing RPC: REQUEST_NODE_REGISTRATION_STATUS
[2025-09-04T06:09:56.018] debug:  _handle_node_reg_resp: slurmctld sent back 8 TRES.
[2025-09-04T06:09:56.018] debug:  _handle_node_reg_resp: slurmctld sent back 8 TRES.
[2025-09-04T06:09:56.018] debug2: Finish processing RPC: REQUEST_NODE_REGISTRATION_STATUS
[2025-09-04T06:09:56.018] debug2: Finish processing RPC: REQUEST_NODE_REGISTRATION_STATUS
[2025-09-04T06:13:16.406] debug2: Start processing RPC: REQUEST_PING
[2025-09-04T06:13:16.406] debug2: Start processing RPC: REQUEST_PING
[2025-09-04T06:13:16.406] debug2: Processing RPC: REQUEST_PING
[2025-09-04T06:13:16.406] debug2: Processing RPC: REQUEST_PING
[2025-09-04T06:13:16.406] debug2: Finish processing RPC: REQUEST_PING
[2025-09-04T06:13:16.406] debug2: Finish processing RPC: REQUEST_PING
[2025-09-04T06:16:36.468] debug2: Start processing RPC: REQUEST_PING
[2025-09-04T06:16:36.468] debug2: Processing RPC: REQUEST_PING
[2025-09-04T06:16:36.468] debug2: Start processing RPC: REQUEST_PING
[2025-09-04T06:16:36.468] debug2: Processing RPC: REQUEST_PING
[2025-09-04T06:16:36.469] debug2: Finish processing RPC: REQUEST_PING
[2025-09-04T06:16:36.469] debug2: Finish processing RPC: REQUEST_PING
[2025-09-04T06:19:56.845] debug2: Start processing RPC: REQUEST_PING
[2025-09-04T06:19:56.845] debug2: Start processing RPC: REQUEST_PING
[2025-09-04T06:19:56.845] debug2: Processing RPC: REQUEST_PING
[2025-09-04T06:19:56.845] debug2: Processing RPC: REQUEST_PING
[2025-09-04T06:19:56.845] debug2: Finish processing RPC: REQUEST_PING
[2025-09-04T06:19:56.845] debug2: Finish processing RPC: REQUEST_PING
[2025-09-04T06:23:16.197] debug2: Start processing RPC: REQUEST_PING
[2025-09-04T06:23:16.197] debug2: Start processing RPC: REQUEST_PING
[2025-09-04T06:23:16.197] debug2: Processing RPC: REQUEST_PING
[2025-09-04T06:23:16.197] debug2: Processing RPC: REQUEST_PING
[2025-09-04T06:23:16.198] debug2: Finish processing RPC: REQUEST_PING
[2025-09-04T06:23:16.198] debug2: Finish processing RPC: REQUEST_PING
[2025-09-04T06:26:36.103] debug2: Start processing RPC: REQUEST_PING
[2025-09-04T06:26:36.103] debug2: Processing RPC: REQUEST_PING
[2025-09-04T06:26:36.103] debug2: Start processing RPC: REQUEST_PING
[2025-09-04T06:26:36.103] debug2: Processing RPC: REQUEST_PING
[2025-09-04T06:26:36.103] debug2: Finish processing RPC: REQUEST_PING
[2025-09-04T06:26:36.103] debug2: Finish processing RPC: REQUEST_PING
[2025-09-04T06:29:56.428] debug2: Start processing RPC: REQUEST_PING
[2025-09-04T06:29:56.428] debug2: Processing RPC: REQUEST_PING
[2025-09-04T06:29:56.428] debug2: Start processing RPC: REQUEST_PING
[2025-09-04T06:29:56.428] debug2: Processing RPC: REQUEST_PING
[2025-09-04T06:29:56.429] debug2: Finish processing RPC: REQUEST_PING
[2025-09-04T06:29:56.429] debug2: Finish processing RPC: REQUEST_PING
[2025-09-04T06:33:16.423] debug2: Start processing RPC: REQUEST_PING
[2025-09-04T06:33:16.423] debug2: Start processing RPC: REQUEST_PING
[2025-09-04T06:33:16.423] debug2: Processing RPC: REQUEST_PING
[2025-09-04T06:33:16.423] debug2: Processing RPC: REQUEST_PING
[2025-09-04T06:33:16.424] debug2: Finish processing RPC: REQUEST_PING
[2025-09-04T06:33:16.424] debug2: Finish processing RPC: REQUEST_PING
[2025-09-04T06:36:36.691] debug2: Start processing RPC: REQUEST_PING
[2025-09-04T06:36:36.691] debug2: Start processing RPC: REQUEST_PING
[2025-09-04T06:36:36.691] debug2: Processing RPC: REQUEST_PING
[2025-09-04T06:36:36.691] debug2: Processing RPC: REQUEST_PING
[2025-09-04T06:36:36.692] debug2: Finish processing RPC: REQUEST_PING
[2025-09-04T06:36:36.692] debug2: Finish processing RPC: REQUEST_PING
[2025-09-04T06:39:56.893] debug2: Start processing RPC: REQUEST_PING
[2025-09-04T06:39:56.893] debug2: Start processing RPC: REQUEST_PING
[2025-09-04T06:39:56.893] debug2: Processing RPC: REQUEST_PING
[2025-09-04T06:39:56.893] debug2: Processing RPC: REQUEST_PING
[2025-09-04T06:39:56.893] debug2: Finish processing RPC: REQUEST_PING
[2025-09-04T06:39:56.893] debug2: Finish processing RPC: REQUEST_PING
[2025-09-04T06:43:16.210] debug2: Start processing RPC: REQUEST_NODE_REGISTRATION_STATUS
[2025-09-04T06:43:16.210] debug2: Processing RPC: REQUEST_NODE_REGISTRATION_STATUS
[2025-09-04T06:43:16.210] debug2: Start processing RPC: REQUEST_NODE_REGISTRATION_STATUS
[2025-09-04T06:43:16.210] debug2: Processing RPC: REQUEST_NODE_REGISTRATION_STATUS
[2025-09-04T06:43:16.212] debug:  _handle_node_reg_resp: slurmctld sent back 8 TRES.
[2025-09-04T06:43:16.212] debug:  _handle_node_reg_resp: slurmctld sent back 8 TRES.
[2025-09-04T06:43:16.212] debug2: Finish processing RPC: REQUEST_NODE_REGISTRATION_STATUS
[2025-09-04T06:43:16.212] debug2: Finish processing RPC: REQUEST_NODE_REGISTRATION_STATUS
[2025-09-04T06:46:36.731] debug2: Start processing RPC: REQUEST_PING
[2025-09-04T06:46:36.731] debug2: Start processing RPC: REQUEST_PING
[2025-09-04T06:46:36.731] debug2: Processing RPC: REQUEST_PING
[2025-09-04T06:46:36.731] debug2: Processing RPC: REQUEST_PING
[2025-09-04T06:46:36.732] debug2: Finish processing RPC: REQUEST_PING
[2025-09-04T06:46:36.732] debug2: Finish processing RPC: REQUEST_PING
[2025-09-04T06:49:56.400] debug2: Start processing RPC: REQUEST_PING
[2025-09-04T06:49:56.401] debug2: Processing RPC: REQUEST_PING
[2025-09-04T06:49:56.401] debug2: Start processing RPC: REQUEST_PING
[2025-09-04T06:49:56.401] debug2: Processing RPC: REQUEST_PING
[2025-09-04T06:49:56.401] debug2: Finish processing RPC: REQUEST_PING
[2025-09-04T06:49:56.401] debug2: Finish processing RPC: REQUEST_PING
[2025-09-04T06:51:37.047] debug2: Start processing RPC: REQUEST_PING
[2025-09-04T06:51:37.047] debug2: Processing RPC: REQUEST_PING
[2025-09-04T06:51:37.047] debug2: Start processing RPC: REQUEST_PING
[2025-09-04T06:51:37.047] debug2: Processing RPC: REQUEST_PING
[2025-09-04T06:51:37.047] debug2: Finish processing RPC: REQUEST_PING
[2025-09-04T06:51:37.047] debug2: Finish processing RPC: REQUEST_PING
[2025-09-04T06:54:57.652] debug2: Start processing RPC: REQUEST_PING
[2025-09-04T06:54:57.652] debug2: Start processing RPC: REQUEST_PING
[2025-09-04T06:54:57.652] debug2: Processing RPC: REQUEST_PING
[2025-09-04T06:54:57.652] debug2: Processing RPC: REQUEST_PING
[2025-09-04T06:54:57.652] debug2: Finish processing RPC: REQUEST_PING
[2025-09-04T06:54:57.652] debug2: Finish processing RPC: REQUEST_PING
[2025-09-04T06:58:17.893] debug2: Start processing RPC: REQUEST_PING
[2025-09-04T06:58:17.893] debug2: Processing RPC: REQUEST_PING
[2025-09-04T06:58:17.893] debug2: Start processing RPC: REQUEST_PING
[2025-09-04T06:58:17.893] debug2: Processing RPC: REQUEST_PING
[2025-09-04T06:58:17.893] debug2: Finish processing RPC: REQUEST_PING
[2025-09-04T06:58:17.893] debug2: Finish processing RPC: REQUEST_PING
[2025-09-04T07:01:37.323] debug2: Start processing RPC: REQUEST_PING
[2025-09-04T07:01:37.323] debug2: Processing RPC: REQUEST_PING
[2025-09-04T07:01:37.323] debug2: Start processing RPC: REQUEST_PING
[2025-09-04T07:01:37.323] debug2: Processing RPC: REQUEST_PING
[2025-09-04T07:01:37.324] debug2: Finish processing RPC: REQUEST_PING
[2025-09-04T07:01:37.324] debug2: Finish processing RPC: REQUEST_PING
[2025-09-04T07:04:57.913] debug2: Start processing RPC: REQUEST_PING
[2025-09-04T07:04:57.913] debug2: Processing RPC: REQUEST_PING
[2025-09-04T07:04:57.913] debug2: Start processing RPC: REQUEST_PING
[2025-09-04T07:04:57.913] debug2: Processing RPC: REQUEST_PING
[2025-09-04T07:04:57.913] debug2: Finish processing RPC: REQUEST_PING
[2025-09-04T07:04:57.913] debug2: Finish processing RPC: REQUEST_PING
[2025-09-04T07:08:17.120] debug2: Start processing RPC: REQUEST_PING
[2025-09-04T07:08:17.120] debug2: Processing RPC: REQUEST_PING
[2025-09-04T07:08:17.120] debug2: Start processing RPC: REQUEST_PING
[2025-09-04T07:08:17.120] debug2: Processing RPC: REQUEST_PING
[2025-09-04T07:08:17.120] debug2: Finish processing RPC: REQUEST_PING
[2025-09-04T07:08:17.120] debug2: Finish processing RPC: REQUEST_PING
[2025-09-04T07:11:37.143] debug2: Start processing RPC: REQUEST_PING
[2025-09-04T07:11:37.143] debug2: Start processing RPC: REQUEST_PING
[2025-09-04T07:11:37.143] debug2: Processing RPC: REQUEST_PING
[2025-09-04T07:11:37.143] debug2: Processing RPC: REQUEST_PING
[2025-09-04T07:11:37.143] debug2: Finish processing RPC: REQUEST_PING
[2025-09-04T07:11:37.143] debug2: Finish processing RPC: REQUEST_PING
[2025-09-04T07:14:57.853] debug2: Start processing RPC: REQUEST_PING
[2025-09-04T07:14:57.853] debug2: Start processing RPC: REQUEST_PING
[2025-09-04T07:14:57.853] debug2: Processing RPC: REQUEST_PING
[2025-09-04T07:14:57.853] debug2: Processing RPC: REQUEST_PING
[2025-09-04T07:14:57.854] debug2: Finish processing RPC: REQUEST_PING
[2025-09-04T07:14:57.854] debug2: Finish processing RPC: REQUEST_PING
[2025-09-04T07:16:37.375] debug2: Start processing RPC: REQUEST_NODE_REGISTRATION_STATUS
[2025-09-04T07:16:37.375] debug2: Start processing RPC: REQUEST_NODE_REGISTRATION_STATUS
[2025-09-04T07:16:37.375] debug2: Processing RPC: REQUEST_NODE_REGISTRATION_STATUS
[2025-09-04T07:16:37.375] debug2: Processing RPC: REQUEST_NODE_REGISTRATION_STATUS
[2025-09-04T07:16:37.377] debug:  _handle_node_reg_resp: slurmctld sent back 8 TRES.
[2025-09-04T07:16:37.377] debug:  _handle_node_reg_resp: slurmctld sent back 8 TRES.
[2025-09-04T07:16:37.377] debug2: Finish processing RPC: REQUEST_NODE_REGISTRATION_STATUS
[2025-09-04T07:16:37.377] debug2: Finish processing RPC: REQUEST_NODE_REGISTRATION_STATUS
[2025-09-04T07:19:57.777] debug2: Start processing RPC: REQUEST_PING
[2025-09-04T07:19:57.777] debug2: Processing RPC: REQUEST_PING
[2025-09-04T07:19:57.777] debug2: Start processing RPC: REQUEST_PING
[2025-09-04T07:19:57.777] debug2: Processing RPC: REQUEST_PING
[2025-09-04T07:19:57.777] debug2: Finish processing RPC: REQUEST_PING
[2025-09-04T07:19:57.777] debug2: Finish processing RPC: REQUEST_PING
[2025-09-04T07:23:17.337] debug2: Start processing RPC: REQUEST_PING
[2025-09-04T07:23:17.337] debug2: Start processing RPC: REQUEST_PING
[2025-09-04T07:23:17.337] debug2: Processing RPC: REQUEST_PING
[2025-09-04T07:23:17.337] debug2: Processing RPC: REQUEST_PING
[2025-09-04T07:23:17.337] debug2: Finish processing RPC: REQUEST_PING
[2025-09-04T07:23:17.337] debug2: Finish processing RPC: REQUEST_PING
[2025-09-04T07:26:37.084] debug2: Start processing RPC: REQUEST_PING
[2025-09-04T07:26:37.084] debug2: Processing RPC: REQUEST_PING
[2025-09-04T07:26:37.084] debug2: Start processing RPC: REQUEST_PING
[2025-09-04T07:26:37.084] debug2: Processing RPC: REQUEST_PING
[2025-09-04T07:26:37.085] debug2: Finish processing RPC: REQUEST_PING
[2025-09-04T07:26:37.085] debug2: Finish processing RPC: REQUEST_PING
[2025-09-04T07:29:57.461] debug2: Start processing RPC: REQUEST_PING
[2025-09-04T07:29:57.461] debug2: Start processing RPC: REQUEST_PING
[2025-09-04T07:29:57.461] debug2: Processing RPC: REQUEST_PING
[2025-09-04T07:29:57.461] debug2: Processing RPC: REQUEST_PING
[2025-09-04T07:29:57.461] debug2: Finish processing RPC: REQUEST_PING
[2025-09-04T07:29:57.461] debug2: Finish processing RPC: REQUEST_PING
[2025-09-04T07:33:17.908] debug2: Start processing RPC: REQUEST_PING
[2025-09-04T07:33:17.908] debug2: Processing RPC: REQUEST_PING
[2025-09-04T07:33:17.908] debug2: Start processing RPC: REQUEST_PING
[2025-09-04T07:33:17.908] debug2: Processing RPC: REQUEST_PING
[2025-09-04T07:33:17.908] debug2: Finish processing RPC: REQUEST_PING
[2025-09-04T07:33:17.908] debug2: Finish processing RPC: REQUEST_PING
[2025-09-04T07:36:38.001] debug2: Start processing RPC: REQUEST_PING
[2025-09-04T07:36:38.001] debug2: Start processing RPC: REQUEST_PING
[2025-09-04T07:36:38.001] debug2: Processing RPC: REQUEST_PING
[2025-09-04T07:36:38.001] debug2: Processing RPC: REQUEST_PING
[2025-09-04T07:36:38.001] debug2: Finish processing RPC: REQUEST_PING
[2025-09-04T07:36:38.001] debug2: Finish processing RPC: REQUEST_PING
[2025-09-04T07:39:57.748] debug2: Start processing RPC: REQUEST_PING
[2025-09-04T07:39:57.748] debug2: Start processing RPC: REQUEST_PING
[2025-09-04T07:39:57.748] debug2: Processing RPC: REQUEST_PING
[2025-09-04T07:39:57.748] debug2: Processing RPC: REQUEST_PING
[2025-09-04T07:39:57.749] debug2: Finish processing RPC: REQUEST_PING
[2025-09-04T07:39:57.749] debug2: Finish processing RPC: REQUEST_PING
[2025-09-04T07:43:17.446] debug2: Start processing RPC: REQUEST_PING
[2025-09-04T07:43:17.446] debug2: Start processing RPC: REQUEST_PING
[2025-09-04T07:43:17.446] debug2: Processing RPC: REQUEST_PING
[2025-09-04T07:43:17.446] debug2: Processing RPC: REQUEST_PING
[2025-09-04T07:43:17.446] debug2: Finish processing RPC: REQUEST_PING
[2025-09-04T07:43:17.446] debug2: Finish processing RPC: REQUEST_PING
[2025-09-04T07:46:37.994] debug2: Start processing RPC: REQUEST_PING
[2025-09-04T07:46:37.994] debug2: Start processing RPC: REQUEST_PING
[2025-09-04T07:46:37.994] debug2: Processing RPC: REQUEST_PING
[2025-09-04T07:46:37.994] debug2: Processing RPC: REQUEST_PING
[2025-09-04T07:46:37.994] debug2: Finish processing RPC: REQUEST_PING
[2025-09-04T07:46:37.994] debug2: Finish processing RPC: REQUEST_PING
[2025-09-04T07:49:57.792] debug2: Start processing RPC: REQUEST_NODE_REGISTRATION_STATUS
[2025-09-04T07:49:57.792] debug2: Start processing RPC: REQUEST_NODE_REGISTRATION_STATUS
[2025-09-04T07:49:57.792] debug2: Processing RPC: REQUEST_NODE_REGISTRATION_STATUS
[2025-09-04T07:49:57.792] debug2: Processing RPC: REQUEST_NODE_REGISTRATION_STATUS
[2025-09-04T07:49:57.794] debug:  _handle_node_reg_resp: slurmctld sent back 8 TRES.
[2025-09-04T07:49:57.794] debug:  _handle_node_reg_resp: slurmctld sent back 8 TRES.
[2025-09-04T07:49:57.794] debug2: Finish processing RPC: REQUEST_NODE_REGISTRATION_STATUS
[2025-09-04T07:49:57.794] debug2: Finish processing RPC: REQUEST_NODE_REGISTRATION_STATUS
[2025-09-04T07:53:17.012] debug2: Start processing RPC: REQUEST_PING
[2025-09-04T07:53:17.012] debug2: Start processing RPC: REQUEST_PING
[2025-09-04T07:53:17.012] debug2: Processing RPC: REQUEST_PING
[2025-09-04T07:53:17.012] debug2: Processing RPC: REQUEST_PING
[2025-09-04T07:53:17.013] debug2: Finish processing RPC: REQUEST_PING
[2025-09-04T07:53:17.013] debug2: Finish processing RPC: REQUEST_PING
[2025-09-04T07:56:37.711] debug2: Start processing RPC: REQUEST_PING
[2025-09-04T07:56:37.711] debug2: Processing RPC: REQUEST_PING
[2025-09-04T07:56:37.711] debug2: Start processing RPC: REQUEST_PING
[2025-09-04T07:56:37.711] debug2: Processing RPC: REQUEST_PING
[2025-09-04T07:56:37.711] debug2: Finish processing RPC: REQUEST_PING
[2025-09-04T07:56:37.711] debug2: Finish processing RPC: REQUEST_PING
[2025-09-04T07:59:57.298] debug2: Start processing RPC: REQUEST_PING
[2025-09-04T07:59:57.298] debug2: Start processing RPC: REQUEST_PING
[2025-09-04T07:59:57.298] debug2: Processing RPC: REQUEST_PING
[2025-09-04T07:59:57.298] debug2: Processing RPC: REQUEST_PING
[2025-09-04T07:59:57.298] debug2: Finish processing RPC: REQUEST_PING
[2025-09-04T07:59:57.298] debug2: Finish processing RPC: REQUEST_PING
[2025-09-04T08:03:17.653] debug2: Start processing RPC: REQUEST_PING
[2025-09-04T08:03:17.653] debug2: Start processing RPC: REQUEST_PING
[2025-09-04T08:03:17.653] debug2: Processing RPC: REQUEST_PING
[2025-09-04T08:03:17.653] debug2: Processing RPC: REQUEST_PING
[2025-09-04T08:03:17.654] debug2: Finish processing RPC: REQUEST_PING
[2025-09-04T08:03:17.654] debug2: Finish processing RPC: REQUEST_PING
[2025-09-04T08:06:37.006] debug2: Start processing RPC: REQUEST_PING
[2025-09-04T08:06:37.006] debug2: Start processing RPC: REQUEST_PING
[2025-09-04T08:06:37.006] debug2: Processing RPC: REQUEST_PING
[2025-09-04T08:06:37.006] debug2: Processing RPC: REQUEST_PING
[2025-09-04T08:06:37.007] debug2: Finish processing RPC: REQUEST_PING
[2025-09-04T08:06:37.007] debug2: Finish processing RPC: REQUEST_PING
[2025-09-04T08:09:57.176] debug2: Start processing RPC: REQUEST_PING
[2025-09-04T08:09:57.176] debug2: Start processing RPC: REQUEST_PING
[2025-09-04T08:09:57.176] debug2: Processing RPC: REQUEST_PING
[2025-09-04T08:09:57.176] debug2: Processing RPC: REQUEST_PING
[2025-09-04T08:09:57.176] debug2: Finish processing RPC: REQUEST_PING
[2025-09-04T08:09:57.176] debug2: Finish processing RPC: REQUEST_PING
[2025-09-04T08:13:17.035] debug2: Start processing RPC: REQUEST_PING
[2025-09-04T08:13:17.035] debug2: Start processing RPC: REQUEST_PING
[2025-09-04T08:13:17.035] debug2: Processing RPC: REQUEST_PING
[2025-09-04T08:13:17.035] debug2: Processing RPC: REQUEST_PING
[2025-09-04T08:13:17.036] debug2: Finish processing RPC: REQUEST_PING
[2025-09-04T08:13:17.036] debug2: Finish processing RPC: REQUEST_PING
[2025-09-04T08:16:37.917] debug2: Start processing RPC: REQUEST_PING
[2025-09-04T08:16:37.917] debug2: Processing RPC: REQUEST_PING
[2025-09-04T08:16:37.917] debug2: Start processing RPC: REQUEST_PING
[2025-09-04T08:16:37.917] debug2: Processing RPC: REQUEST_PING
[2025-09-04T08:16:37.918] debug2: Finish processing RPC: REQUEST_PING
[2025-09-04T08:16:37.918] debug2: Finish processing RPC: REQUEST_PING
[2025-09-04T08:19:57.634] debug2: Start processing RPC: REQUEST_PING
[2025-09-04T08:19:57.634] debug2: Processing RPC: REQUEST_PING
[2025-09-04T08:19:57.634] debug2: Start processing RPC: REQUEST_PING
[2025-09-04T08:19:57.634] debug2: Processing RPC: REQUEST_PING
[2025-09-04T08:19:57.634] debug2: Finish processing RPC: REQUEST_PING
[2025-09-04T08:19:57.634] debug2: Finish processing RPC: REQUEST_PING
[2025-09-04T08:23:17.638] debug2: Start processing RPC: REQUEST_NODE_REGISTRATION_STATUS
[2025-09-04T08:23:17.638] debug2: Start processing RPC: REQUEST_NODE_REGISTRATION_STATUS
[2025-09-04T08:23:17.638] debug2: Processing RPC: REQUEST_NODE_REGISTRATION_STATUS
[2025-09-04T08:23:17.638] debug2: Processing RPC: REQUEST_NODE_REGISTRATION_STATUS
[2025-09-04T08:23:17.640] debug:  _handle_node_reg_resp: slurmctld sent back 8 TRES.
[2025-09-04T08:23:17.640] debug:  _handle_node_reg_resp: slurmctld sent back 8 TRES.
[2025-09-04T08:23:17.640] debug2: Finish processing RPC: REQUEST_NODE_REGISTRATION_STATUS
[2025-09-04T08:23:17.640] debug2: Finish processing RPC: REQUEST_NODE_REGISTRATION_STATUS
[2025-09-04T08:26:37.951] debug2: Start processing RPC: REQUEST_PING
[2025-09-04T08:26:37.951] debug2: Start processing RPC: REQUEST_PING
[2025-09-04T08:26:37.951] debug2: Processing RPC: REQUEST_PING
[2025-09-04T08:26:37.951] debug2: Processing RPC: REQUEST_PING
[2025-09-04T08:26:37.952] debug2: Finish processing RPC: REQUEST_PING
[2025-09-04T08:26:37.952] debug2: Finish processing RPC: REQUEST_PING
[2025-09-04T08:29:57.026] debug2: Start processing RPC: REQUEST_PING
[2025-09-04T08:29:57.026] debug2: Processing RPC: REQUEST_PING
[2025-09-04T08:29:57.026] debug2: Start processing RPC: REQUEST_PING
[2025-09-04T08:29:57.026] debug2: Processing RPC: REQUEST_PING
[2025-09-04T08:29:57.026] debug2: Finish processing RPC: REQUEST_PING
[2025-09-04T08:29:57.026] debug2: Finish processing RPC: REQUEST_PING
[2025-09-04T08:31:38.019] debug2: Start processing RPC: REQUEST_PING
[2025-09-04T08:31:38.019] debug2: Processing RPC: REQUEST_PING
[2025-09-04T08:31:38.019] debug2: Start processing RPC: REQUEST_PING
[2025-09-04T08:31:38.019] debug2: Processing RPC: REQUEST_PING
[2025-09-04T08:31:38.019] debug2: Finish processing RPC: REQUEST_PING
[2025-09-04T08:31:38.020] debug2: Finish processing RPC: REQUEST_PING
[2025-09-04T08:34:58.400] debug2: Start processing RPC: REQUEST_PING
[2025-09-04T08:34:58.400] debug2: Start processing RPC: REQUEST_PING
[2025-09-04T08:34:58.400] debug2: Processing RPC: REQUEST_PING
[2025-09-04T08:34:58.400] debug2: Processing RPC: REQUEST_PING
[2025-09-04T08:34:58.401] debug2: Finish processing RPC: REQUEST_PING
[2025-09-04T08:34:58.401] debug2: Finish processing RPC: REQUEST_PING
[2025-09-04T08:38:18.284] debug2: Start processing RPC: REQUEST_PING
[2025-09-04T08:38:18.284] debug2: Processing RPC: REQUEST_PING
[2025-09-04T08:38:18.284] debug2: Start processing RPC: REQUEST_PING
[2025-09-04T08:38:18.284] debug2: Processing RPC: REQUEST_PING
[2025-09-04T08:38:18.284] debug2: Finish processing RPC: REQUEST_PING
[2025-09-04T08:38:18.284] debug2: Finish processing RPC: REQUEST_PING
[2025-09-04T08:41:37.610] debug2: Start processing RPC: REQUEST_PING
[2025-09-04T08:41:37.610] debug2: Processing RPC: REQUEST_PING
[2025-09-04T08:41:37.610] debug2: Start processing RPC: REQUEST_PING
[2025-09-04T08:41:37.610] debug2: Processing RPC: REQUEST_PING
[2025-09-04T08:41:37.610] debug2: Finish processing RPC: REQUEST_PING
[2025-09-04T08:41:37.610] debug2: Finish processing RPC: REQUEST_PING
[2025-09-04T08:43:18.198] debug2: Start processing RPC: REQUEST_PING
[2025-09-04T08:43:18.198] debug2: Processing RPC: REQUEST_PING
[2025-09-04T08:43:18.198] debug2: Start processing RPC: REQUEST_PING
[2025-09-04T08:43:18.198] debug2: Processing RPC: REQUEST_PING
[2025-09-04T08:43:18.199] debug2: Finish processing RPC: REQUEST_PING
[2025-09-04T08:43:18.199] debug2: Finish processing RPC: REQUEST_PING
[2025-09-04T08:46:38.425] debug2: Start processing RPC: REQUEST_PING
[2025-09-04T08:46:38.426] debug2: Start processing RPC: REQUEST_PING
[2025-09-04T08:46:38.426] debug2: Processing RPC: REQUEST_PING
[2025-09-04T08:46:38.426] debug2: Processing RPC: REQUEST_PING
[2025-09-04T08:46:38.426] debug2: Finish processing RPC: REQUEST_PING
[2025-09-04T08:46:38.426] debug2: Finish processing RPC: REQUEST_PING
[2025-09-04T08:49:58.642] debug2: Start processing RPC: REQUEST_PING
[2025-09-04T08:49:58.642] debug2: Start processing RPC: REQUEST_PING
[2025-09-04T08:49:58.642] debug2: Processing RPC: REQUEST_PING
[2025-09-04T08:49:58.642] debug2: Processing RPC: REQUEST_PING
[2025-09-04T08:49:58.643] debug2: Finish processing RPC: REQUEST_PING
[2025-09-04T08:49:58.643] debug2: Finish processing RPC: REQUEST_PING
[2025-09-04T08:53:18.303] debug2: Start processing RPC: REQUEST_PING
[2025-09-04T08:53:18.303] debug2: Start processing RPC: REQUEST_PING
[2025-09-04T08:53:18.303] debug2: Processing RPC: REQUEST_PING
[2025-09-04T08:53:18.303] debug2: Processing RPC: REQUEST_PING
[2025-09-04T08:53:18.304] debug2: Finish processing RPC: REQUEST_PING
[2025-09-04T08:53:18.304] debug2: Finish processing RPC: REQUEST_PING
[2025-09-04T08:56:38.509] debug2: Start processing RPC: REQUEST_NODE_REGISTRATION_STATUS
[2025-09-04T08:56:38.509] debug2: Processing RPC: REQUEST_NODE_REGISTRATION_STATUS
[2025-09-04T08:56:38.509] debug2: Start processing RPC: REQUEST_NODE_REGISTRATION_STATUS
[2025-09-04T08:56:38.509] debug2: Processing RPC: REQUEST_NODE_REGISTRATION_STATUS
[2025-09-04T08:56:38.511] debug:  _handle_node_reg_resp: slurmctld sent back 8 TRES.
[2025-09-04T08:56:38.511] debug:  _handle_node_reg_resp: slurmctld sent back 8 TRES.
[2025-09-04T08:56:38.511] debug2: Finish processing RPC: REQUEST_NODE_REGISTRATION_STATUS
[2025-09-04T08:56:38.511] debug2: Finish processing RPC: REQUEST_NODE_REGISTRATION_STATUS
[2025-09-04T08:59:58.080] debug2: Start processing RPC: REQUEST_PING
[2025-09-04T08:59:58.080] debug2: Start processing RPC: REQUEST_PING
[2025-09-04T08:59:58.080] debug2: Processing RPC: REQUEST_PING
[2025-09-04T08:59:58.080] debug2: Processing RPC: REQUEST_PING
[2025-09-04T08:59:58.081] debug2: Finish processing RPC: REQUEST_PING
[2025-09-04T08:59:58.081] debug2: Finish processing RPC: REQUEST_PING
[2025-09-04T09:03:18.601] debug2: Start processing RPC: REQUEST_PING
[2025-09-04T09:03:18.601] debug2: Start processing RPC: REQUEST_PING
[2025-09-04T09:03:18.601] debug2: Processing RPC: REQUEST_PING
[2025-09-04T09:03:18.601] debug2: Processing RPC: REQUEST_PING
[2025-09-04T09:03:18.601] debug2: Finish processing RPC: REQUEST_PING
[2025-09-04T09:03:18.601] debug2: Finish processing RPC: REQUEST_PING
[2025-09-04T09:06:38.655] debug2: Start processing RPC: REQUEST_PING
[2025-09-04T09:06:38.655] debug2: Processing RPC: REQUEST_PING
[2025-09-04T09:06:38.656] debug2: Start processing RPC: REQUEST_PING
[2025-09-04T09:06:38.656] debug2: Processing RPC: REQUEST_PING
[2025-09-04T09:06:38.656] debug2: Finish processing RPC: REQUEST_PING
[2025-09-04T09:06:38.656] debug2: Finish processing RPC: REQUEST_PING
[2025-09-04T09:09:58.573] debug2: Start processing RPC: REQUEST_PING
[2025-09-04T09:09:58.573] debug2: Processing RPC: REQUEST_PING
[2025-09-04T09:09:58.573] debug2: Start processing RPC: REQUEST_PING
[2025-09-04T09:09:58.573] debug2: Processing RPC: REQUEST_PING
[2025-09-04T09:09:58.573] debug2: Finish processing RPC: REQUEST_PING
[2025-09-04T09:09:58.573] debug2: Finish processing RPC: REQUEST_PING
[2025-09-04T09:13:18.731] debug2: Start processing RPC: REQUEST_PING
[2025-09-04T09:13:18.732] debug2: Start processing RPC: REQUEST_PING
[2025-09-04T09:13:18.732] debug2: Processing RPC: REQUEST_PING
[2025-09-04T09:13:18.732] debug2: Processing RPC: REQUEST_PING
[2025-09-04T09:13:18.732] debug2: Finish processing RPC: REQUEST_PING
[2025-09-04T09:13:18.732] debug2: Finish processing RPC: REQUEST_PING
[2025-09-04T09:16:38.914] debug2: Start processing RPC: REQUEST_PING
[2025-09-04T09:16:38.914] debug2: Start processing RPC: REQUEST_PING
[2025-09-04T09:16:38.914] debug2: Processing RPC: REQUEST_PING
[2025-09-04T09:16:38.914] debug2: Processing RPC: REQUEST_PING
[2025-09-04T09:16:38.914] debug2: Finish processing RPC: REQUEST_PING
[2025-09-04T09:16:38.914] debug2: Finish processing RPC: REQUEST_PING
[2025-09-04T09:19:58.507] debug2: Start processing RPC: REQUEST_PING
[2025-09-04T09:19:58.507] debug2: Processing RPC: REQUEST_PING
[2025-09-04T09:19:58.507] debug2: Start processing RPC: REQUEST_PING
[2025-09-04T09:19:58.507] debug2: Processing RPC: REQUEST_PING
[2025-09-04T09:19:58.507] debug2: Finish processing RPC: REQUEST_PING
[2025-09-04T09:19:58.507] debug2: Finish processing RPC: REQUEST_PING
[2025-09-04T09:23:18.614] debug2: Start processing RPC: REQUEST_PING
[2025-09-04T09:23:18.614] debug2: Start processing RPC: REQUEST_PING
[2025-09-04T09:23:18.614] debug2: Processing RPC: REQUEST_PING
[2025-09-04T09:23:18.614] debug2: Processing RPC: REQUEST_PING
[2025-09-04T09:23:18.615] debug2: Finish processing RPC: REQUEST_PING
[2025-09-04T09:23:18.615] debug2: Finish processing RPC: REQUEST_PING
[2025-09-04T09:26:38.047] debug2: Start processing RPC: REQUEST_PING
[2025-09-04T09:26:38.047] debug2: Start processing RPC: REQUEST_PING
[2025-09-04T09:26:38.047] debug2: Processing RPC: REQUEST_PING
[2025-09-04T09:26:38.047] debug2: Processing RPC: REQUEST_PING
[2025-09-04T09:26:38.047] debug2: Finish processing RPC: REQUEST_PING
[2025-09-04T09:26:38.047] debug2: Finish processing RPC: REQUEST_PING
[2025-09-04T09:29:58.748] debug2: Start processing RPC: REQUEST_NODE_REGISTRATION_STATUS
[2025-09-04T09:29:58.748] debug2: Start processing RPC: REQUEST_NODE_REGISTRATION_STATUS
[2025-09-04T09:29:58.748] debug2: Processing RPC: REQUEST_NODE_REGISTRATION_STATUS
[2025-09-04T09:29:58.748] debug2: Processing RPC: REQUEST_NODE_REGISTRATION_STATUS
[2025-09-04T09:29:58.750] debug:  _handle_node_reg_resp: slurmctld sent back 8 TRES.
[2025-09-04T09:29:58.750] debug2: Finish processing RPC: REQUEST_NODE_REGISTRATION_STATUS
[2025-09-04T09:29:58.750] debug:  _handle_node_reg_resp: slurmctld sent back 8 TRES.
[2025-09-04T09:29:58.750] debug2: Finish processing RPC: REQUEST_NODE_REGISTRATION_STATUS
[2025-09-04T09:33:18.683] debug2: Start processing RPC: REQUEST_PING
[2025-09-04T09:33:18.683] debug2: Start processing RPC: REQUEST_PING
[2025-09-04T09:33:18.683] debug2: Processing RPC: REQUEST_PING
[2025-09-04T09:33:18.683] debug2: Processing RPC: REQUEST_PING
[2025-09-04T09:33:18.683] debug2: Finish processing RPC: REQUEST_PING
[2025-09-04T09:33:18.683] debug2: Finish processing RPC: REQUEST_PING
[2025-09-04T09:36:38.451] debug2: Start processing RPC: REQUEST_PING
[2025-09-04T09:36:38.451] debug2: Processing RPC: REQUEST_PING
[2025-09-04T09:36:38.451] debug2: Start processing RPC: REQUEST_PING
[2025-09-04T09:36:38.451] debug2: Processing RPC: REQUEST_PING
[2025-09-04T09:36:38.452] debug2: Finish processing RPC: REQUEST_PING
[2025-09-04T09:36:38.452] debug2: Finish processing RPC: REQUEST_PING
[2025-09-04T09:39:58.437] debug2: Start processing RPC: REQUEST_PING
[2025-09-04T09:39:58.437] debug2: Start processing RPC: REQUEST_PING
[2025-09-04T09:39:58.437] debug2: Processing RPC: REQUEST_PING
[2025-09-04T09:39:58.437] debug2: Processing RPC: REQUEST_PING
[2025-09-04T09:39:58.438] debug2: Finish processing RPC: REQUEST_PING
[2025-09-04T09:39:58.438] debug2: Finish processing RPC: REQUEST_PING
[2025-09-04T09:43:18.859] debug2: Start processing RPC: REQUEST_PING
[2025-09-04T09:43:18.860] debug2: Processing RPC: REQUEST_PING
[2025-09-04T09:43:18.860] debug2: Start processing RPC: REQUEST_PING
[2025-09-04T09:43:18.860] debug2: Processing RPC: REQUEST_PING
[2025-09-04T09:43:18.860] debug2: Finish processing RPC: REQUEST_PING
[2025-09-04T09:43:18.860] debug2: Finish processing RPC: REQUEST_PING
[2025-09-04T09:46:38.645] debug2: Start processing RPC: REQUEST_PING
[2025-09-04T09:46:38.645] debug2: Processing RPC: REQUEST_PING
[2025-09-04T09:46:38.646] debug2: Start processing RPC: REQUEST_PING
[2025-09-04T09:46:38.646] debug2: Processing RPC: REQUEST_PING
[2025-09-04T09:46:38.646] debug2: Finish processing RPC: REQUEST_PING
[2025-09-04T09:46:38.646] debug2: Finish processing RPC: REQUEST_PING
[2025-09-04T09:49:58.012] debug2: Start processing RPC: REQUEST_PING
[2025-09-04T09:49:58.013] debug2: Start processing RPC: REQUEST_PING
[2025-09-04T09:49:58.013] debug2: Processing RPC: REQUEST_PING
[2025-09-04T09:49:58.013] debug2: Processing RPC: REQUEST_PING
[2025-09-04T09:49:58.013] debug2: Finish processing RPC: REQUEST_PING
[2025-09-04T09:49:58.013] debug2: Finish processing RPC: REQUEST_PING
[2025-09-04T09:53:18.445] debug2: Start processing RPC: REQUEST_PING
[2025-09-04T09:53:18.445] debug2: Start processing RPC: REQUEST_PING
[2025-09-04T09:53:18.445] debug2: Processing RPC: REQUEST_PING
[2025-09-04T09:53:18.445] debug2: Processing RPC: REQUEST_PING
[2025-09-04T09:53:18.446] debug2: Finish processing RPC: REQUEST_PING
[2025-09-04T09:53:18.446] debug2: Finish processing RPC: REQUEST_PING
[2025-09-04T09:56:38.635] debug2: Start processing RPC: REQUEST_PING
[2025-09-04T09:56:38.635] debug2: Start processing RPC: REQUEST_PING
[2025-09-04T09:56:38.635] debug2: Processing RPC: REQUEST_PING
[2025-09-04T09:56:38.635] debug2: Processing RPC: REQUEST_PING
[2025-09-04T09:56:38.635] debug2: Finish processing RPC: REQUEST_PING
[2025-09-04T09:56:38.635] debug2: Finish processing RPC: REQUEST_PING
[2025-09-04T09:58:19.042] debug2: Start processing RPC: REQUEST_PING
[2025-09-04T09:58:19.042] debug2: Start processing RPC: REQUEST_PING
[2025-09-04T09:58:19.042] debug2: Processing RPC: REQUEST_PING
[2025-09-04T09:58:19.042] debug2: Processing RPC: REQUEST_PING
[2025-09-04T09:58:19.043] debug2: Finish processing RPC: REQUEST_PING
[2025-09-04T09:58:19.043] debug2: Finish processing RPC: REQUEST_PING
[2025-09-04T10:01:39.473] debug2: Start processing RPC: REQUEST_PING
[2025-09-04T10:01:39.473] debug2: Processing RPC: REQUEST_PING
[2025-09-04T10:01:39.473] debug2: Start processing RPC: REQUEST_PING
[2025-09-04T10:01:39.473] debug2: Processing RPC: REQUEST_PING
[2025-09-04T10:01:39.473] debug2: Finish processing RPC: REQUEST_PING
[2025-09-04T10:01:39.473] debug2: Finish processing RPC: REQUEST_PING
[2025-09-04T10:03:19.019] debug2: Start processing RPC: REQUEST_NODE_REGISTRATION_STATUS
[2025-09-04T10:03:19.019] debug2: Processing RPC: REQUEST_NODE_REGISTRATION_STATUS
[2025-09-04T10:03:19.019] debug2: Start processing RPC: REQUEST_NODE_REGISTRATION_STATUS
[2025-09-04T10:03:19.019] debug2: Processing RPC: REQUEST_NODE_REGISTRATION_STATUS
[2025-09-04T10:03:19.021] debug:  _handle_node_reg_resp: slurmctld sent back 8 TRES.
[2025-09-04T10:03:19.021] debug:  _handle_node_reg_resp: slurmctld sent back 8 TRES.
[2025-09-04T10:03:19.021] debug2: Finish processing RPC: REQUEST_NODE_REGISTRATION_STATUS
[2025-09-04T10:03:19.021] debug2: Finish processing RPC: REQUEST_NODE_REGISTRATION_STATUS
[2025-09-04T10:06:39.549] debug2: Start processing RPC: REQUEST_PING
[2025-09-04T10:06:39.549] debug2: Start processing RPC: REQUEST_PING
[2025-09-04T10:06:39.549] debug2: Processing RPC: REQUEST_PING
[2025-09-04T10:06:39.549] debug2: Processing RPC: REQUEST_PING
[2025-09-04T10:06:39.549] debug2: Finish processing RPC: REQUEST_PING
[2025-09-04T10:06:39.549] debug2: Finish processing RPC: REQUEST_PING
[2025-09-04T10:09:59.960] debug2: Start processing RPC: REQUEST_PING
[2025-09-04T10:09:59.960] debug2: Start processing RPC: REQUEST_PING
[2025-09-04T10:09:59.960] debug2: Processing RPC: REQUEST_PING
[2025-09-04T10:09:59.960] debug2: Processing RPC: REQUEST_PING
[2025-09-04T10:09:59.960] debug2: Finish processing RPC: REQUEST_PING
[2025-09-04T10:09:59.960] debug2: Finish processing RPC: REQUEST_PING
[2025-09-04T10:13:19.820] debug2: Start processing RPC: REQUEST_PING
[2025-09-04T10:13:19.820] debug2: Processing RPC: REQUEST_PING
[2025-09-04T10:13:19.820] debug2: Start processing RPC: REQUEST_PING
[2025-09-04T10:13:19.820] debug2: Processing RPC: REQUEST_PING
[2025-09-04T10:13:19.821] debug2: Finish processing RPC: REQUEST_PING
[2025-09-04T10:13:19.821] debug2: Finish processing RPC: REQUEST_PING
[2025-09-04T10:16:39.396] debug2: Start processing RPC: REQUEST_PING
[2025-09-04T10:16:39.396] debug2: Start processing RPC: REQUEST_PING
[2025-09-04T10:16:39.396] debug2: Processing RPC: REQUEST_PING
[2025-09-04T10:16:39.396] debug2: Processing RPC: REQUEST_PING
[2025-09-04T10:16:39.396] debug2: Finish processing RPC: REQUEST_PING
[2025-09-04T10:16:39.396] debug2: Finish processing RPC: REQUEST_PING
[2025-09-04T10:19:59.014] debug2: Start processing RPC: REQUEST_PING
[2025-09-04T10:19:59.014] debug2: Processing RPC: REQUEST_PING
[2025-09-04T10:19:59.014] debug2: Start processing RPC: REQUEST_PING
[2025-09-04T10:19:59.014] debug2: Processing RPC: REQUEST_PING
[2025-09-04T10:19:59.015] debug2: Finish processing RPC: REQUEST_PING
[2025-09-04T10:19:59.015] debug2: Finish processing RPC: REQUEST_PING
[2025-09-04T10:23:19.423] debug2: Start processing RPC: REQUEST_PING
[2025-09-04T10:23:19.423] debug2: Start processing RPC: REQUEST_PING
[2025-09-04T10:23:19.423] debug2: Processing RPC: REQUEST_PING
[2025-09-04T10:23:19.423] debug2: Processing RPC: REQUEST_PING
[2025-09-04T10:23:19.423] debug2: Finish processing RPC: REQUEST_PING
[2025-09-04T10:23:19.424] debug2: Finish processing RPC: REQUEST_PING
[2025-09-04T10:26:39.160] debug2: Start processing RPC: REQUEST_PING
[2025-09-04T10:26:39.160] debug2: Start processing RPC: REQUEST_PING
[2025-09-04T10:26:39.160] debug2: Processing RPC: REQUEST_PING
[2025-09-04T10:26:39.160] debug2: Processing RPC: REQUEST_PING
[2025-09-04T10:26:39.161] debug2: Finish processing RPC: REQUEST_PING
[2025-09-04T10:26:39.161] debug2: Finish processing RPC: REQUEST_PING
[2025-09-04T10:29:59.746] debug2: Start processing RPC: REQUEST_PING
[2025-09-04T10:29:59.746] debug2: Processing RPC: REQUEST_PING
[2025-09-04T10:29:59.746] debug2: Start processing RPC: REQUEST_PING
[2025-09-04T10:29:59.746] debug2: Processing RPC: REQUEST_PING
[2025-09-04T10:29:59.747] debug2: Finish processing RPC: REQUEST_PING
[2025-09-04T10:29:59.747] debug2: Finish processing RPC: REQUEST_PING
[2025-09-04T10:33:20.006] debug2: Start processing RPC: REQUEST_PING
[2025-09-04T10:33:20.006] debug2: Processing RPC: REQUEST_PING
[2025-09-04T10:33:20.006] debug2: Start processing RPC: REQUEST_PING
[2025-09-04T10:33:20.006] debug2: Processing RPC: REQUEST_PING
[2025-09-04T10:33:20.006] debug2: Finish processing RPC: REQUEST_PING
[2025-09-04T10:33:20.006] debug2: Finish processing RPC: REQUEST_PING
[2025-09-04T10:36:40.639] debug2: Start processing RPC: REQUEST_NODE_REGISTRATION_STATUS
[2025-09-04T10:36:40.639] debug2: Processing RPC: REQUEST_NODE_REGISTRATION_STATUS
[2025-09-04T10:36:40.639] debug2: Start processing RPC: REQUEST_NODE_REGISTRATION_STATUS
[2025-09-04T10:36:40.639] debug2: Processing RPC: REQUEST_NODE_REGISTRATION_STATUS
[2025-09-04T10:36:40.641] debug:  _handle_node_reg_resp: slurmctld sent back 8 TRES.
[2025-09-04T10:36:40.641] debug:  _handle_node_reg_resp: slurmctld sent back 8 TRES.
[2025-09-04T10:36:40.641] debug2: Finish processing RPC: REQUEST_NODE_REGISTRATION_STATUS
[2025-09-04T10:36:40.641] debug2: Finish processing RPC: REQUEST_NODE_REGISTRATION_STATUS
[2025-09-04T10:40:00.976] debug2: Start processing RPC: REQUEST_PING
[2025-09-04T10:40:00.976] debug2: Start processing RPC: REQUEST_PING
[2025-09-04T10:40:00.976] debug2: Processing RPC: REQUEST_PING
[2025-09-04T10:40:00.976] debug2: Processing RPC: REQUEST_PING
[2025-09-04T10:40:00.977] debug2: Finish processing RPC: REQUEST_PING
[2025-09-04T10:40:00.977] debug2: Finish processing RPC: REQUEST_PING
[2025-09-04T10:43:20.767] debug2: Start processing RPC: REQUEST_PING
[2025-09-04T10:43:20.767] debug2: Start processing RPC: REQUEST_PING
[2025-09-04T10:43:20.767] debug2: Processing RPC: REQUEST_PING
[2025-09-04T10:43:20.767] debug2: Processing RPC: REQUEST_PING
[2025-09-04T10:43:20.767] debug2: Finish processing RPC: REQUEST_PING
[2025-09-04T10:43:20.767] debug2: Finish processing RPC: REQUEST_PING
[2025-09-04T10:46:40.119] debug2: Start processing RPC: REQUEST_PING
[2025-09-04T10:46:40.119] debug2: Start processing RPC: REQUEST_PING
[2025-09-04T10:46:40.119] debug2: Processing RPC: REQUEST_PING
[2025-09-04T10:46:40.119] debug2: Processing RPC: REQUEST_PING
[2025-09-04T10:46:40.119] debug2: Finish processing RPC: REQUEST_PING
[2025-09-04T10:46:40.119] debug2: Finish processing RPC: REQUEST_PING
[2025-09-04T10:50:00.895] debug2: Start processing RPC: REQUEST_PING
[2025-09-04T10:50:00.895] debug2: Start processing RPC: REQUEST_PING
[2025-09-04T10:50:00.895] debug2: Processing RPC: REQUEST_PING
[2025-09-04T10:50:00.895] debug2: Processing RPC: REQUEST_PING
[2025-09-04T10:50:00.895] debug2: Finish processing RPC: REQUEST_PING
[2025-09-04T10:50:00.895] debug2: Finish processing RPC: REQUEST_PING
[2025-09-04T10:51:41.017] debug2: Start processing RPC: REQUEST_PING
[2025-09-04T10:51:41.017] debug2: Start processing RPC: REQUEST_PING
[2025-09-04T10:51:41.017] debug2: Processing RPC: REQUEST_PING
[2025-09-04T10:51:41.017] debug2: Processing RPC: REQUEST_PING
[2025-09-04T10:51:41.017] debug2: Finish processing RPC: REQUEST_PING
[2025-09-04T10:51:41.017] debug2: Finish processing RPC: REQUEST_PING
[2025-09-04T10:55:01.398] debug2: Start processing RPC: REQUEST_PING
[2025-09-04T10:55:01.398] debug2: Start processing RPC: REQUEST_PING
[2025-09-04T10:55:01.398] debug2: Processing RPC: REQUEST_PING
[2025-09-04T10:55:01.398] debug2: Processing RPC: REQUEST_PING
[2025-09-04T10:55:01.398] debug2: Finish processing RPC: REQUEST_PING
[2025-09-04T10:55:01.398] debug2: Finish processing RPC: REQUEST_PING
[2025-09-04T10:58:21.398] debug2: Start processing RPC: REQUEST_PING
[2025-09-04T10:58:21.398] debug2: Start processing RPC: REQUEST_PING
[2025-09-04T10:58:21.398] debug2: Processing RPC: REQUEST_PING
[2025-09-04T10:58:21.398] debug2: Processing RPC: REQUEST_PING
[2025-09-04T10:58:21.398] debug2: Finish processing RPC: REQUEST_PING
[2025-09-04T10:58:21.398] debug2: Finish processing RPC: REQUEST_PING
[2025-09-04T11:01:41.084] debug2: Start processing RPC: REQUEST_PING
[2025-09-04T11:01:41.084] debug2: Start processing RPC: REQUEST_PING
[2025-09-04T11:01:41.084] debug2: Processing RPC: REQUEST_PING
[2025-09-04T11:01:41.084] debug2: Processing RPC: REQUEST_PING
[2025-09-04T11:01:41.085] debug2: Finish processing RPC: REQUEST_PING
[2025-09-04T11:01:41.085] debug2: Finish processing RPC: REQUEST_PING
[2025-09-04T11:05:01.638] debug2: Start processing RPC: REQUEST_PING
[2025-09-04T11:05:01.638] debug2: Start processing RPC: REQUEST_PING
[2025-09-04T11:05:01.638] debug2: Processing RPC: REQUEST_PING
[2025-09-04T11:05:01.638] debug2: Processing RPC: REQUEST_PING
[2025-09-04T11:05:01.638] debug2: Finish processing RPC: REQUEST_PING
[2025-09-04T11:05:01.638] debug2: Finish processing RPC: REQUEST_PING
[2025-09-04T11:08:21.697] debug2: Start processing RPC: REQUEST_PING
[2025-09-04T11:08:21.697] debug2: Start processing RPC: REQUEST_PING
[2025-09-04T11:08:21.697] debug2: Processing RPC: REQUEST_PING
[2025-09-04T11:08:21.697] debug2: Processing RPC: REQUEST_PING
[2025-09-04T11:08:21.697] debug2: Finish processing RPC: REQUEST_PING
[2025-09-04T11:08:21.697] debug2: Finish processing RPC: REQUEST_PING
[2025-09-04T11:10:01.140] debug2: Start processing RPC: REQUEST_NODE_REGISTRATION_STATUS
[2025-09-04T11:10:01.140] debug2: Processing RPC: REQUEST_NODE_REGISTRATION_STATUS
[2025-09-04T11:10:01.141] debug2: Start processing RPC: REQUEST_NODE_REGISTRATION_STATUS
[2025-09-04T11:10:01.141] debug2: Processing RPC: REQUEST_NODE_REGISTRATION_STATUS
[2025-09-04T11:10:01.142] debug:  _handle_node_reg_resp: slurmctld sent back 8 TRES.
[2025-09-04T11:10:01.142] debug:  _handle_node_reg_resp: slurmctld sent back 8 TRES.
[2025-09-04T11:10:01.142] debug2: Finish processing RPC: REQUEST_NODE_REGISTRATION_STATUS
[2025-09-04T11:10:01.143] debug2: Finish processing RPC: REQUEST_NODE_REGISTRATION_STATUS
[2025-09-04T11:13:21.620] debug2: Start processing RPC: REQUEST_PING
[2025-09-04T11:13:21.620] debug2: Processing RPC: REQUEST_PING
[2025-09-04T11:13:21.620] debug2: Start processing RPC: REQUEST_PING
[2025-09-04T11:13:21.620] debug2: Processing RPC: REQUEST_PING
[2025-09-04T11:13:21.620] debug2: Finish processing RPC: REQUEST_PING
[2025-09-04T11:13:21.620] debug2: Finish processing RPC: REQUEST_PING
[2025-09-04T11:16:41.020] debug2: Start processing RPC: REQUEST_PING
[2025-09-04T11:16:41.020] debug2: Processing RPC: REQUEST_PING
[2025-09-04T11:16:41.020] debug2: Start processing RPC: REQUEST_PING
[2025-09-04T11:16:41.020] debug2: Processing RPC: REQUEST_PING
[2025-09-04T11:16:41.021] debug2: Finish processing RPC: REQUEST_PING
[2025-09-04T11:16:41.021] debug2: Finish processing RPC: REQUEST_PING
[2025-09-04T11:20:01.642] debug2: Start processing RPC: REQUEST_PING
[2025-09-04T11:20:01.642] debug2: Start processing RPC: REQUEST_PING
[2025-09-04T11:20:01.642] debug2: Processing RPC: REQUEST_PING
[2025-09-04T11:20:01.642] debug2: Processing RPC: REQUEST_PING
[2025-09-04T11:20:01.642] debug2: Finish processing RPC: REQUEST_PING
[2025-09-04T11:20:01.642] debug2: Finish processing RPC: REQUEST_PING
[2025-09-04T11:23:21.269] debug2: Start processing RPC: REQUEST_PING
[2025-09-04T11:23:21.269] debug2: Processing RPC: REQUEST_PING
[2025-09-04T11:23:21.269] debug2: Start processing RPC: REQUEST_PING
[2025-09-04T11:23:21.269] debug2: Processing RPC: REQUEST_PING
[2025-09-04T11:23:21.269] debug2: Finish processing RPC: REQUEST_PING
[2025-09-04T11:23:21.269] debug2: Finish processing RPC: REQUEST_PING
[2025-09-04T11:26:41.939] debug2: Start processing RPC: REQUEST_PING
[2025-09-04T11:26:41.939] debug2: Processing RPC: REQUEST_PING
[2025-09-04T11:26:41.939] debug2: Start processing RPC: REQUEST_PING
[2025-09-04T11:26:41.939] debug2: Processing RPC: REQUEST_PING
[2025-09-04T11:26:41.939] debug2: Finish processing RPC: REQUEST_PING
[2025-09-04T11:26:41.939] debug2: Finish processing RPC: REQUEST_PING
[2025-09-04T11:30:01.577] debug2: Start processing RPC: REQUEST_PING
[2025-09-04T11:30:01.577] debug2: Start processing RPC: REQUEST_PING
[2025-09-04T11:30:01.577] debug2: Processing RPC: REQUEST_PING
[2025-09-04T11:30:01.577] debug2: Processing RPC: REQUEST_PING
[2025-09-04T11:30:01.577] debug2: Finish processing RPC: REQUEST_PING
[2025-09-04T11:30:01.577] debug2: Finish processing RPC: REQUEST_PING
[2025-09-04T11:33:21.178] debug2: Start processing RPC: REQUEST_PING
[2025-09-04T11:33:21.178] debug2: Start processing RPC: REQUEST_PING
[2025-09-04T11:33:21.178] debug2: Processing RPC: REQUEST_PING
[2025-09-04T11:33:21.178] debug2: Processing RPC: REQUEST_PING
[2025-09-04T11:33:21.178] debug2: Finish processing RPC: REQUEST_PING
[2025-09-04T11:33:21.178] debug2: Finish processing RPC: REQUEST_PING
[2025-09-04T11:36:41.841] debug2: Start processing RPC: REQUEST_PING
[2025-09-04T11:36:41.841] debug2: Processing RPC: REQUEST_PING
[2025-09-04T11:36:41.841] debug2: Start processing RPC: REQUEST_PING
[2025-09-04T11:36:41.841] debug2: Processing RPC: REQUEST_PING
[2025-09-04T11:36:41.841] debug2: Finish processing RPC: REQUEST_PING
[2025-09-04T11:36:41.841] debug2: Finish processing RPC: REQUEST_PING
[2025-09-04T11:40:01.518] debug2: Start processing RPC: REQUEST_PING
[2025-09-04T11:40:01.518] debug2: Start processing RPC: REQUEST_PING
[2025-09-04T11:40:01.518] debug2: Processing RPC: REQUEST_PING
[2025-09-04T11:40:01.518] debug2: Processing RPC: REQUEST_PING
[2025-09-04T11:40:01.519] debug2: Finish processing RPC: REQUEST_PING
[2025-09-04T11:40:01.519] debug2: Finish processing RPC: REQUEST_PING
[2025-09-04T11:43:21.143] debug2: Start processing RPC: REQUEST_NODE_REGISTRATION_STATUS
[2025-09-04T11:43:21.143] debug2: Start processing RPC: REQUEST_NODE_REGISTRATION_STATUS
[2025-09-04T11:43:21.143] debug2: Processing RPC: REQUEST_NODE_REGISTRATION_STATUS
[2025-09-04T11:43:21.143] debug2: Processing RPC: REQUEST_NODE_REGISTRATION_STATUS
[2025-09-04T11:43:21.145] debug:  _handle_node_reg_resp: slurmctld sent back 8 TRES.
[2025-09-04T11:43:21.145] debug:  _handle_node_reg_resp: slurmctld sent back 8 TRES.
[2025-09-04T11:43:21.145] debug2: Finish processing RPC: REQUEST_NODE_REGISTRATION_STATUS
[2025-09-04T11:43:21.146] debug2: Finish processing RPC: REQUEST_NODE_REGISTRATION_STATUS
[2025-09-04T11:46:41.815] debug2: Start processing RPC: REQUEST_PING
[2025-09-04T11:46:41.815] debug2: Start processing RPC: REQUEST_PING
[2025-09-04T11:46:41.815] debug2: Processing RPC: REQUEST_PING
[2025-09-04T11:46:41.815] debug2: Processing RPC: REQUEST_PING
[2025-09-04T11:46:41.815] debug2: Finish processing RPC: REQUEST_PING
[2025-09-04T11:46:41.815] debug2: Finish processing RPC: REQUEST_PING
[2025-09-04T11:50:01.455] debug2: Start processing RPC: REQUEST_PING
[2025-09-04T11:50:01.455] debug2: Start processing RPC: REQUEST_PING
[2025-09-04T11:50:01.455] debug2: Processing RPC: REQUEST_PING
[2025-09-04T11:50:01.455] debug2: Processing RPC: REQUEST_PING
[2025-09-04T11:50:01.455] debug2: Finish processing RPC: REQUEST_PING
[2025-09-04T11:50:01.455] debug2: Finish processing RPC: REQUEST_PING
[2025-09-04T11:53:21.082] debug2: Start processing RPC: REQUEST_PING
[2025-09-04T11:53:21.082] debug2: Start processing RPC: REQUEST_PING
[2025-09-04T11:53:21.082] debug2: Processing RPC: REQUEST_PING
[2025-09-04T11:53:21.082] debug2: Processing RPC: REQUEST_PING
[2025-09-04T11:53:21.083] debug2: Finish processing RPC: REQUEST_PING
[2025-09-04T11:53:21.083] debug2: Finish processing RPC: REQUEST_PING
[2025-09-04T11:56:41.746] debug2: Start processing RPC: REQUEST_PING
[2025-09-04T11:56:41.746] debug2: Processing RPC: REQUEST_PING
[2025-09-04T11:56:41.746] debug2: Start processing RPC: REQUEST_PING
[2025-09-04T11:56:41.746] debug2: Processing RPC: REQUEST_PING
[2025-09-04T11:56:41.746] debug2: Finish processing RPC: REQUEST_PING
[2025-09-04T11:56:41.746] debug2: Finish processing RPC: REQUEST_PING
[2025-09-04T12:00:01.418] debug2: Start processing RPC: REQUEST_PING
[2025-09-04T12:00:01.419] debug2: Processing RPC: REQUEST_PING
[2025-09-04T12:00:01.419] debug2: Start processing RPC: REQUEST_PING
[2025-09-04T12:00:01.419] debug2: Processing RPC: REQUEST_PING
[2025-09-04T12:00:01.419] debug2: Finish processing RPC: REQUEST_PING
[2025-09-04T12:00:01.419] debug2: Finish processing RPC: REQUEST_PING
[2025-09-04T12:03:21.034] debug2: Start processing RPC: REQUEST_PING
[2025-09-04T12:03:21.034] debug2: Start processing RPC: REQUEST_PING
[2025-09-04T12:03:21.034] debug2: Processing RPC: REQUEST_PING
[2025-09-04T12:03:21.034] debug2: Processing RPC: REQUEST_PING
[2025-09-04T12:03:21.034] debug2: Finish processing RPC: REQUEST_PING
[2025-09-04T12:03:21.034] debug2: Finish processing RPC: REQUEST_PING
[2025-09-04T12:06:41.702] debug2: Start processing RPC: REQUEST_PING
[2025-09-04T12:06:41.702] debug2: Processing RPC: REQUEST_PING
[2025-09-04T12:06:41.702] debug2: Start processing RPC: REQUEST_PING
[2025-09-04T12:06:41.702] debug2: Processing RPC: REQUEST_PING
[2025-09-04T12:06:41.703] debug2: Finish processing RPC: REQUEST_PING
[2025-09-04T12:06:41.703] debug2: Finish processing RPC: REQUEST_PING
[2025-09-04T12:10:01.367] debug2: Start processing RPC: REQUEST_PING
[2025-09-04T12:10:01.367] debug2: Processing RPC: REQUEST_PING
[2025-09-04T12:10:01.367] debug2: Start processing RPC: REQUEST_PING
[2025-09-04T12:10:01.367] debug2: Processing RPC: REQUEST_PING
[2025-09-04T12:10:01.367] debug2: Finish processing RPC: REQUEST_PING
[2025-09-04T12:10:01.367] debug2: Finish processing RPC: REQUEST_PING
[2025-09-04T12:13:21.969] debug2: Start processing RPC: REQUEST_PING
[2025-09-04T12:13:21.969] debug2: Processing RPC: REQUEST_PING
[2025-09-04T12:13:21.969] debug2: Start processing RPC: REQUEST_PING
[2025-09-04T12:13:21.969] debug2: Processing RPC: REQUEST_PING
[2025-09-04T12:13:21.970] debug2: Finish processing RPC: REQUEST_PING
[2025-09-04T12:13:21.970] debug2: Finish processing RPC: REQUEST_PING
[2025-09-04T12:16:41.644] debug2: Start processing RPC: REQUEST_NODE_REGISTRATION_STATUS
[2025-09-04T12:16:41.644] debug2: Processing RPC: REQUEST_NODE_REGISTRATION_STATUS
[2025-09-04T12:16:41.644] debug2: Start processing RPC: REQUEST_NODE_REGISTRATION_STATUS
[2025-09-04T12:16:41.644] debug2: Processing RPC: REQUEST_NODE_REGISTRATION_STATUS
[2025-09-04T12:16:41.646] debug:  _handle_node_reg_resp: slurmctld sent back 8 TRES.
[2025-09-04T12:16:41.646] debug:  _handle_node_reg_resp: slurmctld sent back 8 TRES.
[2025-09-04T12:16:41.646] debug2: Finish processing RPC: REQUEST_NODE_REGISTRATION_STATUS
[2025-09-04T12:16:41.646] debug2: Finish processing RPC: REQUEST_NODE_REGISTRATION_STATUS
[2025-09-04T12:20:01.289] debug2: Start processing RPC: REQUEST_PING
[2025-09-04T12:20:01.289] debug2: Start processing RPC: REQUEST_PING
[2025-09-04T12:20:01.289] debug2: Processing RPC: REQUEST_PING
[2025-09-04T12:20:01.289] debug2: Processing RPC: REQUEST_PING
[2025-09-04T12:20:01.289] debug2: Finish processing RPC: REQUEST_PING
[2025-09-04T12:20:01.289] debug2: Finish processing RPC: REQUEST_PING
[2025-09-04T12:23:21.903] debug2: Start processing RPC: REQUEST_PING
[2025-09-04T12:23:21.903] debug2: Start processing RPC: REQUEST_PING
[2025-09-04T12:23:21.903] debug2: Processing RPC: REQUEST_PING
[2025-09-04T12:23:21.903] debug2: Processing RPC: REQUEST_PING
[2025-09-04T12:23:21.903] debug2: Finish processing RPC: REQUEST_PING
[2025-09-04T12:23:21.903] debug2: Finish processing RPC: REQUEST_PING
[2025-09-04T12:26:41.572] debug2: Start processing RPC: REQUEST_PING
[2025-09-04T12:26:41.572] debug2: Processing RPC: REQUEST_PING
[2025-09-04T12:26:41.572] debug2: Start processing RPC: REQUEST_PING
[2025-09-04T12:26:41.572] debug2: Processing RPC: REQUEST_PING
[2025-09-04T12:26:41.573] debug2: Finish processing RPC: REQUEST_PING
[2025-09-04T12:26:41.573] debug2: Finish processing RPC: REQUEST_PING
[2025-09-04T12:30:01.249] debug2: Start processing RPC: REQUEST_PING
[2025-09-04T12:30:01.249] debug2: Start processing RPC: REQUEST_PING
[2025-09-04T12:30:01.249] debug2: Processing RPC: REQUEST_PING
[2025-09-04T12:30:01.249] debug2: Processing RPC: REQUEST_PING
[2025-09-04T12:30:01.250] debug2: Finish processing RPC: REQUEST_PING
[2025-09-04T12:30:01.250] debug2: Finish processing RPC: REQUEST_PING
[2025-09-04T12:33:21.870] debug2: Start processing RPC: REQUEST_PING
[2025-09-04T12:33:21.870] debug2: Start processing RPC: REQUEST_PING
[2025-09-04T12:33:21.870] debug2: Processing RPC: REQUEST_PING
[2025-09-04T12:33:21.870] debug2: Processing RPC: REQUEST_PING
[2025-09-04T12:33:21.870] debug2: Finish processing RPC: REQUEST_PING
[2025-09-04T12:33:21.870] debug2: Finish processing RPC: REQUEST_PING
[2025-09-04T12:36:41.509] debug2: Start processing RPC: REQUEST_PING
[2025-09-04T12:36:41.509] debug2: Processing RPC: REQUEST_PING
[2025-09-04T12:36:41.509] debug2: Start processing RPC: REQUEST_PING
[2025-09-04T12:36:41.509] debug2: Processing RPC: REQUEST_PING
[2025-09-04T12:36:41.509] debug2: Finish processing RPC: REQUEST_PING
[2025-09-04T12:36:41.509] debug2: Finish processing RPC: REQUEST_PING
[2025-09-04T12:40:01.164] debug2: Start processing RPC: REQUEST_PING
[2025-09-04T12:40:01.164] debug2: Start processing RPC: REQUEST_PING
[2025-09-04T12:40:01.164] debug2: Processing RPC: REQUEST_PING
[2025-09-04T12:40:01.164] debug2: Processing RPC: REQUEST_PING
[2025-09-04T12:40:01.164] debug2: Finish processing RPC: REQUEST_PING
[2025-09-04T12:40:01.164] debug2: Finish processing RPC: REQUEST_PING
[2025-09-04T12:43:21.767] debug2: Start processing RPC: REQUEST_PING
[2025-09-04T12:43:21.767] debug2: Start processing RPC: REQUEST_PING
[2025-09-04T12:43:21.767] debug2: Processing RPC: REQUEST_PING
[2025-09-04T12:43:21.767] debug2: Processing RPC: REQUEST_PING
[2025-09-04T12:43:21.767] debug2: Finish processing RPC: REQUEST_PING
[2025-09-04T12:43:21.767] debug2: Finish processing RPC: REQUEST_PING
[2025-09-04T12:46:41.443] debug2: Start processing RPC: REQUEST_PING
[2025-09-04T12:46:41.443] debug2: Processing RPC: REQUEST_PING
[2025-09-04T12:46:41.443] debug2: Start processing RPC: REQUEST_PING
[2025-09-04T12:46:41.443] debug2: Processing RPC: REQUEST_PING
[2025-09-04T12:46:41.444] debug2: Finish processing RPC: REQUEST_PING
[2025-09-04T12:46:41.444] debug2: Finish processing RPC: REQUEST_PING
[2025-09-04T12:50:01.109] debug2: Start processing RPC: REQUEST_NODE_REGISTRATION_STATUS
[2025-09-04T12:50:01.109] debug2: Start processing RPC: REQUEST_NODE_REGISTRATION_STATUS
[2025-09-04T12:50:01.109] debug2: Processing RPC: REQUEST_NODE_REGISTRATION_STATUS
[2025-09-04T12:50:01.109] debug2: Processing RPC: REQUEST_NODE_REGISTRATION_STATUS
[2025-09-04T12:50:01.110] debug:  _handle_node_reg_resp: slurmctld sent back 8 TRES.
[2025-09-04T12:50:01.111] debug:  _handle_node_reg_resp: slurmctld sent back 8 TRES.
[2025-09-04T12:50:01.111] debug2: Finish processing RPC: REQUEST_NODE_REGISTRATION_STATUS
[2025-09-04T12:50:01.111] debug2: Finish processing RPC: REQUEST_NODE_REGISTRATION_STATUS
[2025-09-04T12:53:21.714] debug2: Start processing RPC: REQUEST_PING
[2025-09-04T12:53:21.714] debug2: Processing RPC: REQUEST_PING
[2025-09-04T12:53:21.714] debug2: Start processing RPC: REQUEST_PING
[2025-09-04T12:53:21.714] debug2: Processing RPC: REQUEST_PING
[2025-09-04T12:53:21.714] debug2: Finish processing RPC: REQUEST_PING
[2025-09-04T12:53:21.714] debug2: Finish processing RPC: REQUEST_PING
[2025-09-04T12:56:41.372] debug2: Start processing RPC: REQUEST_PING
[2025-09-04T12:56:41.372] debug2: Processing RPC: REQUEST_PING
[2025-09-04T12:56:41.372] debug2: Start processing RPC: REQUEST_PING
[2025-09-04T12:56:41.372] debug2: Processing RPC: REQUEST_PING
[2025-09-04T12:56:41.373] debug2: Finish processing RPC: REQUEST_PING
[2025-09-04T12:56:41.373] debug2: Finish processing RPC: REQUEST_PING
[2025-09-04T13:00:01.019] debug2: Start processing RPC: REQUEST_PING
[2025-09-04T13:00:01.019] debug2: Start processing RPC: REQUEST_PING
[2025-09-04T13:00:01.019] debug2: Processing RPC: REQUEST_PING
[2025-09-04T13:00:01.019] debug2: Processing RPC: REQUEST_PING
[2025-09-04T13:00:01.019] debug2: Finish processing RPC: REQUEST_PING
[2025-09-04T13:00:01.019] debug2: Finish processing RPC: REQUEST_PING
[2025-09-04T13:03:21.611] debug2: Start processing RPC: REQUEST_PING
[2025-09-04T13:03:21.611] debug2: Start processing RPC: REQUEST_PING
[2025-09-04T13:03:21.611] debug2: Processing RPC: REQUEST_PING
[2025-09-04T13:03:21.611] debug2: Processing RPC: REQUEST_PING
[2025-09-04T13:03:21.611] debug2: Finish processing RPC: REQUEST_PING
[2025-09-04T13:03:21.611] debug2: Finish processing RPC: REQUEST_PING
[2025-09-04T13:06:41.264] debug2: Start processing RPC: REQUEST_PING
[2025-09-04T13:06:41.264] debug2: Processing RPC: REQUEST_PING
[2025-09-04T13:06:41.264] debug2: Start processing RPC: REQUEST_PING
[2025-09-04T13:06:41.264] debug2: Processing RPC: REQUEST_PING
[2025-09-04T13:06:41.264] debug2: Finish processing RPC: REQUEST_PING
[2025-09-04T13:06:41.264] debug2: Finish processing RPC: REQUEST_PING
[2025-09-04T13:10:01.916] debug2: Start processing RPC: REQUEST_PING
[2025-09-04T13:10:01.916] debug2: Start processing RPC: REQUEST_PING
[2025-09-04T13:10:01.916] debug2: Processing RPC: REQUEST_PING
[2025-09-04T13:10:01.916] debug2: Processing RPC: REQUEST_PING
[2025-09-04T13:10:01.916] debug2: Finish processing RPC: REQUEST_PING
[2025-09-04T13:10:01.916] debug2: Finish processing RPC: REQUEST_PING
[2025-09-04T13:13:21.539] debug2: Start processing RPC: REQUEST_PING
[2025-09-04T13:13:21.539] debug2: Start processing RPC: REQUEST_PING
[2025-09-04T13:13:21.539] debug2: Processing RPC: REQUEST_PING
[2025-09-04T13:13:21.539] debug2: Processing RPC: REQUEST_PING
[2025-09-04T13:13:21.539] debug2: Finish processing RPC: REQUEST_PING
[2025-09-04T13:13:21.539] debug2: Finish processing RPC: REQUEST_PING
[2025-09-04T13:16:41.179] debug2: Start processing RPC: REQUEST_PING
[2025-09-04T13:16:41.179] debug2: Processing RPC: REQUEST_PING
[2025-09-04T13:16:41.179] debug2: Start processing RPC: REQUEST_PING
[2025-09-04T13:16:41.179] debug2: Processing RPC: REQUEST_PING
[2025-09-04T13:16:41.179] debug2: Finish processing RPC: REQUEST_PING
[2025-09-04T13:16:41.179] debug2: Finish processing RPC: REQUEST_PING
[2025-09-04T13:20:01.834] debug2: Start processing RPC: REQUEST_PING
[2025-09-04T13:20:01.834] debug2: Start processing RPC: REQUEST_PING
[2025-09-04T13:20:01.835] debug2: Processing RPC: REQUEST_PING
[2025-09-04T13:20:01.835] debug2: Processing RPC: REQUEST_PING
[2025-09-04T13:20:01.835] debug2: Finish processing RPC: REQUEST_PING
[2025-09-04T13:20:01.835] debug2: Finish processing RPC: REQUEST_PING
[2025-09-04T13:23:21.441] debug2: Start processing RPC: REQUEST_NODE_REGISTRATION_STATUS
[2025-09-04T13:23:21.441] debug2: Processing RPC: REQUEST_NODE_REGISTRATION_STATUS
[2025-09-04T13:23:21.441] debug2: Start processing RPC: REQUEST_NODE_REGISTRATION_STATUS
[2025-09-04T13:23:21.441] debug2: Processing RPC: REQUEST_NODE_REGISTRATION_STATUS
[2025-09-04T13:23:21.443] debug:  _handle_node_reg_resp: slurmctld sent back 8 TRES.
[2025-09-04T13:23:21.443] debug2: Finish processing RPC: REQUEST_NODE_REGISTRATION_STATUS
[2025-09-04T13:23:21.443] debug:  _handle_node_reg_resp: slurmctld sent back 8 TRES.
[2025-09-04T13:23:21.443] debug2: Finish processing RPC: REQUEST_NODE_REGISTRATION_STATUS
[2025-09-04T13:26:41.112] debug2: Start processing RPC: REQUEST_PING
[2025-09-04T13:26:41.112] debug2: Processing RPC: REQUEST_PING
[2025-09-04T13:26:41.112] debug2: Start processing RPC: REQUEST_PING
[2025-09-04T13:26:41.112] debug2: Processing RPC: REQUEST_PING
[2025-09-04T13:26:41.113] debug2: Finish processing RPC: REQUEST_PING
[2025-09-04T13:26:41.113] debug2: Finish processing RPC: REQUEST_PING
[2025-09-04T13:30:01.808] debug2: Start processing RPC: REQUEST_PING
[2025-09-04T13:30:01.808] debug2: Processing RPC: REQUEST_PING
[2025-09-04T13:30:01.808] debug2: Start processing RPC: REQUEST_PING
[2025-09-04T13:30:01.808] debug2: Processing RPC: REQUEST_PING
[2025-09-04T13:30:01.808] debug2: Finish processing RPC: REQUEST_PING
[2025-09-04T13:30:01.808] debug2: Finish processing RPC: REQUEST_PING
[2025-09-04T13:33:21.405] debug2: Start processing RPC: REQUEST_PING
[2025-09-04T13:33:21.405] debug2: Start processing RPC: REQUEST_PING
[2025-09-04T13:33:21.405] debug2: Processing RPC: REQUEST_PING
[2025-09-04T13:33:21.405] debug2: Processing RPC: REQUEST_PING
[2025-09-04T13:33:21.406] debug2: Finish processing RPC: REQUEST_PING
[2025-09-04T13:33:21.406] debug2: Finish processing RPC: REQUEST_PING
[2025-09-04T13:36:41.059] debug2: Start processing RPC: REQUEST_PING
[2025-09-04T13:36:41.059] debug2: Processing RPC: REQUEST_PING
[2025-09-04T13:36:41.059] debug2: Start processing RPC: REQUEST_PING
[2025-09-04T13:36:41.059] debug2: Processing RPC: REQUEST_PING
[2025-09-04T13:36:41.060] debug2: Finish processing RPC: REQUEST_PING
[2025-09-04T13:36:41.060] debug2: Finish processing RPC: REQUEST_PING
[2025-09-04T13:40:01.730] debug2: Start processing RPC: REQUEST_PING
[2025-09-04T13:40:01.730] debug2: Processing RPC: REQUEST_PING
[2025-09-04T13:40:01.730] debug2: Start processing RPC: REQUEST_PING
[2025-09-04T13:40:01.730] debug2: Processing RPC: REQUEST_PING
[2025-09-04T13:40:01.730] debug2: Finish processing RPC: REQUEST_PING
[2025-09-04T13:40:01.730] debug2: Finish processing RPC: REQUEST_PING
[2025-09-04T13:43:21.357] debug2: Start processing RPC: REQUEST_PING
[2025-09-04T13:43:21.357] debug2: Start processing RPC: REQUEST_PING
[2025-09-04T13:43:21.357] debug2: Processing RPC: REQUEST_PING
[2025-09-04T13:43:21.357] debug2: Processing RPC: REQUEST_PING
[2025-09-04T13:43:21.358] debug2: Finish processing RPC: REQUEST_PING
[2025-09-04T13:43:21.358] debug2: Finish processing RPC: REQUEST_PING
[2025-09-04T13:46:41.012] debug2: Start processing RPC: REQUEST_PING
[2025-09-04T13:46:41.012] debug2: Start processing RPC: REQUEST_PING
[2025-09-04T13:46:41.012] debug2: Processing RPC: REQUEST_PING
[2025-09-04T13:46:41.012] debug2: Processing RPC: REQUEST_PING
[2025-09-04T13:46:41.012] debug2: Finish processing RPC: REQUEST_PING
[2025-09-04T13:46:41.012] debug2: Finish processing RPC: REQUEST_PING
[2025-09-04T13:50:01.671] debug2: Start processing RPC: REQUEST_PING
[2025-09-04T13:50:01.671] debug2: Processing RPC: REQUEST_PING
[2025-09-04T13:50:01.671] debug2: Start processing RPC: REQUEST_PING
[2025-09-04T13:50:01.671] debug2: Processing RPC: REQUEST_PING
[2025-09-04T13:50:01.672] debug2: Finish processing RPC: REQUEST_PING
[2025-09-04T13:50:01.672] debug2: Finish processing RPC: REQUEST_PING
[2025-09-04T13:53:21.289] debug2: Start processing RPC: REQUEST_PING
[2025-09-04T13:53:21.289] debug2: Start processing RPC: REQUEST_PING
[2025-09-04T13:53:21.289] debug2: Processing RPC: REQUEST_PING
[2025-09-04T13:53:21.289] debug2: Processing RPC: REQUEST_PING
[2025-09-04T13:53:21.289] debug2: Finish processing RPC: REQUEST_PING
[2025-09-04T13:53:21.289] debug2: Finish processing RPC: REQUEST_PING
[2025-09-04T13:56:41.952] debug2: Start processing RPC: REQUEST_NODE_REGISTRATION_STATUS
[2025-09-04T13:56:41.952] debug2: Start processing RPC: REQUEST_NODE_REGISTRATION_STATUS
[2025-09-04T13:56:41.952] debug2: Processing RPC: REQUEST_NODE_REGISTRATION_STATUS
[2025-09-04T13:56:41.952] debug2: Processing RPC: REQUEST_NODE_REGISTRATION_STATUS
[2025-09-04T13:56:41.954] debug:  _handle_node_reg_resp: slurmctld sent back 8 TRES.
[2025-09-04T13:56:41.954] debug2: Finish processing RPC: REQUEST_NODE_REGISTRATION_STATUS
[2025-09-04T13:56:41.954] debug:  _handle_node_reg_resp: slurmctld sent back 8 TRES.
[2025-09-04T13:56:41.954] debug2: Finish processing RPC: REQUEST_NODE_REGISTRATION_STATUS
[2025-09-04T14:00:01.609] debug2: Start processing RPC: REQUEST_PING
[2025-09-04T14:00:01.609] debug2: Start processing RPC: REQUEST_PING
[2025-09-04T14:00:01.609] debug2: Processing RPC: REQUEST_PING
[2025-09-04T14:00:01.609] debug2: Processing RPC: REQUEST_PING
[2025-09-04T14:00:01.609] debug2: Finish processing RPC: REQUEST_PING
[2025-09-04T14:00:01.609] debug2: Finish processing RPC: REQUEST_PING
[2025-09-04T14:03:21.228] debug2: Start processing RPC: REQUEST_PING
[2025-09-04T14:03:21.228] debug2: Start processing RPC: REQUEST_PING
[2025-09-04T14:03:21.228] debug2: Processing RPC: REQUEST_PING
[2025-09-04T14:03:21.228] debug2: Processing RPC: REQUEST_PING
[2025-09-04T14:03:21.229] debug2: Finish processing RPC: REQUEST_PING
[2025-09-04T14:03:21.229] debug2: Finish processing RPC: REQUEST_PING
[2025-09-04T14:06:41.901] debug2: Start processing RPC: REQUEST_PING
[2025-09-04T14:06:41.901] debug2: Start processing RPC: REQUEST_PING
[2025-09-04T14:06:41.901] debug2: Processing RPC: REQUEST_PING
[2025-09-04T14:06:41.901] debug2: Processing RPC: REQUEST_PING
[2025-09-04T14:06:41.902] debug2: Finish processing RPC: REQUEST_PING
[2025-09-04T14:06:41.902] debug2: Finish processing RPC: REQUEST_PING
[2025-09-04T14:10:01.524] debug2: Start processing RPC: REQUEST_PING
[2025-09-04T14:10:01.524] debug2: Start processing RPC: REQUEST_PING
[2025-09-04T14:10:01.524] debug2: Processing RPC: REQUEST_PING
[2025-09-04T14:10:01.524] debug2: Processing RPC: REQUEST_PING
[2025-09-04T14:10:01.525] debug2: Finish processing RPC: REQUEST_PING
[2025-09-04T14:10:01.525] debug2: Finish processing RPC: REQUEST_PING
[2025-09-04T14:13:21.157] debug2: Start processing RPC: REQUEST_PING
[2025-09-04T14:13:21.157] debug2: Start processing RPC: REQUEST_PING
[2025-09-04T14:13:21.157] debug2: Processing RPC: REQUEST_PING
[2025-09-04T14:13:21.157] debug2: Processing RPC: REQUEST_PING
[2025-09-04T14:13:21.158] debug2: Finish processing RPC: REQUEST_PING
[2025-09-04T14:13:21.158] debug2: Finish processing RPC: REQUEST_PING
[2025-09-04T14:16:41.841] debug2: Start processing RPC: REQUEST_PING
[2025-09-04T14:16:41.841] debug2: Processing RPC: REQUEST_PING
[2025-09-04T14:16:41.841] debug2: Start processing RPC: REQUEST_PING
[2025-09-04T14:16:41.841] debug2: Processing RPC: REQUEST_PING
[2025-09-04T14:16:41.842] debug2: Finish processing RPC: REQUEST_PING
[2025-09-04T14:16:41.842] debug2: Finish processing RPC: REQUEST_PING
[2025-09-04T14:20:01.483] debug2: Start processing RPC: REQUEST_PING
[2025-09-04T14:20:01.483] debug2: Start processing RPC: REQUEST_PING
[2025-09-04T14:20:01.483] debug2: Processing RPC: REQUEST_PING
[2025-09-04T14:20:01.483] debug2: Processing RPC: REQUEST_PING
[2025-09-04T14:20:01.483] debug2: Finish processing RPC: REQUEST_PING
[2025-09-04T14:20:01.483] debug2: Finish processing RPC: REQUEST_PING
[2025-09-04T14:23:21.104] debug2: Start processing RPC: REQUEST_PING
[2025-09-04T14:23:21.104] debug2: Processing RPC: REQUEST_PING
[2025-09-04T14:23:21.104] debug2: Start processing RPC: REQUEST_PING
[2025-09-04T14:23:21.104] debug2: Processing RPC: REQUEST_PING
[2025-09-04T14:23:21.104] debug2: Finish processing RPC: REQUEST_PING
[2025-09-04T14:23:21.104] debug2: Finish processing RPC: REQUEST_PING
[2025-09-04T14:26:41.783] debug2: Start processing RPC: REQUEST_PING
[2025-09-04T14:26:41.783] debug2: Processing RPC: REQUEST_PING
[2025-09-04T14:26:41.783] debug2: Start processing RPC: REQUEST_PING
[2025-09-04T14:26:41.783] debug2: Processing RPC: REQUEST_PING
[2025-09-04T14:26:41.783] debug2: Finish processing RPC: REQUEST_PING
[2025-09-04T14:26:41.783] debug2: Finish processing RPC: REQUEST_PING
[2025-09-04T14:30:01.429] debug2: Start processing RPC: REQUEST_NODE_REGISTRATION_STATUS
[2025-09-04T14:30:01.429] debug2: Start processing RPC: REQUEST_NODE_REGISTRATION_STATUS
[2025-09-04T14:30:01.429] debug2: Processing RPC: REQUEST_NODE_REGISTRATION_STATUS
[2025-09-04T14:30:01.429] debug2: Processing RPC: REQUEST_NODE_REGISTRATION_STATUS
[2025-09-04T14:30:01.431] debug:  _handle_node_reg_resp: slurmctld sent back 8 TRES.
[2025-09-04T14:30:01.431] debug2: Finish processing RPC: REQUEST_NODE_REGISTRATION_STATUS
[2025-09-04T14:30:01.431] debug:  _handle_node_reg_resp: slurmctld sent back 8 TRES.
[2025-09-04T14:30:01.431] debug2: Finish processing RPC: REQUEST_NODE_REGISTRATION_STATUS
[2025-09-04T14:33:21.049] debug2: Start processing RPC: REQUEST_PING
[2025-09-04T14:33:21.049] debug2: Start processing RPC: REQUEST_PING
[2025-09-04T14:33:21.049] debug2: Processing RPC: REQUEST_PING
[2025-09-04T14:33:21.049] debug2: Processing RPC: REQUEST_PING
[2025-09-04T14:33:21.049] debug2: Finish processing RPC: REQUEST_PING
[2025-09-04T14:33:21.049] debug2: Finish processing RPC: REQUEST_PING
[2025-09-04T14:36:41.731] debug2: Start processing RPC: REQUEST_PING
[2025-09-04T14:36:41.731] debug2: Start processing RPC: REQUEST_PING
[2025-09-04T14:36:41.731] debug2: Processing RPC: REQUEST_PING
[2025-09-04T14:36:41.731] debug2: Processing RPC: REQUEST_PING
[2025-09-04T14:36:41.731] debug2: Finish processing RPC: REQUEST_PING
[2025-09-04T14:36:41.731] debug2: Finish processing RPC: REQUEST_PING
[2025-09-04T14:40:01.366] debug2: Start processing RPC: REQUEST_PING
[2025-09-04T14:40:01.366] debug2: Start processing RPC: REQUEST_PING
[2025-09-04T14:40:01.366] debug2: Processing RPC: REQUEST_PING
[2025-09-04T14:40:01.366] debug2: Processing RPC: REQUEST_PING
[2025-09-04T14:40:01.366] debug2: Finish processing RPC: REQUEST_PING
[2025-09-04T14:40:01.366] debug2: Finish processing RPC: REQUEST_PING
[2025-09-04T14:43:21.994] debug2: Start processing RPC: REQUEST_PING
[2025-09-04T14:43:21.994] debug2: Processing RPC: REQUEST_PING
[2025-09-04T14:43:21.994] debug2: Start processing RPC: REQUEST_PING
[2025-09-04T14:43:21.994] debug2: Processing RPC: REQUEST_PING
[2025-09-04T14:43:21.995] debug2: Finish processing RPC: REQUEST_PING
[2025-09-04T14:43:21.995] debug2: Finish processing RPC: REQUEST_PING
[2025-09-04T14:46:41.651] debug2: Start processing RPC: REQUEST_PING
[2025-09-04T14:46:41.651] debug2: Start processing RPC: REQUEST_PING
[2025-09-04T14:46:41.651] debug2: Processing RPC: REQUEST_PING
[2025-09-04T14:46:41.651] debug2: Processing RPC: REQUEST_PING
[2025-09-04T14:46:41.652] debug2: Finish processing RPC: REQUEST_PING
[2025-09-04T14:46:41.652] debug2: Finish processing RPC: REQUEST_PING
[2025-09-04T14:50:01.302] debug2: Start processing RPC: REQUEST_PING
[2025-09-04T14:50:01.302] debug2: Start processing RPC: REQUEST_PING
[2025-09-04T14:50:01.302] debug2: Processing RPC: REQUEST_PING
[2025-09-04T14:50:01.302] debug2: Processing RPC: REQUEST_PING
[2025-09-04T14:50:01.303] debug2: Finish processing RPC: REQUEST_PING
[2025-09-04T14:50:01.303] debug2: Finish processing RPC: REQUEST_PING
[2025-09-04T14:53:21.908] debug2: Start processing RPC: REQUEST_PING
[2025-09-04T14:53:21.908] debug2: Processing RPC: REQUEST_PING
[2025-09-04T14:53:21.908] debug2: Start processing RPC: REQUEST_PING
[2025-09-04T14:53:21.908] debug2: Processing RPC: REQUEST_PING
[2025-09-04T14:53:21.909] debug2: Finish processing RPC: REQUEST_PING
[2025-09-04T14:53:21.909] debug2: Finish processing RPC: REQUEST_PING
[2025-09-04T14:56:41.566] debug2: Start processing RPC: REQUEST_PING
[2025-09-04T14:56:41.566] debug2: Start processing RPC: REQUEST_PING
[2025-09-04T14:56:41.566] debug2: Processing RPC: REQUEST_PING
[2025-09-04T14:56:41.566] debug2: Processing RPC: REQUEST_PING
[2025-09-04T14:56:41.566] debug2: Finish processing RPC: REQUEST_PING
[2025-09-04T14:56:41.566] debug2: Finish processing RPC: REQUEST_PING
[2025-09-04T15:00:01.225] debug2: Start processing RPC: REQUEST_PING
[2025-09-04T15:00:01.225] debug2: Start processing RPC: REQUEST_PING
[2025-09-04T15:00:01.225] debug2: Processing RPC: REQUEST_PING
[2025-09-04T15:00:01.225] debug2: Processing RPC: REQUEST_PING
[2025-09-04T15:00:01.225] debug2: Finish processing RPC: REQUEST_PING
[2025-09-04T15:00:01.225] debug2: Finish processing RPC: REQUEST_PING
[2025-09-04T15:03:21.833] debug2: Start processing RPC: REQUEST_NODE_REGISTRATION_STATUS
[2025-09-04T15:03:21.833] debug2: Processing RPC: REQUEST_NODE_REGISTRATION_STATUS
[2025-09-04T15:03:21.833] debug2: Start processing RPC: REQUEST_NODE_REGISTRATION_STATUS
[2025-09-04T15:03:21.833] debug2: Processing RPC: REQUEST_NODE_REGISTRATION_STATUS
[2025-09-04T15:03:21.835] debug:  _handle_node_reg_resp: slurmctld sent back 8 TRES.
[2025-09-04T15:03:21.835] debug:  _handle_node_reg_resp: slurmctld sent back 8 TRES.
[2025-09-04T15:03:21.835] debug2: Finish processing RPC: REQUEST_NODE_REGISTRATION_STATUS
[2025-09-04T15:03:21.835] debug2: Finish processing RPC: REQUEST_NODE_REGISTRATION_STATUS
[2025-09-04T15:06:41.503] debug2: Start processing RPC: REQUEST_PING
[2025-09-04T15:06:41.503] debug2: Start processing RPC: REQUEST_PING
[2025-09-04T15:06:41.503] debug2: Processing RPC: REQUEST_PING
[2025-09-04T15:06:41.503] debug2: Processing RPC: REQUEST_PING
[2025-09-04T15:06:41.503] debug2: Finish processing RPC: REQUEST_PING
[2025-09-04T15:06:41.503] debug2: Finish processing RPC: REQUEST_PING
[2025-09-04T15:10:01.178] debug2: Start processing RPC: REQUEST_PING
[2025-09-04T15:10:01.178] debug2: Start processing RPC: REQUEST_PING
[2025-09-04T15:10:01.178] debug2: Processing RPC: REQUEST_PING
[2025-09-04T15:10:01.178] debug2: Processing RPC: REQUEST_PING
[2025-09-04T15:10:01.179] debug2: Finish processing RPC: REQUEST_PING
[2025-09-04T15:10:01.179] debug2: Finish processing RPC: REQUEST_PING
[2025-09-04T15:13:21.797] debug2: Start processing RPC: REQUEST_PING
[2025-09-04T15:13:21.797] debug2: Start processing RPC: REQUEST_PING
[2025-09-04T15:13:21.797] debug2: Processing RPC: REQUEST_PING
[2025-09-04T15:13:21.797] debug2: Processing RPC: REQUEST_PING
[2025-09-04T15:13:21.797] debug2: Finish processing RPC: REQUEST_PING
[2025-09-04T15:13:21.797] debug2: Finish processing RPC: REQUEST_PING
[2025-09-04T15:16:41.457] debug2: Start processing RPC: REQUEST_PING
[2025-09-04T15:16:41.457] debug2: Start processing RPC: REQUEST_PING
[2025-09-04T15:16:41.457] debug2: Processing RPC: REQUEST_PING
[2025-09-04T15:16:41.457] debug2: Processing RPC: REQUEST_PING
[2025-09-04T15:16:41.457] debug2: Finish processing RPC: REQUEST_PING
[2025-09-04T15:16:41.457] debug2: Finish processing RPC: REQUEST_PING
[2025-09-04T15:20:01.113] debug2: Start processing RPC: REQUEST_PING
[2025-09-04T15:20:01.113] debug2: Processing RPC: REQUEST_PING
[2025-09-04T15:20:01.113] debug2: Start processing RPC: REQUEST_PING
[2025-09-04T15:20:01.113] debug2: Processing RPC: REQUEST_PING
[2025-09-04T15:20:01.114] debug2: Finish processing RPC: REQUEST_PING
[2025-09-04T15:20:01.114] debug2: Finish processing RPC: REQUEST_PING
[2025-09-04T15:23:21.756] debug2: Start processing RPC: REQUEST_PING
[2025-09-04T15:23:21.756] debug2: Start processing RPC: REQUEST_PING
[2025-09-04T15:23:21.756] debug2: Processing RPC: REQUEST_PING
[2025-09-04T15:23:21.756] debug2: Processing RPC: REQUEST_PING
[2025-09-04T15:23:21.757] debug2: Finish processing RPC: REQUEST_PING
[2025-09-04T15:23:21.757] debug2: Finish processing RPC: REQUEST_PING
[2025-09-04T15:26:41.435] debug2: Start processing RPC: REQUEST_PING
[2025-09-04T15:26:41.435] debug2: Processing RPC: REQUEST_PING
[2025-09-04T15:26:41.435] debug2: Start processing RPC: REQUEST_PING
[2025-09-04T15:26:41.435] debug2: Processing RPC: REQUEST_PING
[2025-09-04T15:26:41.435] debug2: Finish processing RPC: REQUEST_PING
[2025-09-04T15:26:41.435] debug2: Finish processing RPC: REQUEST_PING
[2025-09-04T15:30:01.109] debug2: Start processing RPC: REQUEST_PING
[2025-09-04T15:30:01.109] debug2: Start processing RPC: REQUEST_PING
[2025-09-04T15:30:01.109] debug2: Processing RPC: REQUEST_PING
[2025-09-04T15:30:01.109] debug2: Processing RPC: REQUEST_PING
[2025-09-04T15:30:01.109] debug2: Finish processing RPC: REQUEST_PING
[2025-09-04T15:30:01.109] debug2: Finish processing RPC: REQUEST_PING
[2025-09-04T15:33:21.745] debug2: Start processing RPC: REQUEST_PING
[2025-09-04T15:33:21.745] debug2: Processing RPC: REQUEST_PING
[2025-09-04T15:33:21.745] debug2: Start processing RPC: REQUEST_PING
[2025-09-04T15:33:21.745] debug2: Processing RPC: REQUEST_PING
[2025-09-04T15:33:21.745] debug2: Finish processing RPC: REQUEST_PING
[2025-09-04T15:33:21.745] debug2: Finish processing RPC: REQUEST_PING
[2025-09-04T15:36:41.420] debug2: Start processing RPC: REQUEST_NODE_REGISTRATION_STATUS
[2025-09-04T15:36:41.421] debug2: Start processing RPC: REQUEST_NODE_REGISTRATION_STATUS
[2025-09-04T15:36:41.421] debug2: Processing RPC: REQUEST_NODE_REGISTRATION_STATUS
[2025-09-04T15:36:41.421] debug2: Processing RPC: REQUEST_NODE_REGISTRATION_STATUS
[2025-09-04T15:36:41.422] debug:  _handle_node_reg_resp: slurmctld sent back 8 TRES.
[2025-09-04T15:36:41.422] debug:  _handle_node_reg_resp: slurmctld sent back 8 TRES.
[2025-09-04T15:36:41.422] debug2: Finish processing RPC: REQUEST_NODE_REGISTRATION_STATUS
[2025-09-04T15:36:41.422] debug2: Finish processing RPC: REQUEST_NODE_REGISTRATION_STATUS
[2025-09-04T15:40:01.096] debug2: Start processing RPC: REQUEST_PING
[2025-09-04T15:40:01.096] debug2: Start processing RPC: REQUEST_PING
[2025-09-04T15:40:01.096] debug2: Processing RPC: REQUEST_PING
[2025-09-04T15:40:01.096] debug2: Processing RPC: REQUEST_PING
[2025-09-04T15:40:01.097] debug2: Finish processing RPC: REQUEST_PING
[2025-09-04T15:40:01.097] debug2: Finish processing RPC: REQUEST_PING
[2025-09-04T15:43:21.735] debug2: Start processing RPC: REQUEST_PING
[2025-09-04T15:43:21.735] debug2: Start processing RPC: REQUEST_PING
[2025-09-04T15:43:21.735] debug2: Processing RPC: REQUEST_PING
[2025-09-04T15:43:21.735] debug2: Processing RPC: REQUEST_PING
[2025-09-04T15:43:21.735] debug2: Finish processing RPC: REQUEST_PING
[2025-09-04T15:43:21.735] debug2: Finish processing RPC: REQUEST_PING
[2025-09-04T15:46:41.394] debug2: Start processing RPC: REQUEST_PING
[2025-09-04T15:46:41.394] debug2: Processing RPC: REQUEST_PING
[2025-09-04T15:46:41.394] debug2: Start processing RPC: REQUEST_PING
[2025-09-04T15:46:41.394] debug2: Processing RPC: REQUEST_PING
[2025-09-04T15:46:41.395] debug2: Finish processing RPC: REQUEST_PING
[2025-09-04T15:46:41.395] debug2: Finish processing RPC: REQUEST_PING
[2025-09-04T15:50:01.033] debug2: Start processing RPC: REQUEST_PING
[2025-09-04T15:50:01.033] debug2: Start processing RPC: REQUEST_PING
[2025-09-04T15:50:01.033] debug2: Processing RPC: REQUEST_PING
[2025-09-04T15:50:01.033] debug2: Processing RPC: REQUEST_PING
[2025-09-04T15:50:01.033] debug2: Finish processing RPC: REQUEST_PING
[2025-09-04T15:50:01.033] debug2: Finish processing RPC: REQUEST_PING
[2025-09-04T15:53:21.658] debug2: Start processing RPC: REQUEST_PING
[2025-09-04T15:53:21.658] debug2: Start processing RPC: REQUEST_PING
[2025-09-04T15:53:21.658] debug2: Processing RPC: REQUEST_PING
[2025-09-04T15:53:21.658] debug2: Processing RPC: REQUEST_PING
[2025-09-04T15:53:21.658] debug2: Finish processing RPC: REQUEST_PING
[2025-09-04T15:53:21.658] debug2: Finish processing RPC: REQUEST_PING
[2025-09-04T15:56:41.312] debug2: Start processing RPC: REQUEST_PING
[2025-09-04T15:56:41.312] debug2: Processing RPC: REQUEST_PING
[2025-09-04T15:56:41.312] debug2: Start processing RPC: REQUEST_PING
[2025-09-04T15:56:41.312] debug2: Processing RPC: REQUEST_PING
[2025-09-04T15:56:41.313] debug2: Finish processing RPC: REQUEST_PING
[2025-09-04T15:56:41.313] debug2: Finish processing RPC: REQUEST_PING
[2025-09-04T16:00:01.963] debug2: Start processing RPC: REQUEST_PING
[2025-09-04T16:00:01.963] debug2: Start processing RPC: REQUEST_PING
[2025-09-04T16:00:01.963] debug2: Processing RPC: REQUEST_PING
[2025-09-04T16:00:01.963] debug2: Processing RPC: REQUEST_PING
[2025-09-04T16:00:01.963] debug2: Finish processing RPC: REQUEST_PING
[2025-09-04T16:00:01.963] debug2: Finish processing RPC: REQUEST_PING
[2025-09-04T16:03:21.547] debug2: Start processing RPC: REQUEST_PING
[2025-09-04T16:03:21.547] debug2: Start processing RPC: REQUEST_PING
[2025-09-04T16:03:21.547] debug2: Processing RPC: REQUEST_PING
[2025-09-04T16:03:21.547] debug2: Processing RPC: REQUEST_PING
[2025-09-04T16:03:21.547] debug2: Finish processing RPC: REQUEST_PING
[2025-09-04T16:03:21.547] debug2: Finish processing RPC: REQUEST_PING
[2025-09-04T16:06:41.215] debug2: Start processing RPC: REQUEST_PING
[2025-09-04T16:06:41.215] debug2: Start processing RPC: REQUEST_PING
[2025-09-04T16:06:41.215] debug2: Processing RPC: REQUEST_PING
[2025-09-04T16:06:41.215] debug2: Processing RPC: REQUEST_PING
[2025-09-04T16:06:41.215] debug2: Finish processing RPC: REQUEST_PING
[2025-09-04T16:06:41.215] debug2: Finish processing RPC: REQUEST_PING
[2025-09-04T16:10:01.869] debug2: Start processing RPC: REQUEST_NODE_REGISTRATION_STATUS
[2025-09-04T16:10:01.869] debug2: Start processing RPC: REQUEST_NODE_REGISTRATION_STATUS
[2025-09-04T16:10:01.869] debug2: Processing RPC: REQUEST_NODE_REGISTRATION_STATUS
[2025-09-04T16:10:01.869] debug2: Processing RPC: REQUEST_NODE_REGISTRATION_STATUS
[2025-09-04T16:10:01.871] debug:  _handle_node_reg_resp: slurmctld sent back 8 TRES.
[2025-09-04T16:10:01.871] debug:  _handle_node_reg_resp: slurmctld sent back 8 TRES.
[2025-09-04T16:10:01.871] debug2: Finish processing RPC: REQUEST_NODE_REGISTRATION_STATUS
[2025-09-04T16:10:01.871] debug2: Finish processing RPC: REQUEST_NODE_REGISTRATION_STATUS
[2025-09-04T16:13:21.497] debug2: Start processing RPC: REQUEST_PING
[2025-09-04T16:13:21.497] debug2: Start processing RPC: REQUEST_PING
[2025-09-04T16:13:21.497] debug2: Processing RPC: REQUEST_PING
[2025-09-04T16:13:21.497] debug2: Processing RPC: REQUEST_PING
[2025-09-04T16:13:21.497] debug2: Finish processing RPC: REQUEST_PING
[2025-09-04T16:13:21.497] debug2: Finish processing RPC: REQUEST_PING
[2025-09-04T16:16:41.172] debug2: Start processing RPC: REQUEST_PING
[2025-09-04T16:16:41.172] debug2: Processing RPC: REQUEST_PING
[2025-09-04T16:16:41.172] debug2: Start processing RPC: REQUEST_PING
[2025-09-04T16:16:41.172] debug2: Processing RPC: REQUEST_PING
[2025-09-04T16:16:41.173] debug2: Finish processing RPC: REQUEST_PING
[2025-09-04T16:16:41.173] debug2: Finish processing RPC: REQUEST_PING
[2025-09-04T16:20:01.826] debug2: Start processing RPC: REQUEST_PING
[2025-09-04T16:20:01.826] debug2: Start processing RPC: REQUEST_PING
[2025-09-04T16:20:01.826] debug2: Processing RPC: REQUEST_PING
[2025-09-04T16:20:01.826] debug2: Processing RPC: REQUEST_PING
[2025-09-04T16:20:01.826] debug2: Finish processing RPC: REQUEST_PING
[2025-09-04T16:20:01.826] debug2: Finish processing RPC: REQUEST_PING
[2025-09-04T16:23:21.438] debug2: Start processing RPC: REQUEST_PING
[2025-09-04T16:23:21.438] debug2: Processing RPC: REQUEST_PING
[2025-09-04T16:23:21.438] debug2: Start processing RPC: REQUEST_PING
[2025-09-04T16:23:21.439] debug2: Processing RPC: REQUEST_PING
[2025-09-04T16:23:21.439] debug2: Finish processing RPC: REQUEST_PING
[2025-09-04T16:23:21.439] debug2: Finish processing RPC: REQUEST_PING
[2025-09-04T16:26:41.116] debug2: Start processing RPC: REQUEST_PING
[2025-09-04T16:26:41.116] debug2: Start processing RPC: REQUEST_PING
[2025-09-04T16:26:41.116] debug2: Processing RPC: REQUEST_PING
[2025-09-04T16:26:41.116] debug2: Processing RPC: REQUEST_PING
[2025-09-04T16:26:41.116] debug2: Finish processing RPC: REQUEST_PING
[2025-09-04T16:26:41.117] debug2: Finish processing RPC: REQUEST_PING
[2025-09-04T16:30:01.770] debug2: Start processing RPC: REQUEST_PING
[2025-09-04T16:30:01.770] debug2: Start processing RPC: REQUEST_PING
[2025-09-04T16:30:01.771] debug2: Processing RPC: REQUEST_PING
[2025-09-04T16:30:01.770] debug2: Processing RPC: REQUEST_PING
[2025-09-04T16:30:01.771] debug2: Finish processing RPC: REQUEST_PING
[2025-09-04T16:30:01.771] debug2: Finish processing RPC: REQUEST_PING
[2025-09-04T16:33:21.407] debug2: Start processing RPC: REQUEST_PING
[2025-09-04T16:33:21.407] debug2: Start processing RPC: REQUEST_PING
[2025-09-04T16:33:21.407] debug2: Processing RPC: REQUEST_PING
[2025-09-04T16:33:21.407] debug2: Processing RPC: REQUEST_PING
[2025-09-04T16:33:21.407] debug2: Finish processing RPC: REQUEST_PING
[2025-09-04T16:33:21.407] debug2: Finish processing RPC: REQUEST_PING
[2025-09-04T16:36:41.081] debug2: Start processing RPC: REQUEST_PING
[2025-09-04T16:36:41.081] debug2: Start processing RPC: REQUEST_PING
[2025-09-04T16:36:41.081] debug2: Processing RPC: REQUEST_PING
[2025-09-04T16:36:41.081] debug2: Processing RPC: REQUEST_PING
[2025-09-04T16:36:41.082] debug2: Finish processing RPC: REQUEST_PING
[2025-09-04T16:36:41.082] debug2: Finish processing RPC: REQUEST_PING
[2025-09-04T16:40:01.744] debug2: Start processing RPC: REQUEST_PING
[2025-09-04T16:40:01.744] debug2: Processing RPC: REQUEST_PING
[2025-09-04T16:40:01.744] debug2: Start processing RPC: REQUEST_PING
[2025-09-04T16:40:01.744] debug2: Processing RPC: REQUEST_PING
[2025-09-04T16:40:01.744] debug2: Finish processing RPC: REQUEST_PING
[2025-09-04T16:40:01.744] debug2: Finish processing RPC: REQUEST_PING
[2025-09-04T16:43:21.391] debug2: Start processing RPC: REQUEST_NODE_REGISTRATION_STATUS
[2025-09-04T16:43:21.391] debug2: Start processing RPC: REQUEST_NODE_REGISTRATION_STATUS
[2025-09-04T16:43:21.391] debug2: Processing RPC: REQUEST_NODE_REGISTRATION_STATUS
[2025-09-04T16:43:21.391] debug2: Processing RPC: REQUEST_NODE_REGISTRATION_STATUS
[2025-09-04T16:43:21.393] debug:  _handle_node_reg_resp: slurmctld sent back 8 TRES.
[2025-09-04T16:43:21.393] debug:  _handle_node_reg_resp: slurmctld sent back 8 TRES.
[2025-09-04T16:43:21.393] debug2: Finish processing RPC: REQUEST_NODE_REGISTRATION_STATUS
[2025-09-04T16:43:21.393] debug2: Finish processing RPC: REQUEST_NODE_REGISTRATION_STATUS
[2025-09-04T16:46:41.070] debug2: Start processing RPC: REQUEST_PING
[2025-09-04T16:46:41.070] debug2: Start processing RPC: REQUEST_PING
[2025-09-04T16:46:41.070] debug2: Processing RPC: REQUEST_PING
[2025-09-04T16:46:41.070] debug2: Processing RPC: REQUEST_PING
[2025-09-04T16:46:41.070] debug2: Finish processing RPC: REQUEST_PING
[2025-09-04T16:46:41.070] debug2: Finish processing RPC: REQUEST_PING
[2025-09-04T16:50:01.724] debug2: Start processing RPC: REQUEST_PING
[2025-09-04T16:50:01.724] debug2: Start processing RPC: REQUEST_PING
[2025-09-04T16:50:01.724] debug2: Processing RPC: REQUEST_PING
[2025-09-04T16:50:01.725] debug2: Processing RPC: REQUEST_PING
[2025-09-04T16:50:01.725] debug2: Finish processing RPC: REQUEST_PING
[2025-09-04T16:50:01.725] debug2: Finish processing RPC: REQUEST_PING
[2025-09-04T16:53:21.372] debug2: Start processing RPC: REQUEST_PING
[2025-09-04T16:53:21.372] debug2: Start processing RPC: REQUEST_PING
[2025-09-04T16:53:21.372] debug2: Processing RPC: REQUEST_PING
[2025-09-04T16:53:21.372] debug2: Processing RPC: REQUEST_PING
[2025-09-04T16:53:21.373] debug2: Finish processing RPC: REQUEST_PING
[2025-09-04T16:53:21.373] debug2: Finish processing RPC: REQUEST_PING
[2025-09-04T16:56:41.055] debug2: Start processing RPC: REQUEST_PING
[2025-09-04T16:56:41.055] debug2: Processing RPC: REQUEST_PING
[2025-09-04T16:56:41.055] debug2: Start processing RPC: REQUEST_PING
[2025-09-04T16:56:41.055] debug2: Processing RPC: REQUEST_PING
[2025-09-04T16:56:41.055] debug2: Finish processing RPC: REQUEST_PING
[2025-09-04T16:56:41.055] debug2: Finish processing RPC: REQUEST_PING
[2025-09-04T17:00:01.714] debug2: Start processing RPC: REQUEST_PING
[2025-09-04T17:00:01.714] debug2: Processing RPC: REQUEST_PING
[2025-09-04T17:00:01.714] debug2: Start processing RPC: REQUEST_PING
[2025-09-04T17:00:01.714] debug2: Processing RPC: REQUEST_PING
[2025-09-04T17:00:01.715] debug2: Finish processing RPC: REQUEST_PING
[2025-09-04T17:00:01.715] debug2: Finish processing RPC: REQUEST_PING
[2025-09-04T17:03:21.336] debug2: Start processing RPC: REQUEST_PING
[2025-09-04T17:03:21.336] debug2: Start processing RPC: REQUEST_PING
[2025-09-04T17:03:21.336] debug2: Processing RPC: REQUEST_PING
[2025-09-04T17:03:21.336] debug2: Processing RPC: REQUEST_PING
[2025-09-04T17:03:21.337] debug2: Finish processing RPC: REQUEST_PING
[2025-09-04T17:03:21.337] debug2: Finish processing RPC: REQUEST_PING
[2025-09-04T17:06:41.996] debug2: Start processing RPC: REQUEST_PING
[2025-09-04T17:06:41.996] debug2: Processing RPC: REQUEST_PING
[2025-09-04T17:06:41.996] debug2: Start processing RPC: REQUEST_PING
[2025-09-04T17:06:41.996] debug2: Processing RPC: REQUEST_PING
[2025-09-04T17:06:41.996] debug2: Finish processing RPC: REQUEST_PING
[2025-09-04T17:06:41.996] debug2: Finish processing RPC: REQUEST_PING
[2025-09-04T17:10:01.622] debug2: Start processing RPC: REQUEST_PING
[2025-09-04T17:10:01.622] debug2: Processing RPC: REQUEST_PING
[2025-09-04T17:10:01.622] debug2: Start processing RPC: REQUEST_PING
[2025-09-04T17:10:01.622] debug2: Processing RPC: REQUEST_PING
[2025-09-04T17:10:01.623] debug2: Finish processing RPC: REQUEST_PING
[2025-09-04T17:10:01.623] debug2: Finish processing RPC: REQUEST_PING
[2025-09-04T17:13:21.248] debug2: Start processing RPC: REQUEST_PING
[2025-09-04T17:13:21.248] debug2: Processing RPC: REQUEST_PING
[2025-09-04T17:13:21.248] debug2: Start processing RPC: REQUEST_PING
[2025-09-04T17:13:21.248] debug2: Processing RPC: REQUEST_PING
[2025-09-04T17:13:21.249] debug2: Finish processing RPC: REQUEST_PING
[2025-09-04T17:13:21.249] debug2: Finish processing RPC: REQUEST_PING
[2025-09-04T17:16:41.897] debug2: Start processing RPC: REQUEST_NODE_REGISTRATION_STATUS
[2025-09-04T17:16:41.897] debug2: Start processing RPC: REQUEST_NODE_REGISTRATION_STATUS
[2025-09-04T17:16:41.897] debug2: Processing RPC: REQUEST_NODE_REGISTRATION_STATUS
[2025-09-04T17:16:41.897] debug2: Processing RPC: REQUEST_NODE_REGISTRATION_STATUS
[2025-09-04T17:16:41.899] debug:  _handle_node_reg_resp: slurmctld sent back 8 TRES.
[2025-09-04T17:16:41.899] debug:  _handle_node_reg_resp: slurmctld sent back 8 TRES.
[2025-09-04T17:16:41.899] debug2: Finish processing RPC: REQUEST_NODE_REGISTRATION_STATUS
[2025-09-04T17:16:41.899] debug2: Finish processing RPC: REQUEST_NODE_REGISTRATION_STATUS
[2025-09-04T17:20:01.557] debug2: Start processing RPC: REQUEST_PING
[2025-09-04T17:20:01.557] debug2: Start processing RPC: REQUEST_PING
[2025-09-04T17:20:01.557] debug2: Processing RPC: REQUEST_PING
[2025-09-04T17:20:01.557] debug2: Processing RPC: REQUEST_PING
[2025-09-04T17:20:01.558] debug2: Finish processing RPC: REQUEST_PING
[2025-09-04T17:20:01.558] debug2: Finish processing RPC: REQUEST_PING
[2025-09-04T17:23:21.187] debug2: Start processing RPC: REQUEST_PING
[2025-09-04T17:23:21.187] debug2: Start processing RPC: REQUEST_PING
[2025-09-04T17:23:21.187] debug2: Processing RPC: REQUEST_PING
[2025-09-04T17:23:21.187] debug2: Processing RPC: REQUEST_PING
[2025-09-04T17:23:21.187] debug2: Finish processing RPC: REQUEST_PING
[2025-09-04T17:23:21.187] debug2: Finish processing RPC: REQUEST_PING
[2025-09-04T17:26:41.876] debug2: Start processing RPC: REQUEST_PING
[2025-09-04T17:26:41.876] debug2: Processing RPC: REQUEST_PING
[2025-09-04T17:26:41.876] debug2: Start processing RPC: REQUEST_PING
[2025-09-04T17:26:41.876] debug2: Processing RPC: REQUEST_PING
[2025-09-04T17:26:41.877] debug2: Finish processing RPC: REQUEST_PING
[2025-09-04T17:26:41.877] debug2: Finish processing RPC: REQUEST_PING
[2025-09-04T17:30:01.522] debug2: Start processing RPC: REQUEST_PING
[2025-09-04T17:30:01.522] debug2: Processing RPC: REQUEST_PING
[2025-09-04T17:30:01.522] debug2: Start processing RPC: REQUEST_PING
[2025-09-04T17:30:01.522] debug2: Processing RPC: REQUEST_PING
[2025-09-04T17:30:01.523] debug2: Finish processing RPC: REQUEST_PING
[2025-09-04T17:30:01.523] debug2: Finish processing RPC: REQUEST_PING
[2025-09-04T17:33:21.140] debug2: Start processing RPC: REQUEST_PING
[2025-09-04T17:33:21.140] debug2: Start processing RPC: REQUEST_PING
[2025-09-04T17:33:21.140] debug2: Processing RPC: REQUEST_PING
[2025-09-04T17:33:21.140] debug2: Processing RPC: REQUEST_PING
[2025-09-04T17:33:21.141] debug2: Finish processing RPC: REQUEST_PING
[2025-09-04T17:33:21.141] debug2: Finish processing RPC: REQUEST_PING
[2025-09-04T17:36:41.818] debug2: Start processing RPC: REQUEST_PING
[2025-09-04T17:36:41.818] debug2: Start processing RPC: REQUEST_PING
[2025-09-04T17:36:41.818] debug2: Processing RPC: REQUEST_PING
[2025-09-04T17:36:41.818] debug2: Processing RPC: REQUEST_PING
[2025-09-04T17:36:41.818] debug2: Finish processing RPC: REQUEST_PING
[2025-09-04T17:36:41.818] debug2: Finish processing RPC: REQUEST_PING
[2025-09-04T17:40:01.473] debug2: Start processing RPC: REQUEST_PING
[2025-09-04T17:40:01.473] debug2: Processing RPC: REQUEST_PING
[2025-09-04T17:40:01.473] debug2: Start processing RPC: REQUEST_PING
[2025-09-04T17:40:01.473] debug2: Processing RPC: REQUEST_PING
[2025-09-04T17:40:01.473] debug2: Finish processing RPC: REQUEST_PING
[2025-09-04T17:40:01.473] debug2: Finish processing RPC: REQUEST_PING
[2025-09-04T17:43:21.111] debug2: Start processing RPC: REQUEST_PING
[2025-09-04T17:43:21.111] debug2: Start processing RPC: REQUEST_PING
[2025-09-04T17:43:21.111] debug2: Processing RPC: REQUEST_PING
[2025-09-04T17:43:21.111] debug2: Processing RPC: REQUEST_PING
[2025-09-04T17:43:21.111] debug2: Finish processing RPC: REQUEST_PING
[2025-09-04T17:43:21.112] debug2: Finish processing RPC: REQUEST_PING
[2025-09-04T17:46:41.795] debug2: Start processing RPC: REQUEST_PING
[2025-09-04T17:46:41.795] debug2: Processing RPC: REQUEST_PING
[2025-09-04T17:46:41.795] debug2: Start processing RPC: REQUEST_PING
[2025-09-04T17:46:41.795] debug2: Processing RPC: REQUEST_PING
[2025-09-04T17:46:41.795] debug2: Finish processing RPC: REQUEST_PING
[2025-09-04T17:46:41.795] debug2: Finish processing RPC: REQUEST_PING
[2025-09-04T17:50:01.453] debug2: Start processing RPC: REQUEST_NODE_REGISTRATION_STATUS
[2025-09-04T17:50:01.453] debug2: Start processing RPC: REQUEST_NODE_REGISTRATION_STATUS
[2025-09-04T17:50:01.453] debug2: Processing RPC: REQUEST_NODE_REGISTRATION_STATUS
[2025-09-04T17:50:01.453] debug2: Processing RPC: REQUEST_NODE_REGISTRATION_STATUS
[2025-09-04T17:50:01.455] debug:  _handle_node_reg_resp: slurmctld sent back 8 TRES.
[2025-09-04T17:50:01.455] debug:  _handle_node_reg_resp: slurmctld sent back 8 TRES.
[2025-09-04T17:50:01.455] debug2: Finish processing RPC: REQUEST_NODE_REGISTRATION_STATUS
[2025-09-04T17:50:01.455] debug2: Finish processing RPC: REQUEST_NODE_REGISTRATION_STATUS
[2025-09-04T17:53:21.056] debug2: Start processing RPC: REQUEST_PING
[2025-09-04T17:53:21.056] debug2: Processing RPC: REQUEST_PING
[2025-09-04T17:53:21.056] debug2: Start processing RPC: REQUEST_PING
[2025-09-04T17:53:21.056] debug2: Processing RPC: REQUEST_PING
[2025-09-04T17:53:21.056] debug2: Finish processing RPC: REQUEST_PING
[2025-09-04T17:53:21.056] debug2: Finish processing RPC: REQUEST_PING
[2025-09-04T17:56:41.727] debug2: Start processing RPC: REQUEST_PING
[2025-09-04T17:56:41.727] debug2: Processing RPC: REQUEST_PING
[2025-09-04T17:56:41.727] debug2: Start processing RPC: REQUEST_PING
[2025-09-04T17:56:41.727] debug2: Processing RPC: REQUEST_PING
[2025-09-04T17:56:41.728] debug2: Finish processing RPC: REQUEST_PING
[2025-09-04T17:56:41.728] debug2: Finish processing RPC: REQUEST_PING
[2025-09-04T18:00:01.360] debug2: Start processing RPC: REQUEST_PING
[2025-09-04T18:00:01.360] debug2: Processing RPC: REQUEST_PING
[2025-09-04T18:00:01.360] debug2: Start processing RPC: REQUEST_PING
[2025-09-04T18:00:01.360] debug2: Processing RPC: REQUEST_PING
[2025-09-04T18:00:01.360] debug2: Finish processing RPC: REQUEST_PING
[2025-09-04T18:00:01.360] debug2: Finish processing RPC: REQUEST_PING
[2025-09-04T18:03:21.950] debug2: Start processing RPC: REQUEST_PING
[2025-09-04T18:03:21.950] debug2: Processing RPC: REQUEST_PING
[2025-09-04T18:03:21.950] debug2: Start processing RPC: REQUEST_PING
[2025-09-04T18:03:21.950] debug2: Processing RPC: REQUEST_PING
[2025-09-04T18:03:21.950] debug2: Finish processing RPC: REQUEST_PING
[2025-09-04T18:03:21.950] debug2: Finish processing RPC: REQUEST_PING
[2025-09-04T18:06:41.600] debug2: Start processing RPC: REQUEST_PING
[2025-09-04T18:06:41.600] debug2: Processing RPC: REQUEST_PING
[2025-09-04T18:06:41.600] debug2: Start processing RPC: REQUEST_PING
[2025-09-04T18:06:41.600] debug2: Processing RPC: REQUEST_PING
[2025-09-04T18:06:41.600] debug2: Finish processing RPC: REQUEST_PING
[2025-09-04T18:06:41.600] debug2: Finish processing RPC: REQUEST_PING
[2025-09-04T18:10:01.220] debug2: Start processing RPC: REQUEST_PING
[2025-09-04T18:10:01.220] debug2: Processing RPC: REQUEST_PING
[2025-09-04T18:10:01.220] debug2: Start processing RPC: REQUEST_PING
[2025-09-04T18:10:01.220] debug2: Processing RPC: REQUEST_PING
[2025-09-04T18:10:01.220] debug2: Finish processing RPC: REQUEST_PING
[2025-09-04T18:10:01.220] debug2: Finish processing RPC: REQUEST_PING
[2025-09-04T18:13:21.824] debug2: Start processing RPC: REQUEST_PING
[2025-09-04T18:13:21.824] debug2: Start processing RPC: REQUEST_PING
[2025-09-04T18:13:21.824] debug2: Processing RPC: REQUEST_PING
[2025-09-04T18:13:21.824] debug2: Processing RPC: REQUEST_PING
[2025-09-04T18:13:21.824] debug2: Finish processing RPC: REQUEST_PING
[2025-09-04T18:13:21.824] debug2: Finish processing RPC: REQUEST_PING
[2025-09-04T18:16:41.486] debug2: Start processing RPC: REQUEST_PING
[2025-09-04T18:16:41.486] debug2: Start processing RPC: REQUEST_PING
[2025-09-04T18:16:41.486] debug2: Processing RPC: REQUEST_PING
[2025-09-04T18:16:41.486] debug2: Processing RPC: REQUEST_PING
[2025-09-04T18:16:41.487] debug2: Finish processing RPC: REQUEST_PING
[2025-09-04T18:16:41.487] debug2: Finish processing RPC: REQUEST_PING
[2025-09-04T18:20:01.150] debug2: Start processing RPC: REQUEST_PING
[2025-09-04T18:20:01.150] debug2: Processing RPC: REQUEST_PING
[2025-09-04T18:20:01.150] debug2: Start processing RPC: REQUEST_PING
[2025-09-04T18:20:01.150] debug2: Processing RPC: REQUEST_PING
[2025-09-04T18:20:01.150] debug2: Finish processing RPC: REQUEST_PING
[2025-09-04T18:20:01.151] debug2: Finish processing RPC: REQUEST_PING
[2025-09-04T18:23:21.782] debug2: Start processing RPC: REQUEST_NODE_REGISTRATION_STATUS
[2025-09-04T18:23:21.782] debug2: Start processing RPC: REQUEST_NODE_REGISTRATION_STATUS
[2025-09-04T18:23:21.782] debug2: Processing RPC: REQUEST_NODE_REGISTRATION_STATUS
[2025-09-04T18:23:21.782] debug2: Processing RPC: REQUEST_NODE_REGISTRATION_STATUS
[2025-09-04T18:23:21.784] debug:  _handle_node_reg_resp: slurmctld sent back 8 TRES.
[2025-09-04T18:23:21.784] debug:  _handle_node_reg_resp: slurmctld sent back 8 TRES.
[2025-09-04T18:23:21.784] debug2: Finish processing RPC: REQUEST_NODE_REGISTRATION_STATUS
[2025-09-04T18:23:21.784] debug2: Finish processing RPC: REQUEST_NODE_REGISTRATION_STATUS
[2025-09-04T18:26:41.454] debug2: Start processing RPC: REQUEST_PING
[2025-09-04T18:26:41.454] debug2: Start processing RPC: REQUEST_PING
[2025-09-04T18:26:41.454] debug2: Processing RPC: REQUEST_PING
[2025-09-04T18:26:41.454] debug2: Processing RPC: REQUEST_PING
[2025-09-04T18:26:41.455] debug2: Finish processing RPC: REQUEST_PING
[2025-09-04T18:26:41.455] debug2: Finish processing RPC: REQUEST_PING
[2025-09-04T18:30:01.109] debug2: Start processing RPC: REQUEST_PING
[2025-09-04T18:30:01.109] debug2: Start processing RPC: REQUEST_PING
[2025-09-04T18:30:01.109] debug2: Processing RPC: REQUEST_PING
[2025-09-04T18:30:01.109] debug2: Processing RPC: REQUEST_PING
[2025-09-04T18:30:01.109] debug2: Finish processing RPC: REQUEST_PING
[2025-09-04T18:30:01.109] debug2: Finish processing RPC: REQUEST_PING
[2025-09-04T18:33:21.736] debug2: Start processing RPC: REQUEST_PING
[2025-09-04T18:33:21.736] debug2: Processing RPC: REQUEST_PING
[2025-09-04T18:33:21.736] debug2: Start processing RPC: REQUEST_PING
[2025-09-04T18:33:21.736] debug2: Processing RPC: REQUEST_PING
[2025-09-04T18:33:21.737] debug2: Finish processing RPC: REQUEST_PING
[2025-09-04T18:33:21.737] debug2: Finish processing RPC: REQUEST_PING
[2025-09-04T18:36:41.412] debug2: Start processing RPC: REQUEST_PING
[2025-09-04T18:36:41.412] debug2: Start processing RPC: REQUEST_PING
[2025-09-04T18:36:41.412] debug2: Processing RPC: REQUEST_PING
[2025-09-04T18:36:41.412] debug2: Processing RPC: REQUEST_PING
[2025-09-04T18:36:41.412] debug2: Finish processing RPC: REQUEST_PING
[2025-09-04T18:36:41.412] debug2: Finish processing RPC: REQUEST_PING
[2025-09-04T18:40:01.098] debug2: Start processing RPC: REQUEST_PING
[2025-09-04T18:40:01.098] debug2: Start processing RPC: REQUEST_PING
[2025-09-04T18:40:01.098] debug2: Processing RPC: REQUEST_PING
[2025-09-04T18:40:01.098] debug2: Processing RPC: REQUEST_PING
[2025-09-04T18:40:01.098] debug2: Finish processing RPC: REQUEST_PING
[2025-09-04T18:40:01.098] debug2: Finish processing RPC: REQUEST_PING
[2025-09-04T18:43:21.719] debug2: Start processing RPC: REQUEST_PING
[2025-09-04T18:43:21.719] debug2: Processing RPC: REQUEST_PING
[2025-09-04T18:43:21.720] debug2: Start processing RPC: REQUEST_PING
[2025-09-04T18:43:21.720] debug2: Processing RPC: REQUEST_PING
[2025-09-04T18:43:21.720] debug2: Finish processing RPC: REQUEST_PING
[2025-09-04T18:43:21.720] debug2: Finish processing RPC: REQUEST_PING
[2025-09-04T18:46:41.423] debug2: Start processing RPC: REQUEST_PING
[2025-09-04T18:46:41.423] debug2: Start processing RPC: REQUEST_PING
[2025-09-04T18:46:41.423] debug2: Processing RPC: REQUEST_PING
[2025-09-04T18:46:41.423] debug2: Processing RPC: REQUEST_PING
[2025-09-04T18:46:41.423] debug2: Finish processing RPC: REQUEST_PING
[2025-09-04T18:46:41.423] debug2: Finish processing RPC: REQUEST_PING
[2025-09-04T18:50:01.071] debug2: Start processing RPC: REQUEST_PING
[2025-09-04T18:50:01.071] debug2: Start processing RPC: REQUEST_PING
[2025-09-04T18:50:01.071] debug2: Processing RPC: REQUEST_PING
[2025-09-04T18:50:01.071] debug2: Processing RPC: REQUEST_PING
[2025-09-04T18:50:01.071] debug2: Finish processing RPC: REQUEST_PING
[2025-09-04T18:50:01.071] debug2: Finish processing RPC: REQUEST_PING
[2025-09-04T18:53:21.693] debug2: Start processing RPC: REQUEST_PING
[2025-09-04T18:53:21.693] debug2: Processing RPC: REQUEST_PING
[2025-09-04T18:53:21.693] debug2: Start processing RPC: REQUEST_PING
[2025-09-04T18:53:21.693] debug2: Processing RPC: REQUEST_PING
[2025-09-04T18:53:21.693] debug2: Finish processing RPC: REQUEST_PING
[2025-09-04T18:53:21.693] debug2: Finish processing RPC: REQUEST_PING
[2025-09-04T18:56:41.381] debug2: Start processing RPC: REQUEST_NODE_REGISTRATION_STATUS
[2025-09-04T18:56:41.381] debug2: Processing RPC: REQUEST_NODE_REGISTRATION_STATUS
[2025-09-04T18:56:41.381] debug2: Start processing RPC: REQUEST_NODE_REGISTRATION_STATUS
[2025-09-04T18:56:41.381] debug2: Processing RPC: REQUEST_NODE_REGISTRATION_STATUS
[2025-09-04T18:56:41.383] debug:  _handle_node_reg_resp: slurmctld sent back 8 TRES.
[2025-09-04T18:56:41.383] debug2: Finish processing RPC: REQUEST_NODE_REGISTRATION_STATUS
[2025-09-04T18:56:41.383] debug:  _handle_node_reg_resp: slurmctld sent back 8 TRES.
[2025-09-04T18:56:41.383] debug2: Finish processing RPC: REQUEST_NODE_REGISTRATION_STATUS
[2025-09-04T19:00:01.187] debug2: Start processing RPC: REQUEST_PING
[2025-09-04T19:00:01.187] debug2: Processing RPC: REQUEST_PING
[2025-09-04T19:00:01.187] debug2: Start processing RPC: REQUEST_PING
[2025-09-04T19:00:01.187] debug2: Processing RPC: REQUEST_PING
[2025-09-04T19:00:01.188] debug2: Finish processing RPC: REQUEST_PING
[2025-09-04T19:00:01.188] debug2: Finish processing RPC: REQUEST_PING
[2025-09-04T19:03:21.806] debug2: Start processing RPC: REQUEST_PING
[2025-09-04T19:03:21.806] debug2: Start processing RPC: REQUEST_PING
[2025-09-04T19:03:21.806] debug2: Processing RPC: REQUEST_PING
[2025-09-04T19:03:21.806] debug2: Processing RPC: REQUEST_PING
[2025-09-04T19:03:21.806] debug2: Finish processing RPC: REQUEST_PING
[2025-09-04T19:03:21.806] debug2: Finish processing RPC: REQUEST_PING
[2025-09-04T19:06:41.476] debug2: Start processing RPC: REQUEST_PING
[2025-09-04T19:06:41.476] debug2: Start processing RPC: REQUEST_PING
[2025-09-04T19:06:41.476] debug2: Processing RPC: REQUEST_PING
[2025-09-04T19:06:41.476] debug2: Processing RPC: REQUEST_PING
[2025-09-04T19:06:41.476] debug2: Finish processing RPC: REQUEST_PING
[2025-09-04T19:06:41.476] debug2: Finish processing RPC: REQUEST_PING
[2025-09-04T19:10:01.145] debug2: Start processing RPC: REQUEST_PING
[2025-09-04T19:10:01.145] debug2: Processing RPC: REQUEST_PING
[2025-09-04T19:10:01.145] debug2: Start processing RPC: REQUEST_PING
[2025-09-04T19:10:01.145] debug2: Processing RPC: REQUEST_PING
[2025-09-04T19:10:01.145] debug2: Finish processing RPC: REQUEST_PING
[2025-09-04T19:10:01.145] debug2: Finish processing RPC: REQUEST_PING
[2025-09-04T19:13:21.768] debug2: Start processing RPC: REQUEST_PING
[2025-09-04T19:13:21.768] debug2: Processing RPC: REQUEST_PING
[2025-09-04T19:13:21.768] debug2: Start processing RPC: REQUEST_PING
[2025-09-04T19:13:21.768] debug2: Processing RPC: REQUEST_PING
[2025-09-04T19:13:21.768] debug2: Finish processing RPC: REQUEST_PING
[2025-09-04T19:13:21.768] debug2: Finish processing RPC: REQUEST_PING
[2025-09-04T19:16:41.439] debug2: Start processing RPC: REQUEST_PING
[2025-09-04T19:16:41.439] debug2: Start processing RPC: REQUEST_PING
[2025-09-04T19:16:41.439] debug2: Processing RPC: REQUEST_PING
[2025-09-04T19:16:41.439] debug2: Processing RPC: REQUEST_PING
[2025-09-04T19:16:41.439] debug2: Finish processing RPC: REQUEST_PING
[2025-09-04T19:16:41.439] debug2: Finish processing RPC: REQUEST_PING
[2025-09-04T19:20:01.117] debug2: Start processing RPC: REQUEST_PING
[2025-09-04T19:20:01.117] debug2: Start processing RPC: REQUEST_PING
[2025-09-04T19:20:01.117] debug2: Processing RPC: REQUEST_PING
[2025-09-04T19:20:01.117] debug2: Processing RPC: REQUEST_PING
[2025-09-04T19:20:01.118] debug2: Finish processing RPC: REQUEST_PING
[2025-09-04T19:20:01.118] debug2: Finish processing RPC: REQUEST_PING
[2025-09-04T19:23:21.756] debug2: Start processing RPC: REQUEST_PING
[2025-09-04T19:23:21.756] debug2: Start processing RPC: REQUEST_PING
[2025-09-04T19:23:21.756] debug2: Processing RPC: REQUEST_PING
[2025-09-04T19:23:21.756] debug2: Processing RPC: REQUEST_PING
[2025-09-04T19:23:21.756] debug2: Finish processing RPC: REQUEST_PING
[2025-09-04T19:23:21.756] debug2: Finish processing RPC: REQUEST_PING
[2025-09-04T19:26:41.427] debug2: Start processing RPC: REQUEST_PING
[2025-09-04T19:26:41.427] debug2: Processing RPC: REQUEST_PING
[2025-09-04T19:26:41.428] debug2: Start processing RPC: REQUEST_PING
[2025-09-04T19:26:41.428] debug2: Processing RPC: REQUEST_PING
[2025-09-04T19:26:41.428] debug2: Finish processing RPC: REQUEST_PING
[2025-09-04T19:26:41.428] debug2: Finish processing RPC: REQUEST_PING
[2025-09-04T19:30:01.079] debug2: Start processing RPC: REQUEST_NODE_REGISTRATION_STATUS
[2025-09-04T19:30:01.079] debug2: Processing RPC: REQUEST_NODE_REGISTRATION_STATUS
[2025-09-04T19:30:01.079] debug2: Start processing RPC: REQUEST_NODE_REGISTRATION_STATUS
[2025-09-04T19:30:01.079] debug2: Processing RPC: REQUEST_NODE_REGISTRATION_STATUS
[2025-09-04T19:30:01.081] debug:  _handle_node_reg_resp: slurmctld sent back 8 TRES.
[2025-09-04T19:30:01.081] debug:  _handle_node_reg_resp: slurmctld sent back 8 TRES.
[2025-09-04T19:30:01.081] debug2: Finish processing RPC: REQUEST_NODE_REGISTRATION_STATUS
[2025-09-04T19:30:01.081] debug2: Finish processing RPC: REQUEST_NODE_REGISTRATION_STATUS
[2025-09-04T19:33:21.699] debug2: Start processing RPC: REQUEST_PING
[2025-09-04T19:33:21.699] debug2: Start processing RPC: REQUEST_PING
[2025-09-04T19:33:21.699] debug2: Processing RPC: REQUEST_PING
[2025-09-04T19:33:21.699] debug2: Processing RPC: REQUEST_PING
[2025-09-04T19:33:21.699] debug2: Finish processing RPC: REQUEST_PING
[2025-09-04T19:33:21.699] debug2: Finish processing RPC: REQUEST_PING
[2025-09-04T19:36:41.363] debug2: Start processing RPC: REQUEST_PING
[2025-09-04T19:36:41.363] debug2: Start processing RPC: REQUEST_PING
[2025-09-04T19:36:41.363] debug2: Processing RPC: REQUEST_PING
[2025-09-04T19:36:41.363] debug2: Processing RPC: REQUEST_PING
[2025-09-04T19:36:41.363] debug2: Finish processing RPC: REQUEST_PING
[2025-09-04T19:36:41.363] debug2: Finish processing RPC: REQUEST_PING
[2025-09-04T19:40:01.040] debug2: Start processing RPC: REQUEST_PING
[2025-09-04T19:40:01.040] debug2: Start processing RPC: REQUEST_PING
[2025-09-04T19:40:01.040] debug2: Processing RPC: REQUEST_PING
[2025-09-04T19:40:01.040] debug2: Processing RPC: REQUEST_PING
[2025-09-04T19:40:01.041] debug2: Finish processing RPC: REQUEST_PING
[2025-09-04T19:40:01.041] debug2: Finish processing RPC: REQUEST_PING
[2025-09-04T19:43:21.638] debug2: Start processing RPC: REQUEST_PING
[2025-09-04T19:43:21.638] debug2: Processing RPC: REQUEST_PING
[2025-09-04T19:43:21.638] debug2: Start processing RPC: REQUEST_PING
[2025-09-04T19:43:21.638] debug2: Processing RPC: REQUEST_PING
[2025-09-04T19:43:21.638] debug2: Finish processing RPC: REQUEST_PING
[2025-09-04T19:43:21.638] debug2: Finish processing RPC: REQUEST_PING
[2025-09-04T19:46:41.283] debug2: Start processing RPC: REQUEST_PING
[2025-09-04T19:46:41.283] debug2: Start processing RPC: REQUEST_PING
[2025-09-04T19:46:41.283] debug2: Processing RPC: REQUEST_PING
[2025-09-04T19:46:41.283] debug2: Processing RPC: REQUEST_PING
[2025-09-04T19:46:41.283] debug2: Finish processing RPC: REQUEST_PING
[2025-09-04T19:46:41.283] debug2: Finish processing RPC: REQUEST_PING
[2025-09-04T19:50:01.936] debug2: Start processing RPC: REQUEST_PING
[2025-09-04T19:50:01.936] debug2: Processing RPC: REQUEST_PING
[2025-09-04T19:50:01.936] debug2: Start processing RPC: REQUEST_PING
[2025-09-04T19:50:01.936] debug2: Processing RPC: REQUEST_PING
[2025-09-04T19:50:01.936] debug2: Finish processing RPC: REQUEST_PING
[2025-09-04T19:50:01.936] debug2: Finish processing RPC: REQUEST_PING
[2025-09-04T19:53:21.534] debug2: Start processing RPC: REQUEST_PING
[2025-09-04T19:53:21.534] debug2: Start processing RPC: REQUEST_PING
[2025-09-04T19:53:21.534] debug2: Processing RPC: REQUEST_PING
[2025-09-04T19:53:21.534] debug2: Processing RPC: REQUEST_PING
[2025-09-04T19:53:21.534] debug2: Finish processing RPC: REQUEST_PING
[2025-09-04T19:53:21.534] debug2: Finish processing RPC: REQUEST_PING
[2025-09-04T19:56:41.198] debug2: Start processing RPC: REQUEST_PING
[2025-09-04T19:56:41.198] debug2: Start processing RPC: REQUEST_PING
[2025-09-04T19:56:41.198] debug2: Processing RPC: REQUEST_PING
[2025-09-04T19:56:41.198] debug2: Processing RPC: REQUEST_PING
[2025-09-04T19:56:41.198] debug2: Finish processing RPC: REQUEST_PING
[2025-09-04T19:56:41.198] debug2: Finish processing RPC: REQUEST_PING
[2025-09-04T20:00:01.885] debug2: Start processing RPC: REQUEST_PING
[2025-09-04T20:00:01.885] debug2: Start processing RPC: REQUEST_PING
[2025-09-04T20:00:01.885] debug2: Processing RPC: REQUEST_PING
[2025-09-04T20:00:01.885] debug2: Processing RPC: REQUEST_PING
[2025-09-04T20:00:01.885] debug2: Finish processing RPC: REQUEST_PING
[2025-09-04T20:00:01.885] debug2: Finish processing RPC: REQUEST_PING
[2025-09-04T20:03:21.485] debug2: Start processing RPC: REQUEST_NODE_REGISTRATION_STATUS
[2025-09-04T20:03:21.485] debug2: Start processing RPC: REQUEST_NODE_REGISTRATION_STATUS
[2025-09-04T20:03:21.485] debug2: Processing RPC: REQUEST_NODE_REGISTRATION_STATUS
[2025-09-04T20:03:21.485] debug2: Processing RPC: REQUEST_NODE_REGISTRATION_STATUS
[2025-09-04T20:03:21.487] debug:  _handle_node_reg_resp: slurmctld sent back 8 TRES.
[2025-09-04T20:03:21.487] debug:  _handle_node_reg_resp: slurmctld sent back 8 TRES.
[2025-09-04T20:03:21.487] debug2: Finish processing RPC: REQUEST_NODE_REGISTRATION_STATUS
[2025-09-04T20:03:21.487] debug2: Finish processing RPC: REQUEST_NODE_REGISTRATION_STATUS
[2025-09-04T20:06:41.145] debug2: Start processing RPC: REQUEST_PING
[2025-09-04T20:06:41.145] debug2: Start processing RPC: REQUEST_PING
[2025-09-04T20:06:41.145] debug2: Processing RPC: REQUEST_PING
[2025-09-04T20:06:41.145] debug2: Processing RPC: REQUEST_PING
[2025-09-04T20:06:41.145] debug2: Finish processing RPC: REQUEST_PING
[2025-09-04T20:06:41.145] debug2: Finish processing RPC: REQUEST_PING
[2025-09-04T20:10:01.800] debug2: Start processing RPC: REQUEST_PING
[2025-09-04T20:10:01.800] debug2: Start processing RPC: REQUEST_PING
[2025-09-04T20:10:01.800] debug2: Processing RPC: REQUEST_PING
[2025-09-04T20:10:01.800] debug2: Processing RPC: REQUEST_PING
[2025-09-04T20:10:01.801] debug2: Finish processing RPC: REQUEST_PING
[2025-09-04T20:10:01.801] debug2: Finish processing RPC: REQUEST_PING
[2025-09-04T20:13:21.400] debug2: Start processing RPC: REQUEST_PING
[2025-09-04T20:13:21.400] debug2: Processing RPC: REQUEST_PING
[2025-09-04T20:13:21.400] debug2: Start processing RPC: REQUEST_PING
[2025-09-04T20:13:21.400] debug2: Processing RPC: REQUEST_PING
[2025-09-04T20:13:21.400] debug2: Finish processing RPC: REQUEST_PING
[2025-09-04T20:13:21.400] debug2: Finish processing RPC: REQUEST_PING
[2025-09-04T20:16:41.047] debug2: Start processing RPC: REQUEST_PING
[2025-09-04T20:16:41.047] debug2: Start processing RPC: REQUEST_PING
[2025-09-04T20:16:41.047] debug2: Processing RPC: REQUEST_PING
[2025-09-04T20:16:41.047] debug2: Processing RPC: REQUEST_PING
[2025-09-04T20:16:41.048] debug2: Finish processing RPC: REQUEST_PING
[2025-09-04T20:16:41.048] debug2: Finish processing RPC: REQUEST_PING
[2025-09-04T20:20:01.724] debug2: Start processing RPC: REQUEST_PING
[2025-09-04T20:20:01.724] debug2: Start processing RPC: REQUEST_PING
[2025-09-04T20:20:01.724] debug2: Processing RPC: REQUEST_PING
[2025-09-04T20:20:01.724] debug2: Processing RPC: REQUEST_PING
[2025-09-04T20:20:01.724] debug2: Finish processing RPC: REQUEST_PING
[2025-09-04T20:20:01.724] debug2: Finish processing RPC: REQUEST_PING
[2025-09-04T20:23:21.323] debug2: Start processing RPC: REQUEST_PING
[2025-09-04T20:23:21.323] debug2: Start processing RPC: REQUEST_PING
[2025-09-04T20:23:21.323] debug2: Processing RPC: REQUEST_PING
[2025-09-04T20:23:21.323] debug2: Processing RPC: REQUEST_PING
[2025-09-04T20:23:21.324] debug2: Finish processing RPC: REQUEST_PING
[2025-09-04T20:23:21.324] debug2: Finish processing RPC: REQUEST_PING
[2025-09-04T20:26:41.997] debug2: Start processing RPC: REQUEST_PING
[2025-09-04T20:26:41.997] debug2: Processing RPC: REQUEST_PING
[2025-09-04T20:26:41.997] debug2: Start processing RPC: REQUEST_PING
[2025-09-04T20:26:41.997] debug2: Processing RPC: REQUEST_PING
[2025-09-04T20:26:41.998] debug2: Finish processing RPC: REQUEST_PING
[2025-09-04T20:26:41.998] debug2: Finish processing RPC: REQUEST_PING
[2025-09-04T20:30:01.687] debug2: Start processing RPC: REQUEST_PING
[2025-09-04T20:30:01.687] debug2: Start processing RPC: REQUEST_PING
[2025-09-04T20:30:01.687] debug2: Processing RPC: REQUEST_PING
[2025-09-04T20:30:01.687] debug2: Processing RPC: REQUEST_PING
[2025-09-04T20:30:01.687] debug2: Finish processing RPC: REQUEST_PING
[2025-09-04T20:30:01.687] debug2: Finish processing RPC: REQUEST_PING
[2025-09-04T20:33:21.293] debug2: Start processing RPC: REQUEST_PING
[2025-09-04T20:33:21.293] debug2: Start processing RPC: REQUEST_PING
[2025-09-04T20:33:21.293] debug2: Processing RPC: REQUEST_PING
[2025-09-04T20:33:21.293] debug2: Processing RPC: REQUEST_PING
[2025-09-04T20:33:21.293] debug2: Finish processing RPC: REQUEST_PING
[2025-09-04T20:33:21.293] debug2: Finish processing RPC: REQUEST_PING
[2025-09-04T20:36:41.990] debug2: Start processing RPC: REQUEST_NODE_REGISTRATION_STATUS
[2025-09-04T20:36:41.990] debug2: Processing RPC: REQUEST_NODE_REGISTRATION_STATUS
[2025-09-04T20:36:41.990] debug2: Start processing RPC: REQUEST_NODE_REGISTRATION_STATUS
[2025-09-04T20:36:41.990] debug2: Processing RPC: REQUEST_NODE_REGISTRATION_STATUS
[2025-09-04T20:36:41.992] debug:  _handle_node_reg_resp: slurmctld sent back 8 TRES.
[2025-09-04T20:36:41.992] debug:  _handle_node_reg_resp: slurmctld sent back 8 TRES.
[2025-09-04T20:36:41.992] debug2: Finish processing RPC: REQUEST_NODE_REGISTRATION_STATUS
[2025-09-04T20:36:41.992] debug2: Finish processing RPC: REQUEST_NODE_REGISTRATION_STATUS
[2025-09-04T20:40:01.663] debug2: Start processing RPC: REQUEST_PING
[2025-09-04T20:40:01.663] debug2: Start processing RPC: REQUEST_PING
[2025-09-04T20:40:01.663] debug2: Processing RPC: REQUEST_PING
[2025-09-04T20:40:01.663] debug2: Processing RPC: REQUEST_PING
[2025-09-04T20:40:01.663] debug2: Finish processing RPC: REQUEST_PING
[2025-09-04T20:40:01.663] debug2: Finish processing RPC: REQUEST_PING
[2025-09-04T20:43:21.270] debug2: Start processing RPC: REQUEST_PING
[2025-09-04T20:43:21.270] debug2: Start processing RPC: REQUEST_PING
[2025-09-04T20:43:21.270] debug2: Processing RPC: REQUEST_PING
[2025-09-04T20:43:21.270] debug2: Processing RPC: REQUEST_PING
[2025-09-04T20:43:21.271] debug2: Finish processing RPC: REQUEST_PING
[2025-09-04T20:43:21.271] debug2: Finish processing RPC: REQUEST_PING
[2025-09-04T20:46:41.253] debug2: Start processing RPC: REQUEST_PING
[2025-09-04T20:46:41.253] debug2: Start processing RPC: REQUEST_PING
[2025-09-04T20:46:41.253] debug2: Processing RPC: REQUEST_PING
[2025-09-04T20:46:41.253] debug2: Processing RPC: REQUEST_PING
[2025-09-04T20:46:41.253] debug2: Finish processing RPC: REQUEST_PING
[2025-09-04T20:46:41.253] debug2: Finish processing RPC: REQUEST_PING
[2025-09-04T20:50:01.939] debug2: Start processing RPC: REQUEST_PING
[2025-09-04T20:50:01.939] debug2: Processing RPC: REQUEST_PING
[2025-09-04T20:50:01.939] debug2: Start processing RPC: REQUEST_PING
[2025-09-04T20:50:01.939] debug2: Processing RPC: REQUEST_PING
[2025-09-04T20:50:01.940] debug2: Finish processing RPC: REQUEST_PING
[2025-09-04T20:50:01.940] debug2: Finish processing RPC: REQUEST_PING
[2025-09-04T20:53:21.534] debug2: Start processing RPC: REQUEST_PING
[2025-09-04T20:53:21.534] debug2: Start processing RPC: REQUEST_PING
[2025-09-04T20:53:21.534] debug2: Processing RPC: REQUEST_PING
[2025-09-04T20:53:21.534] debug2: Processing RPC: REQUEST_PING
[2025-09-04T20:53:21.535] debug2: Finish processing RPC: REQUEST_PING
[2025-09-04T20:53:21.535] debug2: Finish processing RPC: REQUEST_PING
[2025-09-04T20:56:41.194] debug2: Start processing RPC: REQUEST_PING
[2025-09-04T20:56:41.194] debug2: Processing RPC: REQUEST_PING
[2025-09-04T20:56:41.194] debug2: Start processing RPC: REQUEST_PING
[2025-09-04T20:56:41.194] debug2: Processing RPC: REQUEST_PING
[2025-09-04T20:56:41.194] debug2: Finish processing RPC: REQUEST_PING
[2025-09-04T20:56:41.194] debug2: Finish processing RPC: REQUEST_PING
[2025-09-04T21:00:01.881] debug2: Start processing RPC: REQUEST_PING
[2025-09-04T21:00:01.881] debug2: Processing RPC: REQUEST_PING
[2025-09-04T21:00:01.881] debug2: Start processing RPC: REQUEST_PING
[2025-09-04T21:00:01.881] debug2: Processing RPC: REQUEST_PING
[2025-09-04T21:00:01.881] debug2: Finish processing RPC: REQUEST_PING
[2025-09-04T21:00:01.881] debug2: Finish processing RPC: REQUEST_PING
[2025-09-04T21:03:21.438] debug2: Start processing RPC: REQUEST_PING
[2025-09-04T21:03:21.438] debug2: Start processing RPC: REQUEST_PING
[2025-09-04T21:03:21.438] debug2: Processing RPC: REQUEST_PING
[2025-09-04T21:03:21.438] debug2: Processing RPC: REQUEST_PING
[2025-09-04T21:03:21.438] debug2: Finish processing RPC: REQUEST_PING
[2025-09-04T21:03:21.438] debug2: Finish processing RPC: REQUEST_PING
[2025-09-04T21:06:41.081] debug2: Start processing RPC: REQUEST_PING
[2025-09-04T21:06:41.081] debug2: Start processing RPC: REQUEST_PING
[2025-09-04T21:06:41.081] debug2: Processing RPC: REQUEST_PING
[2025-09-04T21:06:41.081] debug2: Processing RPC: REQUEST_PING
[2025-09-04T21:06:41.082] debug2: Finish processing RPC: REQUEST_PING
[2025-09-04T21:06:41.082] debug2: Finish processing RPC: REQUEST_PING
[2025-09-04T21:10:01.738] debug2: Start processing RPC: REQUEST_NODE_REGISTRATION_STATUS
[2025-09-04T21:10:01.738] debug2: Start processing RPC: REQUEST_NODE_REGISTRATION_STATUS
[2025-09-04T21:10:01.738] debug2: Processing RPC: REQUEST_NODE_REGISTRATION_STATUS
[2025-09-04T21:10:01.738] debug2: Processing RPC: REQUEST_NODE_REGISTRATION_STATUS
[2025-09-04T21:10:01.740] debug:  _handle_node_reg_resp: slurmctld sent back 8 TRES.
[2025-09-04T21:10:01.740] debug:  _handle_node_reg_resp: slurmctld sent back 8 TRES.
[2025-09-04T21:10:01.740] debug2: Finish processing RPC: REQUEST_NODE_REGISTRATION_STATUS
[2025-09-04T21:10:01.740] debug2: Finish processing RPC: REQUEST_NODE_REGISTRATION_STATUS
[2025-09-04T21:13:21.351] debug2: Start processing RPC: REQUEST_PING
[2025-09-04T21:13:21.351] debug2: Start processing RPC: REQUEST_PING
[2025-09-04T21:13:21.351] debug2: Processing RPC: REQUEST_PING
[2025-09-04T21:13:21.351] debug2: Processing RPC: REQUEST_PING
[2025-09-04T21:13:21.352] debug2: Finish processing RPC: REQUEST_PING
[2025-09-04T21:13:21.352] debug2: Finish processing RPC: REQUEST_PING
[2025-09-04T21:16:42.001] debug2: Start processing RPC: REQUEST_PING
[2025-09-04T21:16:42.001] debug2: Processing RPC: REQUEST_PING
[2025-09-04T21:16:42.001] debug2: Start processing RPC: REQUEST_PING
[2025-09-04T21:16:42.001] debug2: Processing RPC: REQUEST_PING
[2025-09-04T21:16:42.001] debug2: Finish processing RPC: REQUEST_PING
[2025-09-04T21:16:42.001] debug2: Finish processing RPC: REQUEST_PING
[2025-09-04T21:20:01.693] debug2: Start processing RPC: REQUEST_PING
[2025-09-04T21:20:01.693] debug2: Start processing RPC: REQUEST_PING
[2025-09-04T21:20:01.693] debug2: Processing RPC: REQUEST_PING
[2025-09-04T21:20:01.693] debug2: Processing RPC: REQUEST_PING
[2025-09-04T21:20:01.694] debug2: Finish processing RPC: REQUEST_PING
[2025-09-04T21:20:01.694] debug2: Finish processing RPC: REQUEST_PING
[2025-09-04T21:23:21.300] debug2: Start processing RPC: REQUEST_PING
[2025-09-04T21:23:21.300] debug2: Processing RPC: REQUEST_PING
[2025-09-04T21:23:21.300] debug2: Start processing RPC: REQUEST_PING
[2025-09-04T21:23:21.300] debug2: Processing RPC: REQUEST_PING
[2025-09-04T21:23:21.300] debug2: Finish processing RPC: REQUEST_PING
[2025-09-04T21:23:21.300] debug2: Finish processing RPC: REQUEST_PING
[2025-09-04T21:26:41.956] debug2: Start processing RPC: REQUEST_PING
[2025-09-04T21:26:41.956] debug2: Processing RPC: REQUEST_PING
[2025-09-04T21:26:41.957] debug2: Start processing RPC: REQUEST_PING
[2025-09-04T21:26:41.957] debug2: Processing RPC: REQUEST_PING
[2025-09-04T21:26:41.957] debug2: Finish processing RPC: REQUEST_PING
[2025-09-04T21:26:41.957] debug2: Finish processing RPC: REQUEST_PING
[2025-09-04T21:30:01.622] debug2: Start processing RPC: REQUEST_PING
[2025-09-04T21:30:01.622] debug2: Processing RPC: REQUEST_PING
[2025-09-04T21:30:01.622] debug2: Start processing RPC: REQUEST_PING
[2025-09-04T21:30:01.622] debug2: Processing RPC: REQUEST_PING
[2025-09-04T21:30:01.622] debug2: Finish processing RPC: REQUEST_PING
[2025-09-04T21:30:01.622] debug2: Finish processing RPC: REQUEST_PING
[2025-09-04T21:33:21.212] debug2: Start processing RPC: REQUEST_PING
[2025-09-04T21:33:21.212] debug2: Start processing RPC: REQUEST_PING
[2025-09-04T21:33:21.212] debug2: Processing RPC: REQUEST_PING
[2025-09-04T21:33:21.212] debug2: Processing RPC: REQUEST_PING
[2025-09-04T21:33:21.213] debug2: Finish processing RPC: REQUEST_PING
[2025-09-04T21:33:21.213] debug2: Finish processing RPC: REQUEST_PING
[2025-09-04T21:36:41.909] debug2: Start processing RPC: REQUEST_PING
[2025-09-04T21:36:41.909] debug2: Start processing RPC: REQUEST_PING
[2025-09-04T21:36:41.909] debug2: Processing RPC: REQUEST_PING
[2025-09-04T21:36:41.909] debug2: Processing RPC: REQUEST_PING
[2025-09-04T21:36:41.909] debug2: Finish processing RPC: REQUEST_PING
[2025-09-04T21:36:41.909] debug2: Finish processing RPC: REQUEST_PING
[2025-09-04T21:40:01.603] debug2: Start processing RPC: REQUEST_PING
[2025-09-04T21:40:01.603] debug2: Start processing RPC: REQUEST_PING
[2025-09-04T21:40:01.603] debug2: Processing RPC: REQUEST_PING
[2025-09-04T21:40:01.603] debug2: Processing RPC: REQUEST_PING
[2025-09-04T21:40:01.604] debug2: Finish processing RPC: REQUEST_PING
[2025-09-04T21:40:01.604] debug2: Finish processing RPC: REQUEST_PING
[2025-09-04T21:43:21.221] debug2: Start processing RPC: REQUEST_NODE_REGISTRATION_STATUS
[2025-09-04T21:43:21.221] debug2: Start processing RPC: REQUEST_NODE_REGISTRATION_STATUS
[2025-09-04T21:43:21.221] debug2: Processing RPC: REQUEST_NODE_REGISTRATION_STATUS
[2025-09-04T21:43:21.221] debug2: Processing RPC: REQUEST_NODE_REGISTRATION_STATUS
[2025-09-04T21:43:21.223] debug:  _handle_node_reg_resp: slurmctld sent back 8 TRES.
[2025-09-04T21:43:21.223] debug:  _handle_node_reg_resp: slurmctld sent back 8 TRES.
[2025-09-04T21:43:21.223] debug2: Finish processing RPC: REQUEST_NODE_REGISTRATION_STATUS
[2025-09-04T21:43:21.223] debug2: Finish processing RPC: REQUEST_NODE_REGISTRATION_STATUS
[2025-09-04T21:46:41.882] debug2: Start processing RPC: REQUEST_PING
[2025-09-04T21:46:41.882] debug2: Start processing RPC: REQUEST_PING
[2025-09-04T21:46:41.882] debug2: Processing RPC: REQUEST_PING
[2025-09-04T21:46:41.882] debug2: Processing RPC: REQUEST_PING
[2025-09-04T21:46:41.882] debug2: Finish processing RPC: REQUEST_PING
[2025-09-04T21:46:41.882] debug2: Finish processing RPC: REQUEST_PING
[2025-09-04T21:50:01.542] debug2: Start processing RPC: REQUEST_PING
[2025-09-04T21:50:01.542] debug2: Processing RPC: REQUEST_PING
[2025-09-04T21:50:01.542] debug2: Start processing RPC: REQUEST_PING
[2025-09-04T21:50:01.542] debug2: Processing RPC: REQUEST_PING
[2025-09-04T21:50:01.542] debug2: Finish processing RPC: REQUEST_PING
[2025-09-04T21:50:01.542] debug2: Finish processing RPC: REQUEST_PING
[2025-09-04T21:53:21.120] debug2: Start processing RPC: REQUEST_PING
[2025-09-04T21:53:21.120] debug2: Processing RPC: REQUEST_PING
[2025-09-04T21:53:21.120] debug2: Start processing RPC: REQUEST_PING
[2025-09-04T21:53:21.120] debug2: Processing RPC: REQUEST_PING
[2025-09-04T21:53:21.121] debug2: Finish processing RPC: REQUEST_PING
[2025-09-04T21:53:21.121] debug2: Finish processing RPC: REQUEST_PING
[2025-09-04T21:56:41.792] debug2: Start processing RPC: REQUEST_PING
[2025-09-04T21:56:41.792] debug2: Processing RPC: REQUEST_PING
[2025-09-04T21:56:41.792] debug2: Start processing RPC: REQUEST_PING
[2025-09-04T21:56:41.792] debug2: Processing RPC: REQUEST_PING
[2025-09-04T21:56:41.792] debug2: Finish processing RPC: REQUEST_PING
[2025-09-04T21:56:41.792] debug2: Finish processing RPC: REQUEST_PING
[2025-09-04T22:00:01.376] debug2: Start processing RPC: REQUEST_PING
[2025-09-04T22:00:01.376] debug2: Processing RPC: REQUEST_PING
[2025-09-04T22:00:01.376] debug2: Start processing RPC: REQUEST_PING
[2025-09-04T22:00:01.376] debug2: Processing RPC: REQUEST_PING
[2025-09-04T22:00:01.376] debug2: Finish processing RPC: REQUEST_PING
[2025-09-04T22:00:01.376] debug2: Finish processing RPC: REQUEST_PING
[2025-09-04T22:03:21.992] debug2: Start processing RPC: REQUEST_PING
[2025-09-04T22:03:21.992] debug2: Start processing RPC: REQUEST_PING
[2025-09-04T22:03:21.992] debug2: Processing RPC: REQUEST_PING
[2025-09-04T22:03:21.992] debug2: Processing RPC: REQUEST_PING
[2025-09-04T22:03:21.992] debug2: Finish processing RPC: REQUEST_PING
[2025-09-04T22:03:21.993] debug2: Finish processing RPC: REQUEST_PING
[2025-09-04T22:06:41.636] debug2: Start processing RPC: REQUEST_PING
[2025-09-04T22:06:41.636] debug2: Processing RPC: REQUEST_PING
[2025-09-04T22:06:41.636] debug2: Start processing RPC: REQUEST_PING
[2025-09-04T22:06:41.636] debug2: Processing RPC: REQUEST_PING
[2025-09-04T22:06:41.636] debug2: Finish processing RPC: REQUEST_PING
[2025-09-04T22:06:41.636] debug2: Finish processing RPC: REQUEST_PING
[2025-09-04T22:10:01.250] debug2: Start processing RPC: REQUEST_PING
[2025-09-04T22:10:01.250] debug2: Start processing RPC: REQUEST_PING
[2025-09-04T22:10:01.251] debug2: Processing RPC: REQUEST_PING
[2025-09-04T22:10:01.251] debug2: Processing RPC: REQUEST_PING
[2025-09-04T22:10:01.251] debug2: Finish processing RPC: REQUEST_PING
[2025-09-04T22:10:01.251] debug2: Finish processing RPC: REQUEST_PING
[2025-09-04T22:13:21.856] debug2: Start processing RPC: REQUEST_PING
[2025-09-04T22:13:21.856] debug2: Start processing RPC: REQUEST_PING
[2025-09-04T22:13:21.856] debug2: Processing RPC: REQUEST_PING
[2025-09-04T22:13:21.856] debug2: Processing RPC: REQUEST_PING
[2025-09-04T22:13:21.856] debug2: Finish processing RPC: REQUEST_PING
[2025-09-04T22:13:21.856] debug2: Finish processing RPC: REQUEST_PING
[2025-09-04T22:16:41.494] debug2: Start processing RPC: REQUEST_NODE_REGISTRATION_STATUS
[2025-09-04T22:16:41.494] debug2: Start processing RPC: REQUEST_NODE_REGISTRATION_STATUS
[2025-09-04T22:16:41.494] debug2: Processing RPC: REQUEST_NODE_REGISTRATION_STATUS
[2025-09-04T22:16:41.494] debug2: Processing RPC: REQUEST_NODE_REGISTRATION_STATUS
[2025-09-04T22:16:41.497] debug:  _handle_node_reg_resp: slurmctld sent back 8 TRES.
[2025-09-04T22:16:41.497] debug:  _handle_node_reg_resp: slurmctld sent back 8 TRES.
[2025-09-04T22:16:41.497] debug2: Finish processing RPC: REQUEST_NODE_REGISTRATION_STATUS
[2025-09-04T22:16:41.497] debug2: Finish processing RPC: REQUEST_NODE_REGISTRATION_STATUS
[2025-09-04T22:20:01.172] debug2: Start processing RPC: REQUEST_PING
[2025-09-04T22:20:01.172] debug2: Processing RPC: REQUEST_PING
[2025-09-04T22:20:01.172] debug2: Start processing RPC: REQUEST_PING
[2025-09-04T22:20:01.172] debug2: Processing RPC: REQUEST_PING
[2025-09-04T22:20:01.173] debug2: Finish processing RPC: REQUEST_PING
[2025-09-04T22:20:01.173] debug2: Finish processing RPC: REQUEST_PING
[2025-09-04T22:23:21.793] debug2: Start processing RPC: REQUEST_PING
[2025-09-04T22:23:21.793] debug2: Start processing RPC: REQUEST_PING
[2025-09-04T22:23:21.793] debug2: Processing RPC: REQUEST_PING
[2025-09-04T22:23:21.793] debug2: Processing RPC: REQUEST_PING
[2025-09-04T22:23:21.793] debug2: Finish processing RPC: REQUEST_PING
[2025-09-04T22:23:21.793] debug2: Finish processing RPC: REQUEST_PING
[2025-09-04T22:26:41.472] debug2: Start processing RPC: REQUEST_PING
[2025-09-04T22:26:41.473] debug2: Processing RPC: REQUEST_PING
[2025-09-04T22:26:41.473] debug2: Start processing RPC: REQUEST_PING
[2025-09-04T22:26:41.473] debug2: Processing RPC: REQUEST_PING
[2025-09-04T22:26:41.473] debug2: Finish processing RPC: REQUEST_PING
[2025-09-04T22:26:41.473] debug2: Finish processing RPC: REQUEST_PING
[2025-09-04T22:30:01.137] debug2: Start processing RPC: REQUEST_PING
[2025-09-04T22:30:01.137] debug2: Processing RPC: REQUEST_PING
[2025-09-04T22:30:01.137] debug2: Start processing RPC: REQUEST_PING
[2025-09-04T22:30:01.137] debug2: Processing RPC: REQUEST_PING
[2025-09-04T22:30:01.138] debug2: Finish processing RPC: REQUEST_PING
[2025-09-04T22:30:01.138] debug2: Finish processing RPC: REQUEST_PING
[2025-09-04T22:33:21.732] debug2: Start processing RPC: REQUEST_PING
[2025-09-04T22:33:21.732] debug2: Start processing RPC: REQUEST_PING
[2025-09-04T22:33:21.732] debug2: Processing RPC: REQUEST_PING
[2025-09-04T22:33:21.732] debug2: Processing RPC: REQUEST_PING
[2025-09-04T22:33:21.732] debug2: Finish processing RPC: REQUEST_PING
[2025-09-04T22:33:21.732] debug2: Finish processing RPC: REQUEST_PING
[2025-09-04T22:36:41.386] debug2: Start processing RPC: REQUEST_PING
[2025-09-04T22:36:41.386] debug2: Processing RPC: REQUEST_PING
[2025-09-04T22:36:41.386] debug2: Start processing RPC: REQUEST_PING
[2025-09-04T22:36:41.386] debug2: Processing RPC: REQUEST_PING
[2025-09-04T22:36:41.386] debug2: Finish processing RPC: REQUEST_PING
[2025-09-04T22:36:41.386] debug2: Finish processing RPC: REQUEST_PING
[2025-09-04T22:40:01.051] debug2: Start processing RPC: REQUEST_PING
[2025-09-04T22:40:01.051] debug2: Processing RPC: REQUEST_PING
[2025-09-04T22:40:01.051] debug2: Start processing RPC: REQUEST_PING
[2025-09-04T22:40:01.051] debug2: Processing RPC: REQUEST_PING
[2025-09-04T22:40:01.051] debug2: Finish processing RPC: REQUEST_PING
[2025-09-04T22:40:01.051] debug2: Finish processing RPC: REQUEST_PING
[2025-09-04T22:43:21.686] debug2: Start processing RPC: REQUEST_PING
[2025-09-04T22:43:21.686] debug2: Processing RPC: REQUEST_PING
[2025-09-04T22:43:21.686] debug2: Start processing RPC: REQUEST_PING
[2025-09-04T22:43:21.686] debug2: Processing RPC: REQUEST_PING
[2025-09-04T22:43:21.686] debug2: Finish processing RPC: REQUEST_PING
[2025-09-04T22:43:21.687] debug2: Finish processing RPC: REQUEST_PING
[2025-09-04T22:46:41.339] debug2: Start processing RPC: REQUEST_PING
[2025-09-04T22:46:41.339] debug2: Processing RPC: REQUEST_PING
[2025-09-04T22:46:41.339] debug2: Start processing RPC: REQUEST_PING
[2025-09-04T22:46:41.339] debug2: Processing RPC: REQUEST_PING
[2025-09-04T22:46:41.339] debug2: Finish processing RPC: REQUEST_PING
[2025-09-04T22:46:41.339] debug2: Finish processing RPC: REQUEST_PING
[2025-09-04T22:50:01.994] debug2: Start processing RPC: REQUEST_NODE_REGISTRATION_STATUS
[2025-09-04T22:50:01.994] debug2: Start processing RPC: REQUEST_NODE_REGISTRATION_STATUS
[2025-09-04T22:50:01.994] debug2: Processing RPC: REQUEST_NODE_REGISTRATION_STATUS
[2025-09-04T22:50:01.994] debug2: Processing RPC: REQUEST_NODE_REGISTRATION_STATUS
[2025-09-04T22:50:01.995] debug:  _handle_node_reg_resp: slurmctld sent back 8 TRES.
[2025-09-04T22:50:01.995] debug:  _handle_node_reg_resp: slurmctld sent back 8 TRES.
[2025-09-04T22:50:01.995] debug2: Finish processing RPC: REQUEST_NODE_REGISTRATION_STATUS
[2025-09-04T22:50:01.995] debug2: Finish processing RPC: REQUEST_NODE_REGISTRATION_STATUS
[2025-09-04T22:53:21.630] debug2: Start processing RPC: REQUEST_PING
[2025-09-04T22:53:21.630] debug2: Start processing RPC: REQUEST_PING
[2025-09-04T22:53:21.630] debug2: Processing RPC: REQUEST_PING
[2025-09-04T22:53:21.630] debug2: Processing RPC: REQUEST_PING
[2025-09-04T22:53:21.631] debug2: Finish processing RPC: REQUEST_PING
[2025-09-04T22:53:21.631] debug2: Finish processing RPC: REQUEST_PING
[2025-09-04T22:56:41.299] debug2: Start processing RPC: REQUEST_PING
[2025-09-04T22:56:41.299] debug2: Start processing RPC: REQUEST_PING
[2025-09-04T22:56:41.299] debug2: Processing RPC: REQUEST_PING
[2025-09-04T22:56:41.299] debug2: Processing RPC: REQUEST_PING
[2025-09-04T22:56:41.300] debug2: Finish processing RPC: REQUEST_PING
[2025-09-04T22:56:41.300] debug2: Finish processing RPC: REQUEST_PING
[2025-09-04T23:00:01.942] debug2: Start processing RPC: REQUEST_PING
[2025-09-04T23:00:01.942] debug2: Processing RPC: REQUEST_PING
[2025-09-04T23:00:01.942] debug2: Start processing RPC: REQUEST_PING
[2025-09-04T23:00:01.942] debug2: Processing RPC: REQUEST_PING
[2025-09-04T23:00:01.942] debug2: Finish processing RPC: REQUEST_PING
[2025-09-04T23:00:01.942] debug2: Finish processing RPC: REQUEST_PING
[2025-09-04T23:03:21.556] debug2: Start processing RPC: REQUEST_PING
[2025-09-04T23:03:21.556] debug2: Start processing RPC: REQUEST_PING
[2025-09-04T23:03:21.556] debug2: Processing RPC: REQUEST_PING
[2025-09-04T23:03:21.556] debug2: Processing RPC: REQUEST_PING
[2025-09-04T23:03:21.556] debug2: Finish processing RPC: REQUEST_PING
[2025-09-04T23:03:21.556] debug2: Finish processing RPC: REQUEST_PING
[2025-09-04T23:06:41.253] debug2: Start processing RPC: REQUEST_PING
[2025-09-04T23:06:41.253] debug2: Start processing RPC: REQUEST_PING
[2025-09-04T23:06:41.253] debug2: Processing RPC: REQUEST_PING
[2025-09-04T23:06:41.253] debug2: Processing RPC: REQUEST_PING
[2025-09-04T23:06:41.253] debug2: Finish processing RPC: REQUEST_PING
[2025-09-04T23:06:41.253] debug2: Finish processing RPC: REQUEST_PING
[2025-09-04T23:10:01.909] debug2: Start processing RPC: REQUEST_PING
[2025-09-04T23:10:01.909] debug2: Processing RPC: REQUEST_PING
[2025-09-04T23:10:01.909] debug2: Start processing RPC: REQUEST_PING
[2025-09-04T23:10:01.909] debug2: Processing RPC: REQUEST_PING
[2025-09-04T23:10:01.910] debug2: Finish processing RPC: REQUEST_PING
[2025-09-04T23:10:01.910] debug2: Finish processing RPC: REQUEST_PING
[2025-09-04T23:13:21.535] debug2: Start processing RPC: REQUEST_PING
[2025-09-04T23:13:21.535] debug2: Processing RPC: REQUEST_PING
[2025-09-04T23:13:21.535] debug2: Start processing RPC: REQUEST_PING
[2025-09-04T23:13:21.535] debug2: Processing RPC: REQUEST_PING
[2025-09-04T23:13:21.535] debug2: Finish processing RPC: REQUEST_PING
[2025-09-04T23:13:21.535] debug2: Finish processing RPC: REQUEST_PING
[2025-09-04T23:16:41.187] debug2: Start processing RPC: REQUEST_PING
[2025-09-04T23:16:41.187] debug2: Start processing RPC: REQUEST_PING
[2025-09-04T23:16:41.187] debug2: Processing RPC: REQUEST_PING
[2025-09-04T23:16:41.187] debug2: Processing RPC: REQUEST_PING
[2025-09-04T23:16:41.188] debug2: Finish processing RPC: REQUEST_PING
[2025-09-04T23:16:41.188] debug2: Finish processing RPC: REQUEST_PING
[2025-09-04T23:20:01.876] debug2: Start processing RPC: REQUEST_PING
[2025-09-04T23:20:01.876] debug2: Processing RPC: REQUEST_PING
[2025-09-04T23:20:01.876] debug2: Start processing RPC: REQUEST_PING
[2025-09-04T23:20:01.876] debug2: Processing RPC: REQUEST_PING
[2025-09-04T23:20:01.876] debug2: Finish processing RPC: REQUEST_PING
[2025-09-04T23:20:01.876] debug2: Finish processing RPC: REQUEST_PING
[2025-09-04T23:23:21.471] debug2: Start processing RPC: REQUEST_NODE_REGISTRATION_STATUS
[2025-09-04T23:23:21.471] debug2: Processing RPC: REQUEST_NODE_REGISTRATION_STATUS
[2025-09-04T23:23:21.471] debug2: Start processing RPC: REQUEST_NODE_REGISTRATION_STATUS
[2025-09-04T23:23:21.471] debug2: Processing RPC: REQUEST_NODE_REGISTRATION_STATUS
[2025-09-04T23:23:21.472] debug:  _handle_node_reg_resp: slurmctld sent back 8 TRES.
[2025-09-04T23:23:21.472] debug:  _handle_node_reg_resp: slurmctld sent back 8 TRES.
[2025-09-04T23:23:21.472] debug2: Finish processing RPC: REQUEST_NODE_REGISTRATION_STATUS
[2025-09-04T23:23:21.472] debug2: Finish processing RPC: REQUEST_NODE_REGISTRATION_STATUS
[2025-09-04T23:26:41.136] debug2: Start processing RPC: REQUEST_PING
[2025-09-04T23:26:41.136] debug2: Start processing RPC: REQUEST_PING
[2025-09-04T23:26:41.136] debug2: Processing RPC: REQUEST_PING
[2025-09-04T23:26:41.136] debug2: Processing RPC: REQUEST_PING
[2025-09-04T23:26:41.136] debug2: Finish processing RPC: REQUEST_PING
[2025-09-04T23:26:41.136] debug2: Finish processing RPC: REQUEST_PING
[2025-09-04T23:30:01.790] debug2: Start processing RPC: REQUEST_PING
[2025-09-04T23:30:01.790] debug2: Start processing RPC: REQUEST_PING
[2025-09-04T23:30:01.790] debug2: Processing RPC: REQUEST_PING
[2025-09-04T23:30:01.790] debug2: Processing RPC: REQUEST_PING
[2025-09-04T23:30:01.790] debug2: Finish processing RPC: REQUEST_PING
[2025-09-04T23:30:01.790] debug2: Finish processing RPC: REQUEST_PING
[2025-09-04T23:33:21.421] debug2: Start processing RPC: REQUEST_PING
[2025-09-04T23:33:21.421] debug2: Start processing RPC: REQUEST_PING
[2025-09-04T23:33:21.421] debug2: Processing RPC: REQUEST_PING
[2025-09-04T23:33:21.421] debug2: Processing RPC: REQUEST_PING
[2025-09-04T23:33:21.421] debug2: Finish processing RPC: REQUEST_PING
[2025-09-04T23:33:21.421] debug2: Finish processing RPC: REQUEST_PING
[2025-09-04T23:36:41.077] debug2: Start processing RPC: REQUEST_PING
[2025-09-04T23:36:41.077] debug2: Start processing RPC: REQUEST_PING
[2025-09-04T23:36:41.077] debug2: Processing RPC: REQUEST_PING
[2025-09-04T23:36:41.077] debug2: Processing RPC: REQUEST_PING
[2025-09-04T23:36:41.078] debug2: Finish processing RPC: REQUEST_PING
[2025-09-04T23:36:41.078] debug2: Finish processing RPC: REQUEST_PING
[2025-09-04T23:40:01.713] debug2: Start processing RPC: REQUEST_PING
[2025-09-04T23:40:01.713] debug2: Start processing RPC: REQUEST_PING
[2025-09-04T23:40:01.713] debug2: Processing RPC: REQUEST_PING
[2025-09-04T23:40:01.713] debug2: Processing RPC: REQUEST_PING
[2025-09-04T23:40:01.714] debug2: Finish processing RPC: REQUEST_PING
[2025-09-04T23:40:01.714] debug2: Finish processing RPC: REQUEST_PING
[2025-09-04T23:43:21.339] debug2: Start processing RPC: REQUEST_PING
[2025-09-04T23:43:21.339] debug2: Processing RPC: REQUEST_PING
[2025-09-04T23:43:21.339] debug2: Start processing RPC: REQUEST_PING
[2025-09-04T23:43:21.339] debug2: Processing RPC: REQUEST_PING
[2025-09-04T23:43:21.339] debug2: Finish processing RPC: REQUEST_PING
[2025-09-04T23:43:21.339] debug2: Finish processing RPC: REQUEST_PING
[2025-09-04T23:46:41.012] debug2: Start processing RPC: REQUEST_PING
[2025-09-04T23:46:41.012] debug2: Start processing RPC: REQUEST_PING
[2025-09-04T23:46:41.012] debug2: Processing RPC: REQUEST_PING
[2025-09-04T23:46:41.012] debug2: Processing RPC: REQUEST_PING
[2025-09-04T23:46:41.012] debug2: Finish processing RPC: REQUEST_PING
[2025-09-04T23:46:41.012] debug2: Finish processing RPC: REQUEST_PING
[2025-09-04T23:50:01.680] debug2: Start processing RPC: REQUEST_PING
[2025-09-04T23:50:01.680] debug2: Processing RPC: REQUEST_PING
[2025-09-04T23:50:01.680] debug2: Start processing RPC: REQUEST_PING
[2025-09-04T23:50:01.680] debug2: Processing RPC: REQUEST_PING
[2025-09-04T23:50:01.681] debug2: Finish processing RPC: REQUEST_PING
[2025-09-04T23:50:01.681] debug2: Finish processing RPC: REQUEST_PING
[2025-09-04T23:53:21.303] debug2: Start processing RPC: REQUEST_PING
[2025-09-04T23:53:21.303] debug2: Processing RPC: REQUEST_PING
[2025-09-04T23:53:21.303] debug2: Start processing RPC: REQUEST_PING
[2025-09-04T23:53:21.303] debug2: Processing RPC: REQUEST_PING
[2025-09-04T23:53:21.303] debug2: Finish processing RPC: REQUEST_PING
[2025-09-04T23:53:21.303] debug2: Finish processing RPC: REQUEST_PING
[2025-09-04T23:56:41.976] debug2: Start processing RPC: REQUEST_NODE_REGISTRATION_STATUS
[2025-09-04T23:56:41.976] debug2: Processing RPC: REQUEST_NODE_REGISTRATION_STATUS
[2025-09-04T23:56:41.976] debug2: Start processing RPC: REQUEST_NODE_REGISTRATION_STATUS
[2025-09-04T23:56:41.976] debug2: Processing RPC: REQUEST_NODE_REGISTRATION_STATUS
[2025-09-04T23:56:41.978] debug:  _handle_node_reg_resp: slurmctld sent back 8 TRES.
[2025-09-04T23:56:41.978] debug:  _handle_node_reg_resp: slurmctld sent back 8 TRES.
[2025-09-04T23:56:41.978] debug2: Finish processing RPC: REQUEST_NODE_REGISTRATION_STATUS
[2025-09-04T23:56:41.978] debug2: Finish processing RPC: REQUEST_NODE_REGISTRATION_STATUS
[2025-09-05T00:00:01.628] debug2: Start processing RPC: REQUEST_PING
[2025-09-05T00:00:01.628] debug2: Start processing RPC: REQUEST_PING
[2025-09-05T00:00:01.628] debug2: Processing RPC: REQUEST_PING
[2025-09-05T00:00:01.628] debug2: Processing RPC: REQUEST_PING
[2025-09-05T00:00:01.628] debug2: Finish processing RPC: REQUEST_PING
[2025-09-05T00:00:01.628] debug2: Finish processing RPC: REQUEST_PING
[2025-09-05T00:03:21.260] debug2: Start processing RPC: REQUEST_PING
[2025-09-05T00:03:21.260] debug2: Start processing RPC: REQUEST_PING
[2025-09-05T00:03:21.260] debug2: Processing RPC: REQUEST_PING
[2025-09-05T00:03:21.260] debug2: Processing RPC: REQUEST_PING
[2025-09-05T00:03:21.260] debug2: Finish processing RPC: REQUEST_PING
[2025-09-05T00:03:21.260] debug2: Finish processing RPC: REQUEST_PING
[2025-09-05T00:06:41.945] debug2: Start processing RPC: REQUEST_PING
[2025-09-05T00:06:41.945] debug2: Start processing RPC: REQUEST_PING
[2025-09-05T00:06:41.945] debug2: Processing RPC: REQUEST_PING
[2025-09-05T00:06:41.945] debug2: Processing RPC: REQUEST_PING
[2025-09-05T00:06:41.945] debug2: Finish processing RPC: REQUEST_PING
[2025-09-05T00:06:41.945] debug2: Finish processing RPC: REQUEST_PING
[2025-09-05T00:10:01.610] debug2: Start processing RPC: REQUEST_PING
[2025-09-05T00:10:01.610] debug2: Processing RPC: REQUEST_PING
[2025-09-05T00:10:01.610] debug2: Start processing RPC: REQUEST_PING
[2025-09-05T00:10:01.610] debug2: Processing RPC: REQUEST_PING
[2025-09-05T00:10:01.610] debug2: Finish processing RPC: REQUEST_PING
[2025-09-05T00:10:01.610] debug2: Finish processing RPC: REQUEST_PING
[2025-09-05T00:13:21.225] debug2: Start processing RPC: REQUEST_PING
[2025-09-05T00:13:21.225] debug2: Processing RPC: REQUEST_PING
[2025-09-05T00:13:21.225] debug2: Start processing RPC: REQUEST_PING
[2025-09-05T00:13:21.225] debug2: Processing RPC: REQUEST_PING
[2025-09-05T00:13:21.226] debug2: Finish processing RPC: REQUEST_PING
[2025-09-05T00:13:21.226] debug2: Finish processing RPC: REQUEST_PING
[2025-09-05T00:16:41.843] debug2: Start processing RPC: REQUEST_PING
[2025-09-05T00:16:41.843] debug2: Start processing RPC: REQUEST_PING
[2025-09-05T00:16:41.843] debug2: Processing RPC: REQUEST_PING
[2025-09-05T00:16:41.843] debug2: Processing RPC: REQUEST_PING
[2025-09-05T00:16:41.843] debug2: Finish processing RPC: REQUEST_PING
[2025-09-05T00:16:41.843] debug2: Finish processing RPC: REQUEST_PING
[2025-09-05T00:20:01.479] debug2: Start processing RPC: REQUEST_PING
[2025-09-05T00:20:01.479] debug2: Processing RPC: REQUEST_PING
[2025-09-05T00:20:01.479] debug2: Start processing RPC: REQUEST_PING
[2025-09-05T00:20:01.479] debug2: Processing RPC: REQUEST_PING
[2025-09-05T00:20:01.479] debug2: Finish processing RPC: REQUEST_PING
[2025-09-05T00:20:01.479] debug2: Finish processing RPC: REQUEST_PING
[2025-09-05T00:23:21.104] debug2: Start processing RPC: REQUEST_PING
[2025-09-05T00:23:21.104] debug2: Processing RPC: REQUEST_PING
[2025-09-05T00:23:21.104] debug2: Start processing RPC: REQUEST_PING
[2025-09-05T00:23:21.105] debug2: Processing RPC: REQUEST_PING
[2025-09-05T00:23:21.105] debug2: Finish processing RPC: REQUEST_PING
[2025-09-05T00:23:21.105] debug2: Finish processing RPC: REQUEST_PING
[2025-09-05T00:26:41.774] debug2: Start processing RPC: REQUEST_PING
[2025-09-05T00:26:41.774] debug2: Start processing RPC: REQUEST_PING
[2025-09-05T00:26:41.774] debug2: Processing RPC: REQUEST_PING
[2025-09-05T00:26:41.774] debug2: Processing RPC: REQUEST_PING
[2025-09-05T00:26:41.774] debug2: Finish processing RPC: REQUEST_PING
[2025-09-05T00:26:41.774] debug2: Finish processing RPC: REQUEST_PING
[2025-09-05T00:30:01.414] debug2: Start processing RPC: REQUEST_NODE_REGISTRATION_STATUS
[2025-09-05T00:30:01.414] debug2: Start processing RPC: REQUEST_NODE_REGISTRATION_STATUS
[2025-09-05T00:30:01.414] debug2: Processing RPC: REQUEST_NODE_REGISTRATION_STATUS
[2025-09-05T00:30:01.414] debug2: Processing RPC: REQUEST_NODE_REGISTRATION_STATUS
[2025-09-05T00:30:01.416] debug:  _handle_node_reg_resp: slurmctld sent back 8 TRES.
[2025-09-05T00:30:01.416] debug:  _handle_node_reg_resp: slurmctld sent back 8 TRES.
[2025-09-05T00:30:01.416] debug2: Finish processing RPC: REQUEST_NODE_REGISTRATION_STATUS
[2025-09-05T00:30:01.416] debug2: Finish processing RPC: REQUEST_NODE_REGISTRATION_STATUS
[2025-09-05T00:33:21.030] debug2: Start processing RPC: REQUEST_PING
[2025-09-05T00:33:21.030] debug2: Start processing RPC: REQUEST_PING
[2025-09-05T00:33:21.030] debug2: Processing RPC: REQUEST_PING
[2025-09-05T00:33:21.030] debug2: Processing RPC: REQUEST_PING
[2025-09-05T00:33:21.030] debug2: Finish processing RPC: REQUEST_PING
[2025-09-05T00:33:21.030] debug2: Finish processing RPC: REQUEST_PING
[2025-09-05T00:36:41.694] debug2: Start processing RPC: REQUEST_PING
[2025-09-05T00:36:41.694] debug2: Start processing RPC: REQUEST_PING
[2025-09-05T00:36:41.694] debug2: Processing RPC: REQUEST_PING
[2025-09-05T00:36:41.694] debug2: Processing RPC: REQUEST_PING
[2025-09-05T00:36:41.694] debug2: Finish processing RPC: REQUEST_PING
[2025-09-05T00:36:41.694] debug2: Finish processing RPC: REQUEST_PING
[2025-09-05T00:40:01.335] debug2: Start processing RPC: REQUEST_PING
[2025-09-05T00:40:01.335] debug2: Start processing RPC: REQUEST_PING
[2025-09-05T00:40:01.335] debug2: Processing RPC: REQUEST_PING
[2025-09-05T00:40:01.335] debug2: Processing RPC: REQUEST_PING
[2025-09-05T00:40:01.335] debug2: Finish processing RPC: REQUEST_PING
[2025-09-05T00:40:01.335] debug2: Finish processing RPC: REQUEST_PING
[2025-09-05T00:43:21.962] debug2: Start processing RPC: REQUEST_PING
[2025-09-05T00:43:21.962] debug2: Processing RPC: REQUEST_PING
[2025-09-05T00:43:21.962] debug2: Start processing RPC: REQUEST_PING
[2025-09-05T00:43:21.962] debug2: Processing RPC: REQUEST_PING
[2025-09-05T00:43:21.962] debug2: Finish processing RPC: REQUEST_PING
[2025-09-05T00:43:21.962] debug2: Finish processing RPC: REQUEST_PING
[2025-09-05T00:46:41.627] debug2: Start processing RPC: REQUEST_PING
[2025-09-05T00:46:41.627] debug2: Processing RPC: REQUEST_PING
[2025-09-05T00:46:41.627] debug2: Start processing RPC: REQUEST_PING
[2025-09-05T00:46:41.627] debug2: Processing RPC: REQUEST_PING
[2025-09-05T00:46:41.627] debug2: Finish processing RPC: REQUEST_PING
[2025-09-05T00:46:41.627] debug2: Finish processing RPC: REQUEST_PING
[2025-09-05T00:50:01.229] debug2: Start processing RPC: REQUEST_PING
[2025-09-05T00:50:01.230] debug2: Start processing RPC: REQUEST_PING
[2025-09-05T00:50:01.230] debug2: Processing RPC: REQUEST_PING
[2025-09-05T00:50:01.230] debug2: Processing RPC: REQUEST_PING
[2025-09-05T00:50:01.230] debug2: Finish processing RPC: REQUEST_PING
[2025-09-05T00:50:01.230] debug2: Finish processing RPC: REQUEST_PING
[2025-09-05T00:53:21.855] debug2: Start processing RPC: REQUEST_PING
[2025-09-05T00:53:21.855] debug2: Start processing RPC: REQUEST_PING
[2025-09-05T00:53:21.855] debug2: Processing RPC: REQUEST_PING
[2025-09-05T00:53:21.855] debug2: Processing RPC: REQUEST_PING
[2025-09-05T00:53:21.855] debug2: Finish processing RPC: REQUEST_PING
[2025-09-05T00:53:21.855] debug2: Finish processing RPC: REQUEST_PING
[2025-09-05T00:56:41.522] debug2: Start processing RPC: REQUEST_PING
[2025-09-05T00:56:41.522] debug2: Start processing RPC: REQUEST_PING
[2025-09-05T00:56:41.522] debug2: Processing RPC: REQUEST_PING
[2025-09-05T00:56:41.522] debug2: Processing RPC: REQUEST_PING
[2025-09-05T00:56:41.522] debug2: Finish processing RPC: REQUEST_PING
[2025-09-05T00:56:41.522] debug2: Finish processing RPC: REQUEST_PING
[2025-09-05T01:00:01.180] debug2: Start processing RPC: REQUEST_PING
[2025-09-05T01:00:01.181] debug2: Processing RPC: REQUEST_PING
[2025-09-05T01:00:01.181] debug2: Start processing RPC: REQUEST_PING
[2025-09-05T01:00:01.181] debug2: Processing RPC: REQUEST_PING
[2025-09-05T01:00:01.181] debug2: Finish processing RPC: REQUEST_PING
[2025-09-05T01:00:01.181] debug2: Finish processing RPC: REQUEST_PING
[2025-09-05T01:03:21.754] debug2: Start processing RPC: REQUEST_NODE_REGISTRATION_STATUS
[2025-09-05T01:03:21.754] debug2: Processing RPC: REQUEST_NODE_REGISTRATION_STATUS
[2025-09-05T01:03:21.754] debug2: Start processing RPC: REQUEST_NODE_REGISTRATION_STATUS
[2025-09-05T01:03:21.754] debug2: Processing RPC: REQUEST_NODE_REGISTRATION_STATUS
[2025-09-05T01:03:21.756] debug:  _handle_node_reg_resp: slurmctld sent back 8 TRES.
[2025-09-05T01:03:21.756] debug:  _handle_node_reg_resp: slurmctld sent back 8 TRES.
[2025-09-05T01:03:21.756] debug2: Finish processing RPC: REQUEST_NODE_REGISTRATION_STATUS
[2025-09-05T01:03:21.756] debug2: Finish processing RPC: REQUEST_NODE_REGISTRATION_STATUS
[2025-09-05T01:06:41.397] debug2: Start processing RPC: REQUEST_PING
[2025-09-05T01:06:41.397] debug2: Processing RPC: REQUEST_PING
[2025-09-05T01:06:41.397] debug2: Start processing RPC: REQUEST_PING
[2025-09-05T01:06:41.397] debug2: Processing RPC: REQUEST_PING
[2025-09-05T01:06:41.398] debug2: Finish processing RPC: REQUEST_PING
[2025-09-05T01:06:41.398] debug2: Finish processing RPC: REQUEST_PING
[2025-09-05T01:10:01.143] debug2: Start processing RPC: REQUEST_PING
[2025-09-05T01:10:01.143] debug2: Start processing RPC: REQUEST_PING
[2025-09-05T01:10:01.143] debug2: Processing RPC: REQUEST_PING
[2025-09-05T01:10:01.143] debug2: Processing RPC: REQUEST_PING
[2025-09-05T01:10:01.143] debug2: Finish processing RPC: REQUEST_PING
[2025-09-05T01:10:01.143] debug2: Finish processing RPC: REQUEST_PING
[2025-09-05T01:13:21.756] debug2: Start processing RPC: REQUEST_PING
[2025-09-05T01:13:21.756] debug2: Start processing RPC: REQUEST_PING
[2025-09-05T01:13:21.756] debug2: Processing RPC: REQUEST_PING
[2025-09-05T01:13:21.756] debug2: Processing RPC: REQUEST_PING
[2025-09-05T01:13:21.757] debug2: Finish processing RPC: REQUEST_PING
[2025-09-05T01:13:21.757] debug2: Finish processing RPC: REQUEST_PING
[2025-09-05T01:16:41.428] debug2: Start processing RPC: REQUEST_PING
[2025-09-05T01:16:41.428] debug2: Processing RPC: REQUEST_PING
[2025-09-05T01:16:41.428] debug2: Start processing RPC: REQUEST_PING
[2025-09-05T01:16:41.428] debug2: Processing RPC: REQUEST_PING
[2025-09-05T01:16:41.428] debug2: Finish processing RPC: REQUEST_PING
[2025-09-05T01:16:41.428] debug2: Finish processing RPC: REQUEST_PING
[2025-09-05T01:20:01.079] debug2: Start processing RPC: REQUEST_PING
[2025-09-05T01:20:01.080] debug2: Start processing RPC: REQUEST_PING
[2025-09-05T01:20:01.080] debug2: Processing RPC: REQUEST_PING
[2025-09-05T01:20:01.080] debug2: Processing RPC: REQUEST_PING
[2025-09-05T01:20:01.080] debug2: Finish processing RPC: REQUEST_PING
[2025-09-05T01:20:01.080] debug2: Finish processing RPC: REQUEST_PING
[2025-09-05T01:23:21.696] debug2: Start processing RPC: REQUEST_PING
[2025-09-05T01:23:21.696] debug2: Start processing RPC: REQUEST_PING
[2025-09-05T01:23:21.696] debug2: Processing RPC: REQUEST_PING
[2025-09-05T01:23:21.696] debug2: Processing RPC: REQUEST_PING
[2025-09-05T01:23:21.697] debug2: Finish processing RPC: REQUEST_PING
[2025-09-05T01:23:21.697] debug2: Finish processing RPC: REQUEST_PING
[2025-09-05T01:26:41.367] debug2: Start processing RPC: REQUEST_PING
[2025-09-05T01:26:41.367] debug2: Processing RPC: REQUEST_PING
[2025-09-05T01:26:41.367] debug2: Start processing RPC: REQUEST_PING
[2025-09-05T01:26:41.367] debug2: Processing RPC: REQUEST_PING
[2025-09-05T01:26:41.368] debug2: Finish processing RPC: REQUEST_PING
[2025-09-05T01:26:41.368] debug2: Finish processing RPC: REQUEST_PING
[2025-09-05T01:30:01.038] debug2: Start processing RPC: REQUEST_PING
[2025-09-05T01:30:01.038] debug2: Start processing RPC: REQUEST_PING
[2025-09-05T01:30:01.038] debug2: Processing RPC: REQUEST_PING
[2025-09-05T01:30:01.038] debug2: Processing RPC: REQUEST_PING
[2025-09-05T01:30:01.038] debug2: Finish processing RPC: REQUEST_PING
[2025-09-05T01:30:01.038] debug2: Finish processing RPC: REQUEST_PING
[2025-09-05T01:33:21.643] debug2: Start processing RPC: REQUEST_PING
[2025-09-05T01:33:21.643] debug2: Start processing RPC: REQUEST_PING
[2025-09-05T01:33:21.643] debug2: Processing RPC: REQUEST_PING
[2025-09-05T01:33:21.643] debug2: Processing RPC: REQUEST_PING
[2025-09-05T01:33:21.643] debug2: Finish processing RPC: REQUEST_PING
[2025-09-05T01:33:21.643] debug2: Finish processing RPC: REQUEST_PING
[2025-09-05T01:36:41.294] debug2: Start processing RPC: REQUEST_NODE_REGISTRATION_STATUS
[2025-09-05T01:36:41.294] debug2: Start processing RPC: REQUEST_NODE_REGISTRATION_STATUS
[2025-09-05T01:36:41.294] debug2: Processing RPC: REQUEST_NODE_REGISTRATION_STATUS
[2025-09-05T01:36:41.294] debug2: Processing RPC: REQUEST_NODE_REGISTRATION_STATUS
[2025-09-05T01:36:41.295] debug:  _handle_node_reg_resp: slurmctld sent back 8 TRES.
[2025-09-05T01:36:41.296] debug:  _handle_node_reg_resp: slurmctld sent back 8 TRES.
[2025-09-05T01:36:41.296] debug2: Finish processing RPC: REQUEST_NODE_REGISTRATION_STATUS
[2025-09-05T01:36:41.296] debug2: Finish processing RPC: REQUEST_NODE_REGISTRATION_STATUS
[2025-09-05T01:40:01.977] debug2: Start processing RPC: REQUEST_PING
[2025-09-05T01:40:01.977] debug2: Processing RPC: REQUEST_PING
[2025-09-05T01:40:01.977] debug2: Start processing RPC: REQUEST_PING
[2025-09-05T01:40:01.977] debug2: Processing RPC: REQUEST_PING
[2025-09-05T01:40:01.977] debug2: Finish processing RPC: REQUEST_PING
[2025-09-05T01:40:01.977] debug2: Finish processing RPC: REQUEST_PING
[2025-09-05T01:43:21.571] debug2: Start processing RPC: REQUEST_PING
[2025-09-05T01:43:21.571] debug2: Processing RPC: REQUEST_PING
[2025-09-05T01:43:21.571] debug2: Start processing RPC: REQUEST_PING
[2025-09-05T01:43:21.571] debug2: Processing RPC: REQUEST_PING
[2025-09-05T01:43:21.571] debug2: Finish processing RPC: REQUEST_PING
[2025-09-05T01:43:21.571] debug2: Finish processing RPC: REQUEST_PING
[2025-09-05T01:46:41.232] debug2: Start processing RPC: REQUEST_PING
[2025-09-05T01:46:41.232] debug2: Processing RPC: REQUEST_PING
[2025-09-05T01:46:41.232] debug2: Start processing RPC: REQUEST_PING
[2025-09-05T01:46:41.232] debug2: Processing RPC: REQUEST_PING
[2025-09-05T01:46:41.232] debug2: Finish processing RPC: REQUEST_PING
[2025-09-05T01:46:41.232] debug2: Finish processing RPC: REQUEST_PING
[2025-09-05T01:50:01.892] debug2: Start processing RPC: REQUEST_PING
[2025-09-05T01:50:01.892] debug2: Start processing RPC: REQUEST_PING
[2025-09-05T01:50:01.892] debug2: Processing RPC: REQUEST_PING
[2025-09-05T01:50:01.892] debug2: Processing RPC: REQUEST_PING
[2025-09-05T01:50:01.893] debug2: Finish processing RPC: REQUEST_PING
[2025-09-05T01:50:01.893] debug2: Finish processing RPC: REQUEST_PING
[2025-09-05T01:53:21.507] debug2: Start processing RPC: REQUEST_PING
[2025-09-05T01:53:21.507] debug2: Start processing RPC: REQUEST_PING
[2025-09-05T01:53:21.507] debug2: Processing RPC: REQUEST_PING
[2025-09-05T01:53:21.507] debug2: Processing RPC: REQUEST_PING
[2025-09-05T01:53:21.507] debug2: Finish processing RPC: REQUEST_PING
[2025-09-05T01:53:21.507] debug2: Finish processing RPC: REQUEST_PING
[2025-09-05T01:56:41.181] debug2: Start processing RPC: REQUEST_PING
[2025-09-05T01:56:41.181] debug2: Processing RPC: REQUEST_PING
[2025-09-05T01:56:41.181] debug2: Start processing RPC: REQUEST_PING
[2025-09-05T01:56:41.181] debug2: Processing RPC: REQUEST_PING
[2025-09-05T01:56:41.181] debug2: Finish processing RPC: REQUEST_PING
[2025-09-05T01:56:41.181] debug2: Finish processing RPC: REQUEST_PING
[2025-09-05T02:00:01.824] debug2: Start processing RPC: REQUEST_PING
[2025-09-05T02:00:01.824] debug2: Processing RPC: REQUEST_PING
[2025-09-05T02:00:01.824] debug2: Start processing RPC: REQUEST_PING
[2025-09-05T02:00:01.824] debug2: Processing RPC: REQUEST_PING
[2025-09-05T02:00:01.824] debug2: Finish processing RPC: REQUEST_PING
[2025-09-05T02:00:01.824] debug2: Finish processing RPC: REQUEST_PING
[2025-09-05T02:03:21.418] debug2: Start processing RPC: REQUEST_PING
[2025-09-05T02:03:21.418] debug2: Processing RPC: REQUEST_PING
[2025-09-05T02:03:21.418] debug2: Start processing RPC: REQUEST_PING
[2025-09-05T02:03:21.418] debug2: Processing RPC: REQUEST_PING
[2025-09-05T02:03:21.418] debug2: Finish processing RPC: REQUEST_PING
[2025-09-05T02:03:21.418] debug2: Finish processing RPC: REQUEST_PING
[2025-09-05T02:06:41.078] debug2: Start processing RPC: REQUEST_PING
[2025-09-05T02:06:41.078] debug2: Processing RPC: REQUEST_PING
[2025-09-05T02:06:41.078] debug2: Start processing RPC: REQUEST_PING
[2025-09-05T02:06:41.078] debug2: Processing RPC: REQUEST_PING
[2025-09-05T02:06:41.079] debug2: Finish processing RPC: REQUEST_PING
[2025-09-05T02:06:41.079] debug2: Finish processing RPC: REQUEST_PING
[2025-09-05T02:10:01.703] debug2: Start processing RPC: REQUEST_NODE_REGISTRATION_STATUS
[2025-09-05T02:10:01.703] debug2: Start processing RPC: REQUEST_NODE_REGISTRATION_STATUS
[2025-09-05T02:10:01.704] debug2: Processing RPC: REQUEST_NODE_REGISTRATION_STATUS
[2025-09-05T02:10:01.704] debug2: Processing RPC: REQUEST_NODE_REGISTRATION_STATUS
[2025-09-05T02:10:01.705] debug:  _handle_node_reg_resp: slurmctld sent back 8 TRES.
[2025-09-05T02:10:01.705] debug:  _handle_node_reg_resp: slurmctld sent back 8 TRES.
[2025-09-05T02:10:01.705] debug2: Finish processing RPC: REQUEST_NODE_REGISTRATION_STATUS
[2025-09-05T02:10:01.705] debug2: Finish processing RPC: REQUEST_NODE_REGISTRATION_STATUS
[2025-09-05T02:13:21.331] debug2: Start processing RPC: REQUEST_PING
[2025-09-05T02:13:21.331] debug2: Start processing RPC: REQUEST_PING
[2025-09-05T02:13:21.331] debug2: Processing RPC: REQUEST_PING
[2025-09-05T02:13:21.331] debug2: Processing RPC: REQUEST_PING
[2025-09-05T02:13:21.331] debug2: Finish processing RPC: REQUEST_PING
[2025-09-05T02:13:21.331] debug2: Finish processing RPC: REQUEST_PING
[2025-09-05T02:16:41.990] debug2: Start processing RPC: REQUEST_PING
[2025-09-05T02:16:41.990] debug2: Start processing RPC: REQUEST_PING
[2025-09-05T02:16:41.990] debug2: Processing RPC: REQUEST_PING
[2025-09-05T02:16:41.990] debug2: Processing RPC: REQUEST_PING
[2025-09-05T02:16:41.991] debug2: Finish processing RPC: REQUEST_PING
[2025-09-05T02:16:41.991] debug2: Finish processing RPC: REQUEST_PING
[2025-09-05T02:20:01.286] debug2: Start processing RPC: REQUEST_PING
[2025-09-05T02:20:01.286] debug2: Start processing RPC: REQUEST_PING
[2025-09-05T02:20:01.286] debug2: Processing RPC: REQUEST_PING
[2025-09-05T02:20:01.286] debug2: Processing RPC: REQUEST_PING
[2025-09-05T02:20:01.287] debug2: Finish processing RPC: REQUEST_PING
[2025-09-05T02:20:01.287] debug2: Finish processing RPC: REQUEST_PING
[2025-09-05T02:23:21.507] debug2: Start processing RPC: REQUEST_PING
[2025-09-05T02:23:21.507] debug2: Processing RPC: REQUEST_PING
[2025-09-05T02:23:21.507] debug2: Start processing RPC: REQUEST_PING
[2025-09-05T02:23:21.507] debug2: Processing RPC: REQUEST_PING
[2025-09-05T02:23:21.508] debug2: Finish processing RPC: REQUEST_PING
[2025-09-05T02:23:21.508] debug2: Finish processing RPC: REQUEST_PING
[2025-09-05T02:26:41.787] debug2: Start processing RPC: REQUEST_PING
[2025-09-05T02:26:41.787] debug2: Start processing RPC: REQUEST_PING
[2025-09-05T02:26:41.787] debug2: Processing RPC: REQUEST_PING
[2025-09-05T02:26:41.787] debug2: Processing RPC: REQUEST_PING
[2025-09-05T02:26:41.787] debug2: Finish processing RPC: REQUEST_PING
[2025-09-05T02:26:41.787] debug2: Finish processing RPC: REQUEST_PING
[2025-09-05T02:30:01.070] debug2: Start processing RPC: REQUEST_PING
[2025-09-05T02:30:01.070] debug2: Start processing RPC: REQUEST_PING
[2025-09-05T02:30:01.070] debug2: Processing RPC: REQUEST_PING
[2025-09-05T02:30:01.070] debug2: Processing RPC: REQUEST_PING
[2025-09-05T02:30:01.070] debug2: Finish processing RPC: REQUEST_PING
[2025-09-05T02:30:01.070] debug2: Finish processing RPC: REQUEST_PING
[2025-09-05T02:33:21.303] debug2: Start processing RPC: REQUEST_PING
[2025-09-05T02:33:21.303] debug2: Processing RPC: REQUEST_PING
[2025-09-05T02:33:21.303] debug2: Start processing RPC: REQUEST_PING
[2025-09-05T02:33:21.303] debug2: Processing RPC: REQUEST_PING
[2025-09-05T02:33:21.303] debug2: Finish processing RPC: REQUEST_PING
[2025-09-05T02:33:21.303] debug2: Finish processing RPC: REQUEST_PING
[2025-09-05T02:36:41.602] debug2: Start processing RPC: REQUEST_PING
[2025-09-05T02:36:41.603] debug2: Processing RPC: REQUEST_PING
[2025-09-05T02:36:41.603] debug2: Start processing RPC: REQUEST_PING
[2025-09-05T02:36:41.603] debug2: Processing RPC: REQUEST_PING
[2025-09-05T02:36:41.603] debug2: Finish processing RPC: REQUEST_PING
[2025-09-05T02:36:41.603] debug2: Finish processing RPC: REQUEST_PING
[2025-09-05T02:40:01.894] debug2: Start processing RPC: REQUEST_PING
[2025-09-05T02:40:01.894] debug2: Start processing RPC: REQUEST_PING
[2025-09-05T02:40:01.894] debug2: Processing RPC: REQUEST_PING
[2025-09-05T02:40:01.894] debug2: Processing RPC: REQUEST_PING
[2025-09-05T02:40:01.894] debug2: Finish processing RPC: REQUEST_PING
[2025-09-05T02:40:01.894] debug2: Finish processing RPC: REQUEST_PING
[2025-09-05T02:43:21.135] debug2: Start processing RPC: REQUEST_NODE_REGISTRATION_STATUS
[2025-09-05T02:43:21.135] debug2: Start processing RPC: REQUEST_NODE_REGISTRATION_STATUS
[2025-09-05T02:43:21.135] debug2: Processing RPC: REQUEST_NODE_REGISTRATION_STATUS
[2025-09-05T02:43:21.135] debug2: Processing RPC: REQUEST_NODE_REGISTRATION_STATUS
[2025-09-05T02:43:21.137] debug:  _handle_node_reg_resp: slurmctld sent back 8 TRES.
[2025-09-05T02:43:21.137] debug:  _handle_node_reg_resp: slurmctld sent back 8 TRES.
[2025-09-05T02:43:21.137] debug2: Finish processing RPC: REQUEST_NODE_REGISTRATION_STATUS
[2025-09-05T02:43:21.137] debug2: Finish processing RPC: REQUEST_NODE_REGISTRATION_STATUS
[2025-09-05T02:46:41.433] debug2: Start processing RPC: REQUEST_PING
[2025-09-05T02:46:41.433] debug2: Start processing RPC: REQUEST_PING
[2025-09-05T02:46:41.433] debug2: Processing RPC: REQUEST_PING
[2025-09-05T02:46:41.433] debug2: Processing RPC: REQUEST_PING
[2025-09-05T02:46:41.433] debug2: Finish processing RPC: REQUEST_PING
[2025-09-05T02:46:41.433] debug2: Finish processing RPC: REQUEST_PING
[2025-09-05T02:50:01.717] debug2: Start processing RPC: REQUEST_PING
[2025-09-05T02:50:01.717] debug2: Processing RPC: REQUEST_PING
[2025-09-05T02:50:01.717] debug2: Start processing RPC: REQUEST_PING
[2025-09-05T02:50:01.717] debug2: Processing RPC: REQUEST_PING
[2025-09-05T02:50:01.718] debug2: Finish processing RPC: REQUEST_PING
[2025-09-05T02:50:01.718] debug2: Finish processing RPC: REQUEST_PING
[2025-09-05T02:53:21.961] debug2: Start processing RPC: REQUEST_PING
[2025-09-05T02:53:21.961] debug2: Start processing RPC: REQUEST_PING
[2025-09-05T02:53:21.961] debug2: Processing RPC: REQUEST_PING
[2025-09-05T02:53:21.961] debug2: Processing RPC: REQUEST_PING
[2025-09-05T02:53:21.962] debug2: Finish processing RPC: REQUEST_PING
[2025-09-05T02:53:21.962] debug2: Finish processing RPC: REQUEST_PING
[2025-09-05T02:56:41.269] debug2: Start processing RPC: REQUEST_PING
[2025-09-05T02:56:41.269] debug2: Processing RPC: REQUEST_PING
[2025-09-05T02:56:41.269] debug2: Start processing RPC: REQUEST_PING
[2025-09-05T02:56:41.269] debug2: Processing RPC: REQUEST_PING
[2025-09-05T02:56:41.269] debug2: Finish processing RPC: REQUEST_PING
[2025-09-05T02:56:41.269] debug2: Finish processing RPC: REQUEST_PING
[2025-09-05T03:00:01.573] debug2: Start processing RPC: REQUEST_PING
[2025-09-05T03:00:01.573] debug2: Processing RPC: REQUEST_PING
[2025-09-05T03:00:01.573] debug2: Start processing RPC: REQUEST_PING
[2025-09-05T03:00:01.573] debug2: Processing RPC: REQUEST_PING
[2025-09-05T03:00:01.574] debug2: Finish processing RPC: REQUEST_PING
[2025-09-05T03:00:01.574] debug2: Finish processing RPC: REQUEST_PING
[2025-09-05T03:03:21.814] debug2: Start processing RPC: REQUEST_PING
[2025-09-05T03:03:21.814] debug2: Processing RPC: REQUEST_PING
[2025-09-05T03:03:21.814] debug2: Start processing RPC: REQUEST_PING
[2025-09-05T03:03:21.814] debug2: Processing RPC: REQUEST_PING
[2025-09-05T03:03:21.814] debug2: Finish processing RPC: REQUEST_PING
[2025-09-05T03:03:21.814] debug2: Finish processing RPC: REQUEST_PING
[2025-09-05T03:06:41.126] debug2: Start processing RPC: REQUEST_PING
[2025-09-05T03:06:41.126] debug2: Start processing RPC: REQUEST_PING
[2025-09-05T03:06:41.126] debug2: Processing RPC: REQUEST_PING
[2025-09-05T03:06:41.126] debug2: Processing RPC: REQUEST_PING
[2025-09-05T03:06:41.126] debug2: Finish processing RPC: REQUEST_PING
[2025-09-05T03:06:41.126] debug2: Finish processing RPC: REQUEST_PING
[2025-09-05T03:10:01.412] debug2: Start processing RPC: REQUEST_PING
[2025-09-05T03:10:01.412] debug2: Start processing RPC: REQUEST_PING
[2025-09-05T03:10:01.412] debug2: Processing RPC: REQUEST_PING
[2025-09-05T03:10:01.412] debug2: Processing RPC: REQUEST_PING
[2025-09-05T03:10:01.412] debug2: Finish processing RPC: REQUEST_PING
[2025-09-05T03:10:01.412] debug2: Finish processing RPC: REQUEST_PING
[2025-09-05T03:13:21.649] debug2: Start processing RPC: REQUEST_PING
[2025-09-05T03:13:21.649] debug2: Start processing RPC: REQUEST_PING
[2025-09-05T03:13:21.649] debug2: Processing RPC: REQUEST_PING
[2025-09-05T03:13:21.649] debug2: Processing RPC: REQUEST_PING
[2025-09-05T03:13:21.649] debug2: Finish processing RPC: REQUEST_PING
[2025-09-05T03:13:21.650] debug2: Finish processing RPC: REQUEST_PING
[2025-09-05T03:16:41.946] debug2: Start processing RPC: REQUEST_NODE_REGISTRATION_STATUS
[2025-09-05T03:16:41.946] debug2: Start processing RPC: REQUEST_NODE_REGISTRATION_STATUS
[2025-09-05T03:16:41.946] debug2: Processing RPC: REQUEST_NODE_REGISTRATION_STATUS
[2025-09-05T03:16:41.946] debug2: Processing RPC: REQUEST_NODE_REGISTRATION_STATUS
[2025-09-05T03:16:41.947] debug:  _handle_node_reg_resp: slurmctld sent back 8 TRES.
[2025-09-05T03:16:41.947] debug:  _handle_node_reg_resp: slurmctld sent back 8 TRES.
[2025-09-05T03:16:41.948] debug2: Finish processing RPC: REQUEST_NODE_REGISTRATION_STATUS
[2025-09-05T03:16:41.948] debug2: Finish processing RPC: REQUEST_NODE_REGISTRATION_STATUS
[2025-09-05T03:20:01.219] debug2: Start processing RPC: REQUEST_PING
[2025-09-05T03:20:01.219] debug2: Start processing RPC: REQUEST_PING
[2025-09-05T03:20:01.219] debug2: Processing RPC: REQUEST_PING
[2025-09-05T03:20:01.219] debug2: Processing RPC: REQUEST_PING
[2025-09-05T03:20:01.219] debug2: Finish processing RPC: REQUEST_PING
[2025-09-05T03:20:01.219] debug2: Finish processing RPC: REQUEST_PING
[2025-09-05T03:23:21.425] debug2: Start processing RPC: REQUEST_PING
[2025-09-05T03:23:21.425] debug2: Start processing RPC: REQUEST_PING
[2025-09-05T03:23:21.425] debug2: Processing RPC: REQUEST_PING
[2025-09-05T03:23:21.425] debug2: Processing RPC: REQUEST_PING
[2025-09-05T03:23:21.426] debug2: Finish processing RPC: REQUEST_PING
[2025-09-05T03:23:21.426] debug2: Finish processing RPC: REQUEST_PING
[2025-09-05T03:26:41.104] debug2: Start processing RPC: REQUEST_PING
[2025-09-05T03:26:41.104] debug2: Start processing RPC: REQUEST_PING
[2025-09-05T03:26:41.104] debug2: Processing RPC: REQUEST_PING
[2025-09-05T03:26:41.104] debug2: Processing RPC: REQUEST_PING
[2025-09-05T03:26:41.105] debug2: Finish processing RPC: REQUEST_PING
[2025-09-05T03:26:41.105] debug2: Finish processing RPC: REQUEST_PING
[2025-09-05T03:30:01.838] debug2: Start processing RPC: REQUEST_PING
[2025-09-05T03:30:01.838] debug2: Start processing RPC: REQUEST_PING
[2025-09-05T03:30:01.838] debug2: Processing RPC: REQUEST_PING
[2025-09-05T03:30:01.838] debug2: Processing RPC: REQUEST_PING
[2025-09-05T03:30:01.838] debug2: Finish processing RPC: REQUEST_PING
[2025-09-05T03:30:01.838] debug2: Finish processing RPC: REQUEST_PING
[2025-09-05T03:33:21.399] debug2: Start processing RPC: REQUEST_PING
[2025-09-05T03:33:21.399] debug2: Processing RPC: REQUEST_PING
[2025-09-05T03:33:21.399] debug2: Start processing RPC: REQUEST_PING
[2025-09-05T03:33:21.399] debug2: Processing RPC: REQUEST_PING
[2025-09-05T03:33:21.399] debug2: Finish processing RPC: REQUEST_PING
[2025-09-05T03:33:21.399] debug2: Finish processing RPC: REQUEST_PING
[2025-09-05T03:36:41.596] debug2: Start processing RPC: REQUEST_PING
[2025-09-05T03:36:41.596] debug2: Start processing RPC: REQUEST_PING
[2025-09-05T03:36:41.596] debug2: Processing RPC: REQUEST_PING
[2025-09-05T03:36:41.596] debug2: Processing RPC: REQUEST_PING
[2025-09-05T03:36:41.596] debug2: Finish processing RPC: REQUEST_PING
[2025-09-05T03:36:41.596] debug2: Finish processing RPC: REQUEST_PING
[2025-09-05T03:40:01.425] debug2: Start processing RPC: REQUEST_PING
[2025-09-05T03:40:01.425] debug2: Start processing RPC: REQUEST_PING
[2025-09-05T03:40:01.425] debug2: Processing RPC: REQUEST_PING
[2025-09-05T03:40:01.425] debug2: Processing RPC: REQUEST_PING
[2025-09-05T03:40:01.425] debug2: Finish processing RPC: REQUEST_PING
[2025-09-05T03:40:01.425] debug2: Finish processing RPC: REQUEST_PING
[2025-09-05T03:43:21.344] debug2: Start processing RPC: REQUEST_PING
[2025-09-05T03:43:21.344] debug2: Start processing RPC: REQUEST_PING
[2025-09-05T03:43:21.344] debug2: Processing RPC: REQUEST_PING
[2025-09-05T03:43:21.344] debug2: Processing RPC: REQUEST_PING
[2025-09-05T03:43:21.344] debug2: Finish processing RPC: REQUEST_PING
[2025-09-05T03:43:21.344] debug2: Finish processing RPC: REQUEST_PING
[2025-09-05T03:46:41.732] debug2: Start processing RPC: REQUEST_PING
[2025-09-05T03:46:41.732] debug2: Processing RPC: REQUEST_PING
[2025-09-05T03:46:41.732] debug2: Start processing RPC: REQUEST_PING
[2025-09-05T03:46:41.732] debug2: Processing RPC: REQUEST_PING
[2025-09-05T03:46:41.733] debug2: Finish processing RPC: REQUEST_PING
[2025-09-05T03:46:41.733] debug2: Finish processing RPC: REQUEST_PING
[2025-09-05T03:50:02.000] debug2: Start processing RPC: REQUEST_NODE_REGISTRATION_STATUS
[2025-09-05T03:50:02.000] debug2: Start processing RPC: REQUEST_NODE_REGISTRATION_STATUS
[2025-09-05T03:50:02.000] debug2: Processing RPC: REQUEST_NODE_REGISTRATION_STATUS
[2025-09-05T03:50:02.000] debug2: Processing RPC: REQUEST_NODE_REGISTRATION_STATUS
[2025-09-05T03:50:02.002] debug:  _handle_node_reg_resp: slurmctld sent back 8 TRES.
[2025-09-05T03:50:02.002] debug2: Finish processing RPC: REQUEST_NODE_REGISTRATION_STATUS
[2025-09-05T03:50:02.002] debug:  _handle_node_reg_resp: slurmctld sent back 8 TRES.
[2025-09-05T03:50:02.002] debug2: Finish processing RPC: REQUEST_NODE_REGISTRATION_STATUS
[2025-09-05T03:53:21.291] debug2: Start processing RPC: REQUEST_PING
[2025-09-05T03:53:21.291] debug2: Processing RPC: REQUEST_PING
[2025-09-05T03:53:21.291] debug2: Start processing RPC: REQUEST_PING
[2025-09-05T03:53:21.291] debug2: Processing RPC: REQUEST_PING
[2025-09-05T03:53:21.291] debug2: Finish processing RPC: REQUEST_PING
[2025-09-05T03:53:21.291] debug2: Finish processing RPC: REQUEST_PING
[2025-09-05T03:56:41.577] debug2: Start processing RPC: REQUEST_PING
[2025-09-05T03:56:41.577] debug2: Start processing RPC: REQUEST_PING
[2025-09-05T03:56:41.577] debug2: Processing RPC: REQUEST_PING
[2025-09-05T03:56:41.577] debug2: Processing RPC: REQUEST_PING
[2025-09-05T03:56:41.578] debug2: Finish processing RPC: REQUEST_PING
[2025-09-05T03:56:41.578] debug2: Finish processing RPC: REQUEST_PING
[2025-09-05T04:00:01.944] debug2: Start processing RPC: REQUEST_PING
[2025-09-05T04:00:01.944] debug2: Start processing RPC: REQUEST_PING
[2025-09-05T04:00:01.944] debug2: Processing RPC: REQUEST_PING
[2025-09-05T04:00:01.944] debug2: Processing RPC: REQUEST_PING
[2025-09-05T04:00:01.945] debug2: Finish processing RPC: REQUEST_PING
[2025-09-05T04:00:01.945] debug2: Finish processing RPC: REQUEST_PING
[2025-09-05T04:03:21.096] debug2: Start processing RPC: REQUEST_PING
[2025-09-05T04:03:21.096] debug2: Start processing RPC: REQUEST_PING
[2025-09-05T04:03:21.096] debug2: Processing RPC: REQUEST_PING
[2025-09-05T04:03:21.096] debug2: Processing RPC: REQUEST_PING
[2025-09-05T04:03:21.096] debug2: Finish processing RPC: REQUEST_PING
[2025-09-05T04:03:21.096] debug2: Finish processing RPC: REQUEST_PING
[2025-09-05T04:05:02.044] debug2: Start processing RPC: REQUEST_PING
[2025-09-05T04:05:02.044] debug2: Start processing RPC: REQUEST_PING
[2025-09-05T04:05:02.044] debug2: Processing RPC: REQUEST_PING
[2025-09-05T04:05:02.044] debug2: Processing RPC: REQUEST_PING
[2025-09-05T04:05:02.044] debug2: Finish processing RPC: REQUEST_PING
[2025-09-05T04:05:02.044] debug2: Finish processing RPC: REQUEST_PING
[2025-09-05T04:08:22.123] debug2: Start processing RPC: REQUEST_PING
[2025-09-05T04:08:22.123] debug2: Start processing RPC: REQUEST_PING
[2025-09-05T04:08:22.123] debug2: Processing RPC: REQUEST_PING
[2025-09-05T04:08:22.123] debug2: Processing RPC: REQUEST_PING
[2025-09-05T04:08:22.124] debug2: Finish processing RPC: REQUEST_PING
[2025-09-05T04:08:22.124] debug2: Finish processing RPC: REQUEST_PING
[2025-09-05T04:11:42.552] debug2: Start processing RPC: REQUEST_PING
[2025-09-05T04:11:42.552] debug2: Processing RPC: REQUEST_PING
[2025-09-05T04:11:42.552] debug2: Start processing RPC: REQUEST_PING
[2025-09-05T04:11:42.552] debug2: Processing RPC: REQUEST_PING
[2025-09-05T04:11:42.552] debug2: Finish processing RPC: REQUEST_PING
[2025-09-05T04:11:42.552] debug2: Finish processing RPC: REQUEST_PING
[2025-09-05T04:15:02.844] debug2: Start processing RPC: REQUEST_PING
[2025-09-05T04:15:02.844] debug2: Start processing RPC: REQUEST_PING
[2025-09-05T04:15:02.844] debug2: Processing RPC: REQUEST_PING
[2025-09-05T04:15:02.844] debug2: Processing RPC: REQUEST_PING
[2025-09-05T04:15:02.845] debug2: Finish processing RPC: REQUEST_PING
[2025-09-05T04:15:02.845] debug2: Finish processing RPC: REQUEST_PING
[2025-09-05T04:18:22.748] debug2: Start processing RPC: REQUEST_PING
[2025-09-05T04:18:22.748] debug2: Processing RPC: REQUEST_PING
[2025-09-05T04:18:22.748] debug2: Start processing RPC: REQUEST_PING
[2025-09-05T04:18:22.748] debug2: Processing RPC: REQUEST_PING
[2025-09-05T04:18:22.749] debug2: Finish processing RPC: REQUEST_PING
[2025-09-05T04:18:22.749] debug2: Finish processing RPC: REQUEST_PING
[2025-09-05T04:21:42.611] debug2: Start processing RPC: REQUEST_PING
[2025-09-05T04:21:42.611] debug2: Start processing RPC: REQUEST_PING
[2025-09-05T04:21:42.612] debug2: Processing RPC: REQUEST_PING
[2025-09-05T04:21:42.612] debug2: Processing RPC: REQUEST_PING
[2025-09-05T04:21:42.612] debug2: Finish processing RPC: REQUEST_PING
[2025-09-05T04:21:42.612] debug2: Finish processing RPC: REQUEST_PING
[2025-09-05T04:23:22.785] debug2: Start processing RPC: REQUEST_NODE_REGISTRATION_STATUS
[2025-09-05T04:23:22.785] debug2: Start processing RPC: REQUEST_NODE_REGISTRATION_STATUS
[2025-09-05T04:23:22.785] debug2: Processing RPC: REQUEST_NODE_REGISTRATION_STATUS
[2025-09-05T04:23:22.786] debug2: Processing RPC: REQUEST_NODE_REGISTRATION_STATUS
[2025-09-05T04:23:22.788] debug:  _handle_node_reg_resp: slurmctld sent back 8 TRES.
[2025-09-05T04:23:22.788] debug:  _handle_node_reg_resp: slurmctld sent back 8 TRES.
[2025-09-05T04:23:22.788] debug2: Finish processing RPC: REQUEST_NODE_REGISTRATION_STATUS
[2025-09-05T04:23:22.788] debug2: Finish processing RPC: REQUEST_NODE_REGISTRATION_STATUS
[2025-09-05T04:26:42.794] debug2: Start processing RPC: REQUEST_PING
[2025-09-05T04:26:42.794] debug2: Start processing RPC: REQUEST_PING
[2025-09-05T04:26:42.794] debug2: Processing RPC: REQUEST_PING
[2025-09-05T04:26:42.794] debug2: Processing RPC: REQUEST_PING
[2025-09-05T04:26:42.795] debug2: Finish processing RPC: REQUEST_PING
[2025-09-05T04:26:42.795] debug2: Finish processing RPC: REQUEST_PING
[2025-09-05T04:28:19.865] got shutdown request
[2025-09-05T04:28:19.865] got shutdown request
[2025-09-05T04:28:19.865] all threads complete
[2025-09-05T04:28:19.865] all threads complete
[2025-09-05T04:28:19.866] select/cons_res: common_fini: select/cons_res shutting down ...
[2025-09-05T04:28:19.866] select/cons_res: common_fini: select/cons_res shutting down ...
[2025-09-05T04:28:19.866] debug:  cgroup/v1: fini: unloading Cgroup v1 plugin
[2025-09-05T04:28:19.866] debug:  cgroup/v1: fini: unloading Cgroup v1 plugin
[2025-09-05T04:28:19.866] cred/munge: fini: Munge credential signature plugin unloaded
[2025-09-05T04:28:19.866] cred/munge: fini: Munge credential signature plugin unloaded
[2025-09-05T04:28:19.866] Slurmd shutdown completing
[2025-09-05T04:28:19.866] Slurmd shutdown completing
[2025-09-05T04:28:39.879] debug:  Log file re-opened
[2025-09-05T04:28:39.880] error: Node configuration differs from hardware: CPUs=1:12(hw) Boards=1:1(hw) SocketsPerBoard=1:1(hw) CoresPerSocket=1:6(hw) ThreadsPerCore=1:2(hw)
[2025-09-05T04:28:39.880] topology/none: init: topology NONE plugin loaded
[2025-09-05T04:28:39.880] route/default: init: route default plugin loaded
[2025-09-05T04:28:39.880] CPU frequency setting not configured for this node
[2025-09-05T04:28:39.880] debug:  Resource spec: No specialized cores configured by default on this node
[2025-09-05T04:28:39.880] debug:  Resource spec: Reserved system memory limit not configured for this node
[2025-09-05T04:28:39.882] debug:  task/none: init: task NONE plugin loaded
[2025-09-05T04:28:39.882] debug:  auth/munge: init: Munge authentication plugin loaded
[2025-09-05T04:28:39.882] debug:  spank: opening plugin stack /etc/slurm/plugstack.conf
[2025-09-05T04:28:39.882] cred/munge: init: Munge credential signature plugin loaded
[2025-09-05T04:28:39.882] slurmd version 21.08.6 started
[2025-09-05T04:28:39.882] debug:  jobacct_gather/linux: init: Job accounting gather LINUX plugin loaded
[2025-09-05T04:28:39.883] debug:  job_container/none: init: job_container none plugin loaded
[2025-09-05T04:28:39.884] debug:  switch/none: init: switch NONE plugin loaded
[2025-09-05T04:28:39.884] debug:  switch Cray/Aries plugin loaded.
[2025-09-05T04:28:39.885] slurmd started on Fri, 05 Sep 2025 04:28:39 +0000
[2025-09-05T04:28:39.885] CPUs=1 Boards=1 Sockets=1 Cores=1 Threads=1 Memory=56239 TmpDisk=1031018 Uptime=101687 CPUSpecList=(null) FeaturesAvail=(null) FeaturesActive=(null)
[2025-09-05T04:28:39.885] debug:  acct_gather_energy/none: init: AcctGatherEnergy NONE plugin loaded
[2025-09-05T04:28:39.885] debug:  acct_gather_Profile/none: init: AcctGatherProfile NONE plugin loaded
[2025-09-05T04:28:39.885] debug:  acct_gather_interconnect/none: init: AcctGatherInterconnect NONE plugin loaded
[2025-09-05T04:28:39.885] debug:  acct_gather_filesystem/none: init: AcctGatherFilesystem NONE plugin loaded
[2025-09-05T04:28:39.886] debug2: No acct_gather.conf file (/etc/slurm/acct_gather.conf)
[2025-09-05T04:28:39.888] debug:  _handle_node_reg_resp: slurmctld sent back 8 TRES.
[2025-09-05T04:28:39.916] debug:  Log file re-opened
[2025-09-05T04:28:39.917] error: Node configuration differs from hardware: CPUs=1:12(hw) Boards=1:1(hw) SocketsPerBoard=1:1(hw) CoresPerSocket=1:6(hw) ThreadsPerCore=1:2(hw)
[2025-09-05T04:28:39.917] topology/none: init: topology NONE plugin loaded
[2025-09-05T04:28:39.918] route/default: init: route default plugin loaded
[2025-09-05T04:28:39.918] CPU frequency setting not configured for this node
[2025-09-05T04:28:39.918] debug:  Resource spec: No specialized cores configured by default on this node
[2025-09-05T04:28:39.918] debug:  Resource spec: Reserved system memory limit not configured for this node
[2025-09-05T04:28:39.918] debug:  task/none: init: task NONE plugin loaded
[2025-09-05T04:28:39.918] debug:  auth/munge: init: Munge authentication plugin loaded
[2025-09-05T04:28:39.918] debug:  spank: opening plugin stack /etc/slurm/plugstack.conf
[2025-09-05T04:28:39.918] cred/munge: init: Munge credential signature plugin loaded
[2025-09-05T04:28:39.918] slurmd version 21.08.6 started
[2025-09-05T04:28:39.918] debug:  jobacct_gather/linux: init: Job accounting gather LINUX plugin loaded
[2025-09-05T04:28:39.919] debug:  job_container/none: init: job_container none plugin loaded
[2025-09-05T04:28:39.919] debug:  switch/none: init: switch NONE plugin loaded
[2025-09-05T04:28:39.919] debug:  switch Cray/Aries plugin loaded.
[2025-09-05T04:28:39.919] slurmd started on Fri, 05 Sep 2025 04:28:39 +0000
[2025-09-05T04:28:39.920] CPUs=1 Boards=1 Sockets=1 Cores=1 Threads=1 Memory=56239 TmpDisk=1031018 Uptime=101687 CPUSpecList=(null) FeaturesAvail=(null) FeaturesActive=(null)
[2025-09-05T04:28:39.920] debug:  acct_gather_energy/none: init: AcctGatherEnergy NONE plugin loaded
[2025-09-05T04:28:39.920] debug:  acct_gather_Profile/none: init: AcctGatherProfile NONE plugin loaded
[2025-09-05T04:28:39.920] debug:  acct_gather_interconnect/none: init: AcctGatherInterconnect NONE plugin loaded
[2025-09-05T04:28:39.920] debug:  acct_gather_filesystem/none: init: AcctGatherFilesystem NONE plugin loaded
[2025-09-05T04:28:39.920] debug2: No acct_gather.conf file (/etc/slurm/acct_gather.conf)
[2025-09-05T04:28:39.922] debug:  _handle_node_reg_resp: slurmctld sent back 8 TRES.
[2025-09-05T04:30:22.793] debug2: Start processing RPC: REQUEST_PING
[2025-09-05T04:30:22.793] debug2: Processing RPC: REQUEST_PING
[2025-09-05T04:30:22.793] debug2: Start processing RPC: REQUEST_PING
[2025-09-05T04:30:22.793] debug2: Processing RPC: REQUEST_PING
[2025-09-05T04:30:22.793] debug2: Finish processing RPC: REQUEST_PING
[2025-09-05T04:30:22.794] debug2: Finish processing RPC: REQUEST_PING
[2025-09-05T04:33:42.601] debug2: Start processing RPC: REQUEST_PING
[2025-09-05T04:33:42.601] debug2: Start processing RPC: REQUEST_PING
[2025-09-05T04:33:42.601] debug2: Processing RPC: REQUEST_PING
[2025-09-05T04:33:42.601] debug2: Processing RPC: REQUEST_PING
[2025-09-05T04:33:42.602] debug2: Finish processing RPC: REQUEST_PING
[2025-09-05T04:33:42.602] debug2: Finish processing RPC: REQUEST_PING
[2025-09-05T04:37:02.769] debug2: Start processing RPC: REQUEST_PING
[2025-09-05T04:37:02.769] debug2: Processing RPC: REQUEST_PING
[2025-09-05T04:37:02.769] debug2: Start processing RPC: REQUEST_PING
[2025-09-05T04:37:02.769] debug2: Processing RPC: REQUEST_PING
[2025-09-05T04:37:02.770] debug2: Finish processing RPC: REQUEST_PING
[2025-09-05T04:37:02.770] debug2: Finish processing RPC: REQUEST_PING
[2025-09-05T04:38:43.035] debug2: Start processing RPC: REQUEST_PING
[2025-09-05T04:38:43.035] debug2: Start processing RPC: REQUEST_PING
[2025-09-05T04:38:43.035] debug2: Processing RPC: REQUEST_PING
[2025-09-05T04:38:43.035] debug2: Processing RPC: REQUEST_PING
[2025-09-05T04:38:43.036] debug2: Finish processing RPC: REQUEST_PING
[2025-09-05T04:38:43.036] debug2: Finish processing RPC: REQUEST_PING
[2025-09-05T04:42:03.706] debug2: Start processing RPC: REQUEST_PING
[2025-09-05T04:42:03.706] debug2: Start processing RPC: REQUEST_PING
[2025-09-05T04:42:03.706] debug2: Processing RPC: REQUEST_PING
[2025-09-05T04:42:03.706] debug2: Processing RPC: REQUEST_PING
[2025-09-05T04:42:03.706] debug2: Finish processing RPC: REQUEST_PING
[2025-09-05T04:42:03.706] debug2: Finish processing RPC: REQUEST_PING
[2025-09-05T04:45:23.588] debug2: Start processing RPC: REQUEST_PING
[2025-09-05T04:45:23.588] debug2: Start processing RPC: REQUEST_PING
[2025-09-05T04:45:23.588] debug2: Processing RPC: REQUEST_PING
[2025-09-05T04:45:23.588] debug2: Processing RPC: REQUEST_PING
[2025-09-05T04:45:23.589] debug2: Finish processing RPC: REQUEST_PING
[2025-09-05T04:45:23.589] debug2: Finish processing RPC: REQUEST_PING
[2025-09-05T04:48:43.895] debug2: Start processing RPC: REQUEST_PING
[2025-09-05T04:48:43.895] debug2: Start processing RPC: REQUEST_PING
[2025-09-05T04:48:43.895] debug2: Processing RPC: REQUEST_PING
[2025-09-05T04:48:43.895] debug2: Processing RPC: REQUEST_PING
[2025-09-05T04:48:43.895] debug2: Finish processing RPC: REQUEST_PING
[2025-09-05T04:48:43.895] debug2: Finish processing RPC: REQUEST_PING
[2025-09-05T04:48:59.092] debug2: Start processing RPC: REQUEST_BATCH_JOB_LAUNCH
[2025-09-05T04:48:59.092] debug2: Processing RPC: REQUEST_BATCH_JOB_LAUNCH
[2025-09-05T04:48:59.092] debug:  task/none: task_p_slurmd_batch_request: task_p_slurmd_batch_request: 1
[2025-09-05T04:48:59.093] Launching batch job 1 for UID 5001
[2025-09-05T04:48:59.098] debug2: debug level read from slurmd is 'debug2'.
[2025-09-05T04:48:59.098] debug2: read_slurmd_conf_lite: slurmd sent 8 TRES.
[2025-09-05T04:48:59.099] debug:  acct_gather_energy/none: init: AcctGatherEnergy NONE plugin loaded
[2025-09-05T04:48:59.099] debug:  acct_gather_Profile/none: init: AcctGatherProfile NONE plugin loaded
[2025-09-05T04:48:59.099] debug:  acct_gather_interconnect/none: init: AcctGatherInterconnect NONE plugin loaded
[2025-09-05T04:48:59.099] debug:  acct_gather_filesystem/none: init: AcctGatherFilesystem NONE plugin loaded
[2025-09-05T04:48:59.099] [1.batch] debug2: setup for a batch_job
[2025-09-05T04:48:59.099] [1.batch] debug:  jobacct_gather/linux: init: Job accounting gather LINUX plugin loaded
[2025-09-05T04:48:59.099] [1.batch] debug2: profile signaling type Task
[2025-09-05T04:48:59.100] [1.batch] debug:  laying out the 1 tasks on 1 hosts c1 dist 2
[2025-09-05T04:48:59.100] [1.batch] debug:  Message thread started pid = 54
[2025-09-05T04:48:59.101] debug2: Finish processing RPC: REQUEST_BATCH_JOB_LAUNCH
[2025-09-05T04:48:59.101] [1.batch] debug:  switch/none: init: switch NONE plugin loaded
[2025-09-05T04:48:59.101] [1.batch] debug:  task/none: init: task NONE plugin loaded
[2025-09-05T04:48:59.101] [1.batch] cred/munge: init: Munge credential signature plugin loaded
[2025-09-05T04:48:59.101] [1.batch] debug:  job_container/none: init: job_container none plugin loaded
[2025-09-05T04:48:59.101] [1.batch] debug2: Before call to spank_init()
[2025-09-05T04:48:59.101] [1.batch] debug:  spank: opening plugin stack /etc/slurm/plugstack.conf
[2025-09-05T04:48:59.101] [1.batch] debug2: After call to spank_init()
[2025-09-05T04:48:59.101] [1.batch] debug2: Entering _setup_normal_io
[2025-09-05T04:48:59.102] [1.batch] debug2: Leaving  _setup_normal_io
[2025-09-05T04:48:59.102] [1.batch] debug levels are stderr='error', logfile='debug2', syslog='quiet'
[2025-09-05T04:48:59.102] [1.batch] starting 1 tasks
[2025-09-05T04:48:59.103] [1.batch] task 0 (58) started 2025-09-05T04:48:59
[2025-09-05T04:48:59.103] [1.batch] debug:  task/none: task_p_pre_set_affinity: task_p_pre_set_affinity: StepId=1.batch
[2025-09-05T04:48:59.103] [1.batch] debug:  task/none: task_p_set_affinity: task_p_set_affinity: StepId=1.batch
[2025-09-05T04:48:59.103] [1.batch] debug:  task/none: task_p_post_set_affinity: task_p_post_set_affinity: StepId=1.batch
[2025-09-05T04:48:59.103] [1.batch] debug2: adding task 0 pid 58 on node 0 to jobacct
[2025-09-05T04:48:59.104] [1.batch] debug:  task/none: task_p_pre_launch: task_p_pre_launch: StepId=1.batch, task 0
[2025-09-05T04:48:59.104] [1.batch] debug2: _set_limit: conf setrlimit RLIMIT_CPU no change in value: 18446744073709551615
[2025-09-05T04:48:59.104] [1.batch] debug2: _set_limit: conf setrlimit RLIMIT_FSIZE no change in value: 18446744073709551615
[2025-09-05T04:48:59.104] [1.batch] debug2: _set_limit: conf setrlimit RLIMIT_DATA no change in value: 18446744073709551615
[2025-09-05T04:48:59.104] [1.batch] debug2: _set_limit: conf setrlimit RLIMIT_STACK no change in value: 8388608
[2025-09-05T04:48:59.104] [1.batch] debug2: _set_limit: RLIMIT_CORE   : max:inf cur:inf req:0
[2025-09-05T04:48:59.104] [1.batch] debug2: _set_limit: conf setrlimit RLIMIT_CORE succeeded
[2025-09-05T04:48:59.104] [1.batch] debug2: _set_limit: conf setrlimit RLIMIT_RSS no change in value: 18446744073709551615
[2025-09-05T04:48:59.104] [1.batch] debug2: _set_limit: conf setrlimit RLIMIT_NPROC no change in value: 18446744073709551615
[2025-09-05T04:48:59.104] [1.batch] debug2: _set_limit: RLIMIT_NOFILE : max:1048576 cur:4096 req:1048576
[2025-09-05T04:48:59.104] [1.batch] debug2: _set_limit: conf setrlimit RLIMIT_NOFILE succeeded
[2025-09-05T04:48:59.104] [1.batch] debug2: _set_limit: conf setrlimit RLIMIT_MEMLOCK no change in value: 18446744073709551615
[2025-09-05T04:48:59.104] [1.batch] debug2: _set_limit: conf setrlimit RLIMIT_AS no change in value: 18446744073709551615
[2025-09-05T04:48:59.104] [1.batch] debug2: Set task rss(500 MB)
[2025-09-05T04:48:59.110] [1.batch] debug2: removing task 0 pid 58 from jobacct
[2025-09-05T04:48:59.110] [1.batch] task 0 (58) exited with exit code 0.
[2025-09-05T04:48:59.110] [1.batch] debug:  task/none: task_p_post_term: task_p_post_term: StepId=1.batch, task 0
[2025-09-05T04:48:59.111] [1.batch] debug2: step_terminate_monitor will run for 60 secs
[2025-09-05T04:48:59.111] [1.batch] debug:  signaling condition
[2025-09-05T04:48:59.111] [1.batch] debug2: step_terminate_monitor is stopping
[2025-09-05T04:48:59.111] [1.batch] debug2: _monitor exit code: 0
[2025-09-05T04:48:59.111] [1.batch] debug2: Aggregated 1 task exit messages
[2025-09-05T04:48:59.111] [1.batch] debug2: Before call to spank_fini()
[2025-09-05T04:48:59.111] [1.batch] debug2: After call to spank_fini()
[2025-09-05T04:48:59.111] [1.batch] job 1 completed with slurm_rc = 0, job_rc = 0
[2025-09-05T04:48:59.111] [1.batch] sending REQUEST_COMPLETE_BATCH_SCRIPT, error:0 status:0
[2025-09-05T04:48:59.113] [1.batch] debug2:   false, shutdown
[2025-09-05T04:48:59.114] [1.batch] debug:  Message thread exited
[2025-09-05T04:48:59.114] [1.batch] done with job
[2025-09-05T04:48:59.114] debug2: Start processing RPC: REQUEST_TERMINATE_JOB
[2025-09-05T04:48:59.114] debug2: Processing RPC: REQUEST_TERMINATE_JOB
[2025-09-05T04:48:59.114] debug:  _rpc_terminate_job: uid = 990 JobId=1
[2025-09-05T04:48:59.114] debug:  credential for job 1 revoked
[2025-09-05T04:48:59.114] debug2: No steps in jobid 1 to send signal 18
[2025-09-05T04:48:59.114] debug2: No steps in jobid 1 to send signal 15
[2025-09-05T04:48:59.114] debug2: set revoke expiration for jobid 1 to 1757047859 UTS
[2025-09-05T04:48:59.115] debug2: Finish processing RPC: REQUEST_TERMINATE_JOB
[2025-09-05T04:52:03.107] debug2: Start processing RPC: REQUEST_PING
[2025-09-05T04:52:03.107] debug2: Start processing RPC: REQUEST_PING
[2025-09-05T04:52:03.107] debug2: Processing RPC: REQUEST_PING
[2025-09-05T04:52:03.107] debug2: Processing RPC: REQUEST_PING
[2025-09-05T04:52:03.107] debug2: Finish processing RPC: REQUEST_PING
[2025-09-05T04:52:03.107] debug2: Finish processing RPC: REQUEST_PING
[2025-09-05T04:55:23.685] debug2: Start processing RPC: REQUEST_PING
[2025-09-05T04:55:23.685] debug2: Processing RPC: REQUEST_PING
[2025-09-05T04:55:23.685] debug2: Start processing RPC: REQUEST_PING
[2025-09-05T04:55:23.685] debug2: Processing RPC: REQUEST_PING
[2025-09-05T04:55:23.685] debug2: Finish processing RPC: REQUEST_PING
[2025-09-05T04:55:23.685] debug2: Finish processing RPC: REQUEST_PING
[2025-09-05T04:58:43.652] debug2: Start processing RPC: REQUEST_PING
[2025-09-05T04:58:43.652] debug2: Start processing RPC: REQUEST_PING
[2025-09-05T04:58:43.652] debug2: Processing RPC: REQUEST_PING
[2025-09-05T04:58:43.652] debug2: Processing RPC: REQUEST_PING
[2025-09-05T04:58:43.652] debug2: Finish processing RPC: REQUEST_PING
[2025-09-05T04:58:43.652] debug2: Finish processing RPC: REQUEST_PING
[2025-09-05T05:00:23.721] debug2: Start processing RPC: REQUEST_NODE_REGISTRATION_STATUS
[2025-09-05T05:00:23.721] debug2: Start processing RPC: REQUEST_NODE_REGISTRATION_STATUS
[2025-09-05T05:00:23.721] debug2: Processing RPC: REQUEST_NODE_REGISTRATION_STATUS
[2025-09-05T05:00:23.721] debug2: Processing RPC: REQUEST_NODE_REGISTRATION_STATUS
[2025-09-05T05:00:23.723] debug:  _handle_node_reg_resp: slurmctld sent back 8 TRES.
[2025-09-05T05:00:23.723] debug:  _handle_node_reg_resp: slurmctld sent back 8 TRES.
[2025-09-05T05:00:23.723] debug2: Finish processing RPC: REQUEST_NODE_REGISTRATION_STATUS
[2025-09-05T05:00:23.723] debug2: Finish processing RPC: REQUEST_NODE_REGISTRATION_STATUS
[2025-09-05T05:02:04.078] debug2: Start processing RPC: REQUEST_PING
[2025-09-05T05:02:04.078] debug2: Start processing RPC: REQUEST_PING
[2025-09-05T05:02:04.078] debug2: Processing RPC: REQUEST_PING
[2025-09-05T05:02:04.078] debug2: Processing RPC: REQUEST_PING
[2025-09-05T05:02:04.078] debug2: Finish processing RPC: REQUEST_PING
[2025-09-05T05:02:04.078] debug2: Finish processing RPC: REQUEST_PING
[2025-09-05T05:05:24.170] debug2: Start processing RPC: REQUEST_PING
[2025-09-05T05:05:24.170] debug2: Processing RPC: REQUEST_PING
[2025-09-05T05:05:24.170] debug2: Start processing RPC: REQUEST_PING
[2025-09-05T05:05:24.170] debug2: Processing RPC: REQUEST_PING
[2025-09-05T05:05:24.171] debug2: Finish processing RPC: REQUEST_PING
[2025-09-05T05:05:24.171] debug2: Finish processing RPC: REQUEST_PING
[2025-09-05T05:08:44.778] debug2: Start processing RPC: REQUEST_PING
[2025-09-05T05:08:44.778] debug2: Start processing RPC: REQUEST_PING
[2025-09-05T05:08:44.778] debug2: Processing RPC: REQUEST_PING
[2025-09-05T05:08:44.778] debug2: Processing RPC: REQUEST_PING
[2025-09-05T05:08:44.778] debug2: Finish processing RPC: REQUEST_PING
[2025-09-05T05:08:44.778] debug2: Finish processing RPC: REQUEST_PING
[2025-09-05T05:12:04.314] debug2: Start processing RPC: REQUEST_PING
[2025-09-05T05:12:04.314] debug2: Start processing RPC: REQUEST_PING
[2025-09-05T05:12:04.314] debug2: Processing RPC: REQUEST_PING
[2025-09-05T05:12:04.314] debug2: Processing RPC: REQUEST_PING
[2025-09-05T05:12:04.315] debug2: Finish processing RPC: REQUEST_PING
[2025-09-05T05:12:04.315] debug2: Finish processing RPC: REQUEST_PING
[2025-09-05T05:15:25.001] debug2: Start processing RPC: REQUEST_PING
[2025-09-05T05:15:25.001] debug2: Start processing RPC: REQUEST_PING
[2025-09-05T05:15:25.001] debug2: Processing RPC: REQUEST_PING
[2025-09-05T05:15:25.001] debug2: Processing RPC: REQUEST_PING
[2025-09-05T05:15:25.001] debug2: Finish processing RPC: REQUEST_PING
[2025-09-05T05:15:25.001] debug2: Finish processing RPC: REQUEST_PING
[2025-09-05T05:18:44.267] debug2: Start processing RPC: REQUEST_PING
[2025-09-05T05:18:44.267] debug2: Start processing RPC: REQUEST_PING
[2025-09-05T05:18:44.267] debug2: Processing RPC: REQUEST_PING
[2025-09-05T05:18:44.267] debug2: Processing RPC: REQUEST_PING
[2025-09-05T05:18:44.267] debug2: Finish processing RPC: REQUEST_PING
[2025-09-05T05:18:44.267] debug2: Finish processing RPC: REQUEST_PING
[2025-09-05T05:22:04.625] debug2: Start processing RPC: REQUEST_PING
[2025-09-05T05:22:04.625] debug2: Start processing RPC: REQUEST_PING
[2025-09-05T05:22:04.625] debug2: Processing RPC: REQUEST_PING
[2025-09-05T05:22:04.625] debug2: Processing RPC: REQUEST_PING
[2025-09-05T05:22:04.625] debug2: Finish processing RPC: REQUEST_PING
[2025-09-05T05:22:04.625] debug2: Finish processing RPC: REQUEST_PING
[2025-09-05T05:25:24.150] debug2: Start processing RPC: REQUEST_PING
[2025-09-05T05:25:24.150] debug2: Processing RPC: REQUEST_PING
[2025-09-05T05:25:24.150] debug2: Start processing RPC: REQUEST_PING
[2025-09-05T05:25:24.150] debug2: Processing RPC: REQUEST_PING
[2025-09-05T05:25:24.150] debug2: Finish processing RPC: REQUEST_PING
[2025-09-05T05:25:24.150] debug2: Finish processing RPC: REQUEST_PING
[2025-09-05T05:28:44.458] debug2: Start processing RPC: REQUEST_PING
[2025-09-05T05:28:44.458] debug2: Processing RPC: REQUEST_PING
[2025-09-05T05:28:44.458] debug2: Start processing RPC: REQUEST_PING
[2025-09-05T05:28:44.458] debug2: Processing RPC: REQUEST_PING
[2025-09-05T05:28:44.458] debug2: Finish processing RPC: REQUEST_PING
[2025-09-05T05:28:44.458] debug2: Finish processing RPC: REQUEST_PING
[2025-09-05T05:32:04.353] debug2: Start processing RPC: REQUEST_PING
[2025-09-05T05:32:04.353] debug2: Start processing RPC: REQUEST_PING
[2025-09-05T05:32:04.353] debug2: Processing RPC: REQUEST_PING
[2025-09-05T05:32:04.353] debug2: Processing RPC: REQUEST_PING
[2025-09-05T05:32:04.353] debug2: Finish processing RPC: REQUEST_PING
[2025-09-05T05:32:04.353] debug2: Finish processing RPC: REQUEST_PING
[2025-09-05T05:33:44.955] debug2: Start processing RPC: REQUEST_NODE_REGISTRATION_STATUS
[2025-09-05T05:33:44.955] debug2: Start processing RPC: REQUEST_NODE_REGISTRATION_STATUS
[2025-09-05T05:33:44.955] debug2: Processing RPC: REQUEST_NODE_REGISTRATION_STATUS
[2025-09-05T05:33:44.955] debug2: Processing RPC: REQUEST_NODE_REGISTRATION_STATUS
[2025-09-05T05:33:44.957] debug:  _handle_node_reg_resp: slurmctld sent back 8 TRES.
[2025-09-05T05:33:44.957] debug:  _handle_node_reg_resp: slurmctld sent back 8 TRES.
[2025-09-05T05:33:44.957] debug2: Finish processing RPC: REQUEST_NODE_REGISTRATION_STATUS
[2025-09-05T05:33:44.957] debug2: Finish processing RPC: REQUEST_NODE_REGISTRATION_STATUS
[2025-09-05T05:37:04.019] debug2: Start processing RPC: REQUEST_PING
[2025-09-05T05:37:04.019] debug2: Start processing RPC: REQUEST_PING
[2025-09-05T05:37:04.019] debug2: Processing RPC: REQUEST_PING
[2025-09-05T05:37:04.019] debug2: Processing RPC: REQUEST_PING
[2025-09-05T05:37:04.019] debug2: Finish processing RPC: REQUEST_PING
[2025-09-05T05:37:04.019] debug2: Finish processing RPC: REQUEST_PING
[2025-09-05T05:40:24.458] debug2: Start processing RPC: REQUEST_PING
[2025-09-05T05:40:24.458] debug2: Start processing RPC: REQUEST_PING
[2025-09-05T05:40:24.458] debug2: Processing RPC: REQUEST_PING
[2025-09-05T05:40:24.458] debug2: Processing RPC: REQUEST_PING
[2025-09-05T05:40:24.459] debug2: Finish processing RPC: REQUEST_PING
[2025-09-05T05:40:24.459] debug2: Finish processing RPC: REQUEST_PING
[2025-09-05T05:43:44.411] debug2: Start processing RPC: REQUEST_PING
[2025-09-05T05:43:44.411] debug2: Start processing RPC: REQUEST_PING
[2025-09-05T05:43:44.411] debug2: Processing RPC: REQUEST_PING
[2025-09-05T05:43:44.411] debug2: Processing RPC: REQUEST_PING
[2025-09-05T05:43:44.411] debug2: Finish processing RPC: REQUEST_PING
[2025-09-05T05:43:44.411] debug2: Finish processing RPC: REQUEST_PING
[2025-09-05T05:47:04.398] debug2: Start processing RPC: REQUEST_PING
[2025-09-05T05:47:04.398] debug2: Processing RPC: REQUEST_PING
[2025-09-05T05:47:04.398] debug2: Start processing RPC: REQUEST_PING
[2025-09-05T05:47:04.398] debug2: Processing RPC: REQUEST_PING
[2025-09-05T05:47:04.398] debug2: Finish processing RPC: REQUEST_PING
[2025-09-05T05:47:04.398] debug2: Finish processing RPC: REQUEST_PING
[2025-09-05T05:50:24.864] debug2: Start processing RPC: REQUEST_PING
[2025-09-05T05:50:24.864] debug2: Processing RPC: REQUEST_PING
[2025-09-05T05:50:24.864] debug2: Start processing RPC: REQUEST_PING
[2025-09-05T05:50:24.864] debug2: Processing RPC: REQUEST_PING
[2025-09-05T05:50:24.864] debug2: Finish processing RPC: REQUEST_PING
[2025-09-05T05:50:24.864] debug2: Finish processing RPC: REQUEST_PING
[2025-09-05T05:53:44.377] debug2: Start processing RPC: REQUEST_PING
[2025-09-05T05:53:44.377] debug2: Processing RPC: REQUEST_PING
[2025-09-05T05:53:44.377] debug2: Start processing RPC: REQUEST_PING
[2025-09-05T05:53:44.377] debug2: Processing RPC: REQUEST_PING
[2025-09-05T05:53:44.378] debug2: Finish processing RPC: REQUEST_PING
[2025-09-05T05:53:44.378] debug2: Finish processing RPC: REQUEST_PING
[2025-09-05T05:57:04.504] debug2: Start processing RPC: REQUEST_PING
[2025-09-05T05:57:04.504] debug2: Processing RPC: REQUEST_PING
[2025-09-05T05:57:04.504] debug2: Start processing RPC: REQUEST_PING
[2025-09-05T05:57:04.504] debug2: Processing RPC: REQUEST_PING
[2025-09-05T05:57:04.505] debug2: Finish processing RPC: REQUEST_PING
[2025-09-05T05:57:04.505] debug2: Finish processing RPC: REQUEST_PING
[2025-09-05T06:00:24.716] debug2: Start processing RPC: REQUEST_PING
[2025-09-05T06:00:24.716] debug2: Start processing RPC: REQUEST_PING
[2025-09-05T06:00:24.716] debug2: Processing RPC: REQUEST_PING
[2025-09-05T06:00:24.716] debug2: Processing RPC: REQUEST_PING
[2025-09-05T06:00:24.716] debug2: Finish processing RPC: REQUEST_PING
[2025-09-05T06:00:24.716] debug2: Finish processing RPC: REQUEST_PING
[2025-09-05T06:03:44.654] debug2: Start processing RPC: REQUEST_PING
[2025-09-05T06:03:44.654] debug2: Start processing RPC: REQUEST_PING
[2025-09-05T06:03:44.654] debug2: Processing RPC: REQUEST_PING
[2025-09-05T06:03:44.654] debug2: Processing RPC: REQUEST_PING
[2025-09-05T06:03:44.654] debug2: Finish processing RPC: REQUEST_PING
[2025-09-05T06:03:44.654] debug2: Finish processing RPC: REQUEST_PING
[2025-09-05T06:07:04.665] debug2: Start processing RPC: REQUEST_NODE_REGISTRATION_STATUS
[2025-09-05T06:07:04.665] debug2: Processing RPC: REQUEST_NODE_REGISTRATION_STATUS
[2025-09-05T06:07:04.665] debug2: Start processing RPC: REQUEST_NODE_REGISTRATION_STATUS
[2025-09-05T06:07:04.665] debug2: Processing RPC: REQUEST_NODE_REGISTRATION_STATUS
[2025-09-05T06:07:04.667] debug:  _handle_node_reg_resp: slurmctld sent back 8 TRES.
[2025-09-05T06:07:04.667] debug:  _handle_node_reg_resp: slurmctld sent back 8 TRES.
[2025-09-05T06:07:04.667] debug2: Finish processing RPC: REQUEST_NODE_REGISTRATION_STATUS
[2025-09-05T06:07:04.667] debug2: Finish processing RPC: REQUEST_NODE_REGISTRATION_STATUS
[2025-09-05T06:10:24.971] debug2: Start processing RPC: REQUEST_PING
[2025-09-05T06:10:24.971] debug2: Processing RPC: REQUEST_PING
[2025-09-05T06:10:24.971] debug2: Start processing RPC: REQUEST_PING
[2025-09-05T06:10:24.971] debug2: Processing RPC: REQUEST_PING
[2025-09-05T06:10:24.971] debug2: Finish processing RPC: REQUEST_PING
[2025-09-05T06:10:24.971] debug2: Finish processing RPC: REQUEST_PING
[2025-09-05T06:13:44.250] debug2: Start processing RPC: REQUEST_PING
[2025-09-05T06:13:44.250] debug2: Start processing RPC: REQUEST_PING
[2025-09-05T06:13:44.250] debug2: Processing RPC: REQUEST_PING
[2025-09-05T06:13:44.250] debug2: Processing RPC: REQUEST_PING
[2025-09-05T06:13:44.250] debug2: Finish processing RPC: REQUEST_PING
[2025-09-05T06:13:44.250] debug2: Finish processing RPC: REQUEST_PING
[2025-09-05T06:17:04.550] debug2: Start processing RPC: REQUEST_PING
[2025-09-05T06:17:04.550] debug2: Start processing RPC: REQUEST_PING
[2025-09-05T06:17:04.550] debug2: Processing RPC: REQUEST_PING
[2025-09-05T06:17:04.550] debug2: Processing RPC: REQUEST_PING
[2025-09-05T06:17:04.550] debug2: Finish processing RPC: REQUEST_PING
[2025-09-05T06:17:04.550] debug2: Finish processing RPC: REQUEST_PING
[2025-09-05T06:20:25.378] debug2: Start processing RPC: REQUEST_PING
[2025-09-05T06:20:25.378] debug2: Start processing RPC: REQUEST_PING
[2025-09-05T06:20:25.378] debug2: Processing RPC: REQUEST_PING
[2025-09-05T06:20:25.378] debug2: Processing RPC: REQUEST_PING
[2025-09-05T06:20:25.378] debug2: Finish processing RPC: REQUEST_PING
[2025-09-05T06:20:25.378] debug2: Finish processing RPC: REQUEST_PING
[2025-09-05T06:23:45.585] debug2: Start processing RPC: REQUEST_PING
[2025-09-05T06:23:45.585] debug2: Processing RPC: REQUEST_PING
[2025-09-05T06:23:45.585] debug2: Start processing RPC: REQUEST_PING
[2025-09-05T06:23:45.585] debug2: Processing RPC: REQUEST_PING
[2025-09-05T06:23:45.585] debug2: Finish processing RPC: REQUEST_PING
[2025-09-05T06:23:45.585] debug2: Finish processing RPC: REQUEST_PING
[2025-09-05T06:27:05.826] debug2: Start processing RPC: REQUEST_PING
[2025-09-05T06:27:05.826] debug2: Start processing RPC: REQUEST_PING
[2025-09-05T06:27:05.826] debug2: Processing RPC: REQUEST_PING
[2025-09-05T06:27:05.826] debug2: Processing RPC: REQUEST_PING
[2025-09-05T06:27:05.826] debug2: Finish processing RPC: REQUEST_PING
[2025-09-05T06:27:05.826] debug2: Finish processing RPC: REQUEST_PING
[2025-09-05T06:30:25.348] debug2: Start processing RPC: REQUEST_PING
[2025-09-05T06:30:25.348] debug2: Start processing RPC: REQUEST_PING
[2025-09-05T06:30:25.348] debug2: Processing RPC: REQUEST_PING
[2025-09-05T06:30:25.348] debug2: Processing RPC: REQUEST_PING
[2025-09-05T06:30:25.349] debug2: Finish processing RPC: REQUEST_PING
[2025-09-05T06:30:25.349] debug2: Finish processing RPC: REQUEST_PING
[2025-09-05T06:33:45.658] debug2: Start processing RPC: REQUEST_PING
[2025-09-05T06:33:45.658] debug2: Start processing RPC: REQUEST_PING
[2025-09-05T06:33:45.658] debug2: Processing RPC: REQUEST_PING
[2025-09-05T06:33:45.658] debug2: Processing RPC: REQUEST_PING
[2025-09-05T06:33:45.659] debug2: Finish processing RPC: REQUEST_PING
[2025-09-05T06:33:45.659] debug2: Finish processing RPC: REQUEST_PING
[2025-09-05T06:37:05.617] debug2: Start processing RPC: REQUEST_PING
[2025-09-05T06:37:05.617] debug2: Start processing RPC: REQUEST_PING
[2025-09-05T06:37:05.617] debug2: Processing RPC: REQUEST_PING
[2025-09-05T06:37:05.617] debug2: Processing RPC: REQUEST_PING
[2025-09-05T06:37:05.618] debug2: Finish processing RPC: REQUEST_PING
[2025-09-05T06:37:05.618] debug2: Finish processing RPC: REQUEST_PING
[2025-09-05T06:40:25.533] debug2: Start processing RPC: REQUEST_NODE_REGISTRATION_STATUS
[2025-09-05T06:40:25.533] debug2: Start processing RPC: REQUEST_NODE_REGISTRATION_STATUS
[2025-09-05T06:40:25.533] debug2: Processing RPC: REQUEST_NODE_REGISTRATION_STATUS
[2025-09-05T06:40:25.533] debug2: Processing RPC: REQUEST_NODE_REGISTRATION_STATUS
[2025-09-05T06:40:25.535] debug:  _handle_node_reg_resp: slurmctld sent back 8 TRES.
[2025-09-05T06:40:25.535] debug2: Finish processing RPC: REQUEST_NODE_REGISTRATION_STATUS
[2025-09-05T06:40:25.535] debug:  _handle_node_reg_resp: slurmctld sent back 8 TRES.
[2025-09-05T06:40:25.535] debug2: Finish processing RPC: REQUEST_NODE_REGISTRATION_STATUS
[2025-09-05T06:43:45.719] debug2: Start processing RPC: REQUEST_PING
[2025-09-05T06:43:45.719] debug2: Start processing RPC: REQUEST_PING
[2025-09-05T06:43:45.719] debug2: Processing RPC: REQUEST_PING
[2025-09-05T06:43:45.719] debug2: Processing RPC: REQUEST_PING
[2025-09-05T06:43:45.720] debug2: Finish processing RPC: REQUEST_PING
[2025-09-05T06:43:45.720] debug2: Finish processing RPC: REQUEST_PING
[2025-09-05T06:47:05.298] debug2: Start processing RPC: REQUEST_PING
[2025-09-05T06:47:05.298] debug2: Start processing RPC: REQUEST_PING
[2025-09-05T06:47:05.298] debug2: Processing RPC: REQUEST_PING
[2025-09-05T06:47:05.298] debug2: Processing RPC: REQUEST_PING
[2025-09-05T06:47:05.299] debug2: Finish processing RPC: REQUEST_PING
[2025-09-05T06:47:05.299] debug2: Finish processing RPC: REQUEST_PING
[2025-09-05T06:50:25.846] debug2: Start processing RPC: REQUEST_PING
[2025-09-05T06:50:25.846] debug2: Start processing RPC: REQUEST_PING
[2025-09-05T06:50:25.846] debug2: Processing RPC: REQUEST_PING
[2025-09-05T06:50:25.846] debug2: Processing RPC: REQUEST_PING
[2025-09-05T06:50:25.847] debug2: Finish processing RPC: REQUEST_PING
[2025-09-05T06:50:25.847] debug2: Finish processing RPC: REQUEST_PING
[2025-09-05T06:53:46.008] debug2: Start processing RPC: REQUEST_PING
[2025-09-05T06:53:46.008] debug2: Processing RPC: REQUEST_PING
[2025-09-05T06:53:46.008] debug2: Start processing RPC: REQUEST_PING
[2025-09-05T06:53:46.008] debug2: Processing RPC: REQUEST_PING
[2025-09-05T06:53:46.008] debug2: Finish processing RPC: REQUEST_PING
[2025-09-05T06:53:46.008] debug2: Finish processing RPC: REQUEST_PING
[2025-09-05T06:57:06.816] debug2: Start processing RPC: REQUEST_PING
[2025-09-05T06:57:06.816] debug2: Start processing RPC: REQUEST_PING
[2025-09-05T06:57:06.816] debug2: Processing RPC: REQUEST_PING
[2025-09-05T06:57:06.816] debug2: Processing RPC: REQUEST_PING
[2025-09-05T06:57:06.817] debug2: Finish processing RPC: REQUEST_PING
[2025-09-05T06:57:06.817] debug2: Finish processing RPC: REQUEST_PING
[2025-09-05T07:00:26.596] debug2: Start processing RPC: REQUEST_PING
[2025-09-05T07:00:26.596] debug2: Start processing RPC: REQUEST_PING
[2025-09-05T07:00:26.596] debug2: Processing RPC: REQUEST_PING
[2025-09-05T07:00:26.596] debug2: Processing RPC: REQUEST_PING
[2025-09-05T07:00:26.596] debug2: Finish processing RPC: REQUEST_PING
[2025-09-05T07:00:26.596] debug2: Finish processing RPC: REQUEST_PING
[2025-09-05T07:03:46.291] debug2: Start processing RPC: REQUEST_PING
[2025-09-05T07:03:46.291] debug2: Start processing RPC: REQUEST_PING
[2025-09-05T07:03:46.291] debug2: Processing RPC: REQUEST_PING
[2025-09-05T07:03:46.291] debug2: Processing RPC: REQUEST_PING
[2025-09-05T07:03:46.291] debug2: Finish processing RPC: REQUEST_PING
[2025-09-05T07:03:46.291] debug2: Finish processing RPC: REQUEST_PING
[2025-09-05T07:07:06.638] debug2: Start processing RPC: REQUEST_PING
[2025-09-05T07:07:06.638] debug2: Start processing RPC: REQUEST_PING
[2025-09-05T07:07:06.638] debug2: Processing RPC: REQUEST_PING
[2025-09-05T07:07:06.638] debug2: Processing RPC: REQUEST_PING
[2025-09-05T07:07:06.638] debug2: Finish processing RPC: REQUEST_PING
[2025-09-05T07:07:06.639] debug2: Finish processing RPC: REQUEST_PING
[2025-09-05T07:10:26.928] debug2: Start processing RPC: REQUEST_PING
[2025-09-05T07:10:26.928] debug2: Processing RPC: REQUEST_PING
[2025-09-05T07:10:26.928] debug2: Start processing RPC: REQUEST_PING
[2025-09-05T07:10:26.928] debug2: Processing RPC: REQUEST_PING
[2025-09-05T07:10:26.928] debug2: Finish processing RPC: REQUEST_PING
[2025-09-05T07:10:26.928] debug2: Finish processing RPC: REQUEST_PING
[2025-09-05T07:13:46.701] debug2: Start processing RPC: REQUEST_NODE_REGISTRATION_STATUS
[2025-09-05T07:13:46.701] debug2: Start processing RPC: REQUEST_NODE_REGISTRATION_STATUS
[2025-09-05T07:13:46.701] debug2: Processing RPC: REQUEST_NODE_REGISTRATION_STATUS
[2025-09-05T07:13:46.701] debug2: Processing RPC: REQUEST_NODE_REGISTRATION_STATUS
[2025-09-05T07:13:46.703] debug:  _handle_node_reg_resp: slurmctld sent back 8 TRES.
[2025-09-05T07:13:46.703] debug:  _handle_node_reg_resp: slurmctld sent back 8 TRES.
[2025-09-05T07:13:46.703] debug2: Finish processing RPC: REQUEST_NODE_REGISTRATION_STATUS
[2025-09-05T07:13:46.704] debug2: Finish processing RPC: REQUEST_NODE_REGISTRATION_STATUS
[2025-09-05T07:17:06.043] debug2: Start processing RPC: REQUEST_PING
[2025-09-05T07:17:06.043] debug2: Processing RPC: REQUEST_PING
[2025-09-05T07:17:06.043] debug2: Start processing RPC: REQUEST_PING
[2025-09-05T07:17:06.043] debug2: Processing RPC: REQUEST_PING
[2025-09-05T07:17:06.043] debug2: Finish processing RPC: REQUEST_PING
[2025-09-05T07:17:06.043] debug2: Finish processing RPC: REQUEST_PING
[2025-09-05T07:20:26.273] debug2: Start processing RPC: REQUEST_PING
[2025-09-05T07:20:26.273] debug2: Processing RPC: REQUEST_PING
[2025-09-05T07:20:26.273] debug2: Start processing RPC: REQUEST_PING
[2025-09-05T07:20:26.273] debug2: Processing RPC: REQUEST_PING
[2025-09-05T07:20:26.273] debug2: Finish processing RPC: REQUEST_PING
[2025-09-05T07:20:26.273] debug2: Finish processing RPC: REQUEST_PING
[2025-09-05T07:23:46.234] debug2: Start processing RPC: REQUEST_PING
[2025-09-05T07:23:46.234] debug2: Start processing RPC: REQUEST_PING
[2025-09-05T07:23:46.234] debug2: Processing RPC: REQUEST_PING
[2025-09-05T07:23:46.234] debug2: Processing RPC: REQUEST_PING
[2025-09-05T07:23:46.234] debug2: Finish processing RPC: REQUEST_PING
[2025-09-05T07:23:46.234] debug2: Finish processing RPC: REQUEST_PING
[2025-09-05T07:27:06.652] debug2: Start processing RPC: REQUEST_PING
[2025-09-05T07:27:06.652] debug2: Start processing RPC: REQUEST_PING
[2025-09-05T07:27:06.652] debug2: Processing RPC: REQUEST_PING
[2025-09-05T07:27:06.652] debug2: Processing RPC: REQUEST_PING
[2025-09-05T07:27:06.653] debug2: Finish processing RPC: REQUEST_PING
[2025-09-05T07:27:06.653] debug2: Finish processing RPC: REQUEST_PING
[2025-09-05T07:30:26.460] debug2: Start processing RPC: REQUEST_PING
[2025-09-05T07:30:26.460] debug2: Processing RPC: REQUEST_PING
[2025-09-05T07:30:26.460] debug2: Start processing RPC: REQUEST_PING
[2025-09-05T07:30:26.460] debug2: Processing RPC: REQUEST_PING
[2025-09-05T07:30:26.460] debug2: Finish processing RPC: REQUEST_PING
[2025-09-05T07:30:26.460] debug2: Finish processing RPC: REQUEST_PING
[2025-09-05T07:33:46.803] debug2: Start processing RPC: REQUEST_PING
[2025-09-05T07:33:46.803] debug2: Processing RPC: REQUEST_PING
[2025-09-05T07:33:46.803] debug2: Start processing RPC: REQUEST_PING
[2025-09-05T07:33:46.803] debug2: Processing RPC: REQUEST_PING
[2025-09-05T07:33:46.804] debug2: Finish processing RPC: REQUEST_PING
[2025-09-05T07:33:46.804] debug2: Finish processing RPC: REQUEST_PING
[2025-09-05T07:37:06.075] debug2: Start processing RPC: REQUEST_PING
[2025-09-05T07:37:06.075] debug2: Processing RPC: REQUEST_PING
[2025-09-05T07:37:06.075] debug2: Start processing RPC: REQUEST_PING
[2025-09-05T07:37:06.075] debug2: Processing RPC: REQUEST_PING
[2025-09-05T07:37:06.075] debug2: Finish processing RPC: REQUEST_PING
[2025-09-05T07:37:06.075] debug2: Finish processing RPC: REQUEST_PING
[2025-09-05T07:40:27.032] debug2: Start processing RPC: REQUEST_PING
[2025-09-05T07:40:27.032] debug2: Start processing RPC: REQUEST_PING
[2025-09-05T07:40:27.032] debug2: Processing RPC: REQUEST_PING
[2025-09-05T07:40:27.032] debug2: Processing RPC: REQUEST_PING
[2025-09-05T07:40:27.032] debug2: Finish processing RPC: REQUEST_PING
[2025-09-05T07:40:27.032] debug2: Finish processing RPC: REQUEST_PING
[2025-09-05T07:43:47.229] debug2: Start processing RPC: REQUEST_PING
[2025-09-05T07:43:47.229] debug2: Processing RPC: REQUEST_PING
[2025-09-05T07:43:47.229] debug2: Start processing RPC: REQUEST_PING
[2025-09-05T07:43:47.229] debug2: Processing RPC: REQUEST_PING
[2025-09-05T07:43:47.230] debug2: Finish processing RPC: REQUEST_PING
[2025-09-05T07:43:47.230] debug2: Finish processing RPC: REQUEST_PING
[2025-09-05T07:47:07.731] debug2: Start processing RPC: REQUEST_NODE_REGISTRATION_STATUS
[2025-09-05T07:47:07.731] debug2: Start processing RPC: REQUEST_NODE_REGISTRATION_STATUS
[2025-09-05T07:47:07.731] debug2: Processing RPC: REQUEST_NODE_REGISTRATION_STATUS
[2025-09-05T07:47:07.731] debug2: Processing RPC: REQUEST_NODE_REGISTRATION_STATUS
[2025-09-05T07:47:07.733] debug:  _handle_node_reg_resp: slurmctld sent back 8 TRES.
[2025-09-05T07:47:07.733] debug:  _handle_node_reg_resp: slurmctld sent back 8 TRES.
[2025-09-05T07:47:07.733] debug2: Finish processing RPC: REQUEST_NODE_REGISTRATION_STATUS
[2025-09-05T07:47:07.733] debug2: Finish processing RPC: REQUEST_NODE_REGISTRATION_STATUS
[2025-09-05T07:50:27.862] debug2: Start processing RPC: REQUEST_PING
[2025-09-05T07:50:27.862] debug2: Start processing RPC: REQUEST_PING
[2025-09-05T07:50:27.862] debug2: Processing RPC: REQUEST_PING
[2025-09-05T07:50:27.862] debug2: Processing RPC: REQUEST_PING
[2025-09-05T07:50:27.862] debug2: Finish processing RPC: REQUEST_PING
[2025-09-05T07:50:27.863] debug2: Finish processing RPC: REQUEST_PING
[2025-09-05T07:53:47.851] debug2: Start processing RPC: REQUEST_PING
[2025-09-05T07:53:47.851] debug2: Start processing RPC: REQUEST_PING
[2025-09-05T07:53:47.851] debug2: Processing RPC: REQUEST_PING
[2025-09-05T07:53:47.851] debug2: Processing RPC: REQUEST_PING
[2025-09-05T07:53:47.851] debug2: Finish processing RPC: REQUEST_PING
[2025-09-05T07:53:47.851] debug2: Finish processing RPC: REQUEST_PING
[2025-09-05T07:57:07.253] debug2: Start processing RPC: REQUEST_PING
[2025-09-05T07:57:07.253] debug2: Processing RPC: REQUEST_PING
[2025-09-05T07:57:07.253] debug2: Start processing RPC: REQUEST_PING
[2025-09-05T07:57:07.253] debug2: Processing RPC: REQUEST_PING
[2025-09-05T07:57:07.253] debug2: Finish processing RPC: REQUEST_PING
[2025-09-05T07:57:07.253] debug2: Finish processing RPC: REQUEST_PING
[2025-09-05T08:00:27.589] debug2: Start processing RPC: REQUEST_PING
[2025-09-05T08:00:27.589] debug2: Start processing RPC: REQUEST_PING
[2025-09-05T08:00:27.589] debug2: Processing RPC: REQUEST_PING
[2025-09-05T08:00:27.589] debug2: Processing RPC: REQUEST_PING
[2025-09-05T08:00:27.589] debug2: Finish processing RPC: REQUEST_PING
[2025-09-05T08:00:27.589] debug2: Finish processing RPC: REQUEST_PING
[2025-09-05T08:03:47.277] debug2: Start processing RPC: REQUEST_PING
[2025-09-05T08:03:47.277] debug2: Start processing RPC: REQUEST_PING
[2025-09-05T08:03:47.277] debug2: Processing RPC: REQUEST_PING
[2025-09-05T08:03:47.277] debug2: Processing RPC: REQUEST_PING
[2025-09-05T08:03:47.277] debug2: Finish processing RPC: REQUEST_PING
[2025-09-05T08:03:47.277] debug2: Finish processing RPC: REQUEST_PING
[2025-09-05T08:07:07.139] debug2: Start processing RPC: REQUEST_PING
[2025-09-05T08:07:07.139] debug2: Start processing RPC: REQUEST_PING
[2025-09-05T08:07:07.139] debug2: Processing RPC: REQUEST_PING
[2025-09-05T08:07:07.139] debug2: Processing RPC: REQUEST_PING
[2025-09-05T08:07:07.140] debug2: Finish processing RPC: REQUEST_PING
[2025-09-05T08:07:07.140] debug2: Finish processing RPC: REQUEST_PING
[2025-09-05T08:10:27.010] debug2: Start processing RPC: REQUEST_PING
[2025-09-05T08:10:27.010] debug2: Start processing RPC: REQUEST_PING
[2025-09-05T08:10:27.010] debug2: Processing RPC: REQUEST_PING
[2025-09-05T08:10:27.010] debug2: Processing RPC: REQUEST_PING
[2025-09-05T08:10:27.010] debug2: Finish processing RPC: REQUEST_PING
[2025-09-05T08:10:27.010] debug2: Finish processing RPC: REQUEST_PING
[2025-09-05T08:13:47.836] debug2: Start processing RPC: REQUEST_PING
[2025-09-05T08:13:47.836] debug2: Start processing RPC: REQUEST_PING
[2025-09-05T08:13:47.836] debug2: Processing RPC: REQUEST_PING
[2025-09-05T08:13:47.836] debug2: Processing RPC: REQUEST_PING
[2025-09-05T08:13:47.836] debug2: Finish processing RPC: REQUEST_PING
[2025-09-05T08:13:47.836] debug2: Finish processing RPC: REQUEST_PING
[2025-09-05T08:17:07.298] debug2: Start processing RPC: REQUEST_PING
[2025-09-05T08:17:07.298] debug2: Start processing RPC: REQUEST_PING
[2025-09-05T08:17:07.298] debug2: Processing RPC: REQUEST_PING
[2025-09-05T08:17:07.298] debug2: Processing RPC: REQUEST_PING
[2025-09-05T08:17:07.299] debug2: Finish processing RPC: REQUEST_PING
[2025-09-05T08:17:07.299] debug2: Finish processing RPC: REQUEST_PING
[2025-09-05T08:20:27.348] debug2: Start processing RPC: REQUEST_NODE_REGISTRATION_STATUS
[2025-09-05T08:20:27.348] debug2: Processing RPC: REQUEST_NODE_REGISTRATION_STATUS
[2025-09-05T08:20:27.348] debug2: Start processing RPC: REQUEST_NODE_REGISTRATION_STATUS
[2025-09-05T08:20:27.348] debug2: Processing RPC: REQUEST_NODE_REGISTRATION_STATUS
[2025-09-05T08:20:27.350] debug:  _handle_node_reg_resp: slurmctld sent back 8 TRES.
[2025-09-05T08:20:27.350] debug2: Finish processing RPC: REQUEST_NODE_REGISTRATION_STATUS
[2025-09-05T08:20:27.350] debug:  _handle_node_reg_resp: slurmctld sent back 8 TRES.
[2025-09-05T08:20:27.350] debug2: Finish processing RPC: REQUEST_NODE_REGISTRATION_STATUS
[2025-09-05T08:23:47.890] debug2: Start processing RPC: REQUEST_PING
[2025-09-05T08:23:47.890] debug2: Start processing RPC: REQUEST_PING
[2025-09-05T08:23:47.890] debug2: Processing RPC: REQUEST_PING
[2025-09-05T08:23:47.890] debug2: Processing RPC: REQUEST_PING
[2025-09-05T08:23:47.890] debug2: Finish processing RPC: REQUEST_PING
[2025-09-05T08:23:47.890] debug2: Finish processing RPC: REQUEST_PING
[2025-09-05T08:27:07.257] debug2: Start processing RPC: REQUEST_PING
[2025-09-05T08:27:07.257] debug2: Start processing RPC: REQUEST_PING
[2025-09-05T08:27:07.257] debug2: Processing RPC: REQUEST_PING
[2025-09-05T08:27:07.257] debug2: Processing RPC: REQUEST_PING
[2025-09-05T08:27:07.258] debug2: Finish processing RPC: REQUEST_PING
[2025-09-05T08:27:07.258] debug2: Finish processing RPC: REQUEST_PING
[2025-09-05T08:30:27.325] debug2: Start processing RPC: REQUEST_PING
[2025-09-05T08:30:27.325] debug2: Start processing RPC: REQUEST_PING
[2025-09-05T08:30:27.325] debug2: Processing RPC: REQUEST_PING
[2025-09-05T08:30:27.325] debug2: Processing RPC: REQUEST_PING
[2025-09-05T08:30:27.326] debug2: Finish processing RPC: REQUEST_PING
[2025-09-05T08:30:27.326] debug2: Finish processing RPC: REQUEST_PING
[2025-09-05T08:33:47.119] debug2: Start processing RPC: REQUEST_PING
[2025-09-05T08:33:47.119] debug2: Processing RPC: REQUEST_PING
[2025-09-05T08:33:47.119] debug2: Start processing RPC: REQUEST_PING
[2025-09-05T08:33:47.120] debug2: Processing RPC: REQUEST_PING
[2025-09-05T08:33:47.120] debug2: Finish processing RPC: REQUEST_PING
[2025-09-05T08:33:47.120] debug2: Finish processing RPC: REQUEST_PING
[2025-09-05T08:37:07.088] debug2: Start processing RPC: REQUEST_PING
[2025-09-05T08:37:07.088] debug2: Processing RPC: REQUEST_PING
[2025-09-05T08:37:07.088] debug2: Start processing RPC: REQUEST_PING
[2025-09-05T08:37:07.088] debug2: Processing RPC: REQUEST_PING
[2025-09-05T08:37:07.088] debug2: Finish processing RPC: REQUEST_PING
[2025-09-05T08:37:07.088] debug2: Finish processing RPC: REQUEST_PING
[2025-09-05T08:40:27.135] debug2: Start processing RPC: REQUEST_PING
[2025-09-05T08:40:27.135] debug2: Start processing RPC: REQUEST_PING
[2025-09-05T08:40:27.135] debug2: Processing RPC: REQUEST_PING
[2025-09-05T08:40:27.135] debug2: Processing RPC: REQUEST_PING
[2025-09-05T08:40:27.136] debug2: Finish processing RPC: REQUEST_PING
[2025-09-05T08:40:27.136] debug2: Finish processing RPC: REQUEST_PING
[2025-09-05T08:42:08.722] debug2: Start processing RPC: REQUEST_PING
[2025-09-05T08:42:08.722] debug2: Start processing RPC: REQUEST_PING
[2025-09-05T08:42:08.722] debug2: Processing RPC: REQUEST_PING
[2025-09-05T08:42:08.722] debug2: Processing RPC: REQUEST_PING
[2025-09-05T08:42:08.723] debug2: Finish processing RPC: REQUEST_PING
[2025-09-05T08:42:08.723] debug2: Finish processing RPC: REQUEST_PING
[2025-09-05T08:45:28.582] debug2: Start processing RPC: REQUEST_PING
[2025-09-05T08:45:28.582] debug2: Start processing RPC: REQUEST_PING
[2025-09-05T08:45:28.582] debug2: Processing RPC: REQUEST_PING
[2025-09-05T08:45:28.582] debug2: Processing RPC: REQUEST_PING
[2025-09-05T08:45:28.583] debug2: Finish processing RPC: REQUEST_PING
[2025-09-05T08:45:28.583] debug2: Finish processing RPC: REQUEST_PING
[2025-09-05T08:48:48.326] debug2: Start processing RPC: REQUEST_PING
[2025-09-05T08:48:48.326] debug2: Start processing RPC: REQUEST_PING
[2025-09-05T08:48:48.326] debug2: Processing RPC: REQUEST_PING
[2025-09-05T08:48:48.326] debug2: Processing RPC: REQUEST_PING
[2025-09-05T08:48:48.327] debug2: Finish processing RPC: REQUEST_PING
[2025-09-05T08:48:48.327] debug2: Finish processing RPC: REQUEST_PING
[2025-09-05T08:52:08.647] debug2: Start processing RPC: REQUEST_PING
[2025-09-05T08:52:08.647] debug2: Start processing RPC: REQUEST_PING
[2025-09-05T08:52:08.647] debug2: Processing RPC: REQUEST_PING
[2025-09-05T08:52:08.647] debug2: Processing RPC: REQUEST_PING
[2025-09-05T08:52:08.648] debug2: Finish processing RPC: REQUEST_PING
[2025-09-05T08:52:08.648] debug2: Finish processing RPC: REQUEST_PING
[2025-09-05T08:53:48.820] debug2: Start processing RPC: REQUEST_NODE_REGISTRATION_STATUS
[2025-09-05T08:53:48.820] debug2: Processing RPC: REQUEST_NODE_REGISTRATION_STATUS
[2025-09-05T08:53:48.820] debug2: Start processing RPC: REQUEST_NODE_REGISTRATION_STATUS
[2025-09-05T08:53:48.820] debug2: Processing RPC: REQUEST_NODE_REGISTRATION_STATUS
[2025-09-05T08:53:48.822] debug:  _handle_node_reg_resp: slurmctld sent back 8 TRES.
[2025-09-05T08:53:48.822] debug:  _handle_node_reg_resp: slurmctld sent back 8 TRES.
[2025-09-05T08:53:48.822] debug2: Finish processing RPC: REQUEST_NODE_REGISTRATION_STATUS
[2025-09-05T08:53:48.823] debug2: Finish processing RPC: REQUEST_NODE_REGISTRATION_STATUS
[2025-09-05T08:57:08.042] debug2: Start processing RPC: REQUEST_PING
[2025-09-05T08:57:08.042] debug2: Processing RPC: REQUEST_PING
[2025-09-05T08:57:08.042] debug2: Start processing RPC: REQUEST_PING
[2025-09-05T08:57:08.042] debug2: Processing RPC: REQUEST_PING
[2025-09-05T08:57:08.042] debug2: Finish processing RPC: REQUEST_PING
[2025-09-05T08:57:08.042] debug2: Finish processing RPC: REQUEST_PING
[2025-09-05T09:00:28.595] debug2: Start processing RPC: REQUEST_PING
[2025-09-05T09:00:28.595] debug2: Processing RPC: REQUEST_PING
[2025-09-05T09:00:28.595] debug2: Start processing RPC: REQUEST_PING
[2025-09-05T09:00:28.595] debug2: Processing RPC: REQUEST_PING
[2025-09-05T09:00:28.596] debug2: Finish processing RPC: REQUEST_PING
[2025-09-05T09:00:28.596] debug2: Finish processing RPC: REQUEST_PING
[2025-09-05T09:03:48.586] debug2: Start processing RPC: REQUEST_PING
[2025-09-05T09:03:48.587] debug2: Start processing RPC: REQUEST_PING
[2025-09-05T09:03:48.587] debug2: Processing RPC: REQUEST_PING
[2025-09-05T09:03:48.587] debug2: Processing RPC: REQUEST_PING
[2025-09-05T09:03:48.587] debug2: Finish processing RPC: REQUEST_PING
[2025-09-05T09:03:48.587] debug2: Finish processing RPC: REQUEST_PING
[2025-09-05T09:07:08.922] debug2: Start processing RPC: REQUEST_PING
[2025-09-05T09:07:08.922] debug2: Start processing RPC: REQUEST_PING
[2025-09-05T09:07:08.922] debug2: Processing RPC: REQUEST_PING
[2025-09-05T09:07:08.922] debug2: Processing RPC: REQUEST_PING
[2025-09-05T09:07:08.922] debug2: Finish processing RPC: REQUEST_PING
[2025-09-05T09:07:08.922] debug2: Finish processing RPC: REQUEST_PING
[2025-09-05T09:10:28.169] debug2: Start processing RPC: REQUEST_PING
[2025-09-05T09:10:28.169] debug2: Processing RPC: REQUEST_PING
[2025-09-05T09:10:28.169] debug2: Start processing RPC: REQUEST_PING
[2025-09-05T09:10:28.169] debug2: Processing RPC: REQUEST_PING
[2025-09-05T09:10:28.169] debug2: Finish processing RPC: REQUEST_PING
[2025-09-05T09:10:28.169] debug2: Finish processing RPC: REQUEST_PING
[2025-09-05T09:13:48.302] debug2: Start processing RPC: REQUEST_PING
[2025-09-05T09:13:48.302] debug2: Start processing RPC: REQUEST_PING
[2025-09-05T09:13:48.302] debug2: Processing RPC: REQUEST_PING
[2025-09-05T09:13:48.302] debug2: Processing RPC: REQUEST_PING
[2025-09-05T09:13:48.302] debug2: Finish processing RPC: REQUEST_PING
[2025-09-05T09:13:48.302] debug2: Finish processing RPC: REQUEST_PING
[2025-09-05T09:17:08.947] debug2: Start processing RPC: REQUEST_PING
[2025-09-05T09:17:08.947] debug2: Processing RPC: REQUEST_PING
[2025-09-05T09:17:08.947] debug2: Start processing RPC: REQUEST_PING
[2025-09-05T09:17:08.947] debug2: Processing RPC: REQUEST_PING
[2025-09-05T09:17:08.948] debug2: Finish processing RPC: REQUEST_PING
[2025-09-05T09:17:08.948] debug2: Finish processing RPC: REQUEST_PING
[2025-09-05T09:20:28.944] debug2: Start processing RPC: REQUEST_PING
[2025-09-05T09:20:28.944] debug2: Start processing RPC: REQUEST_PING
[2025-09-05T09:20:28.944] debug2: Processing RPC: REQUEST_PING
[2025-09-05T09:20:28.944] debug2: Processing RPC: REQUEST_PING
[2025-09-05T09:20:28.944] debug2: Finish processing RPC: REQUEST_PING
[2025-09-05T09:20:28.944] debug2: Finish processing RPC: REQUEST_PING
[2025-09-05T09:23:48.644] debug2: Start processing RPC: REQUEST_PING
[2025-09-05T09:23:48.644] debug2: Start processing RPC: REQUEST_PING
[2025-09-05T09:23:48.644] debug2: Processing RPC: REQUEST_PING
[2025-09-05T09:23:48.645] debug2: Processing RPC: REQUEST_PING
[2025-09-05T09:23:48.645] debug2: Finish processing RPC: REQUEST_PING
[2025-09-05T09:23:48.645] debug2: Finish processing RPC: REQUEST_PING
[2025-09-05T09:27:08.949] debug2: Start processing RPC: REQUEST_NODE_REGISTRATION_STATUS
[2025-09-05T09:27:08.949] debug2: Processing RPC: REQUEST_NODE_REGISTRATION_STATUS
[2025-09-05T09:27:08.949] debug2: Start processing RPC: REQUEST_NODE_REGISTRATION_STATUS
[2025-09-05T09:27:08.949] debug2: Processing RPC: REQUEST_NODE_REGISTRATION_STATUS
[2025-09-05T09:27:08.951] debug:  _handle_node_reg_resp: slurmctld sent back 8 TRES.
[2025-09-05T09:27:08.951] debug:  _handle_node_reg_resp: slurmctld sent back 8 TRES.
[2025-09-05T09:27:08.951] debug2: Finish processing RPC: REQUEST_NODE_REGISTRATION_STATUS
[2025-09-05T09:27:08.951] debug2: Finish processing RPC: REQUEST_NODE_REGISTRATION_STATUS
[2025-09-05T09:28:49.065] debug2: Start processing RPC: REQUEST_PING
[2025-09-05T09:28:49.065] debug2: Start processing RPC: REQUEST_PING
[2025-09-05T09:28:49.065] debug2: Processing RPC: REQUEST_PING
[2025-09-05T09:28:49.065] debug2: Processing RPC: REQUEST_PING
[2025-09-05T09:28:49.066] debug2: Finish processing RPC: REQUEST_PING
[2025-09-05T09:28:49.066] debug2: Finish processing RPC: REQUEST_PING
[2025-09-05T09:32:09.387] debug2: Start processing RPC: REQUEST_PING
[2025-09-05T09:32:09.387] debug2: Processing RPC: REQUEST_PING
[2025-09-05T09:32:09.387] debug2: Start processing RPC: REQUEST_PING
[2025-09-05T09:32:09.388] debug2: Processing RPC: REQUEST_PING
[2025-09-05T09:32:09.388] debug2: Finish processing RPC: REQUEST_PING
[2025-09-05T09:32:09.388] debug2: Finish processing RPC: REQUEST_PING
[2025-09-05T09:35:29.967] debug2: Start processing RPC: REQUEST_PING
[2025-09-05T09:35:29.967] debug2: Start processing RPC: REQUEST_PING
[2025-09-05T09:35:29.967] debug2: Processing RPC: REQUEST_PING
[2025-09-05T09:35:29.967] debug2: Processing RPC: REQUEST_PING
[2025-09-05T09:35:29.967] debug2: Finish processing RPC: REQUEST_PING
[2025-09-05T09:35:29.967] debug2: Finish processing RPC: REQUEST_PING
[2025-09-05T09:38:49.998] debug2: Start processing RPC: REQUEST_PING
[2025-09-05T09:38:49.998] debug2: Start processing RPC: REQUEST_PING
[2025-09-05T09:38:49.998] debug2: Processing RPC: REQUEST_PING
[2025-09-05T09:38:49.998] debug2: Processing RPC: REQUEST_PING
[2025-09-05T09:38:49.998] debug2: Finish processing RPC: REQUEST_PING
[2025-09-05T09:38:49.998] debug2: Finish processing RPC: REQUEST_PING
[2025-09-05T09:42:09.652] debug2: Start processing RPC: REQUEST_PING
[2025-09-05T09:42:09.652] debug2: Processing RPC: REQUEST_PING
[2025-09-05T09:42:09.652] debug2: Start processing RPC: REQUEST_PING
[2025-09-05T09:42:09.652] debug2: Processing RPC: REQUEST_PING
[2025-09-05T09:42:09.652] debug2: Finish processing RPC: REQUEST_PING
[2025-09-05T09:42:09.652] debug2: Finish processing RPC: REQUEST_PING
[2025-09-05T09:45:29.255] debug2: Start processing RPC: REQUEST_PING
[2025-09-05T09:45:29.255] debug2: Processing RPC: REQUEST_PING
[2025-09-05T09:45:29.255] debug2: Start processing RPC: REQUEST_PING
[2025-09-05T09:45:29.255] debug2: Processing RPC: REQUEST_PING
[2025-09-05T09:45:29.255] debug2: Finish processing RPC: REQUEST_PING
[2025-09-05T09:45:29.255] debug2: Finish processing RPC: REQUEST_PING
[2025-09-05T09:48:49.678] debug2: Start processing RPC: REQUEST_PING
[2025-09-05T09:48:49.678] debug2: Processing RPC: REQUEST_PING
[2025-09-05T09:48:49.678] debug2: Start processing RPC: REQUEST_PING
[2025-09-05T09:48:49.678] debug2: Processing RPC: REQUEST_PING
[2025-09-05T09:48:49.678] debug2: Finish processing RPC: REQUEST_PING
[2025-09-05T09:48:49.678] debug2: Finish processing RPC: REQUEST_PING
[2025-09-05T09:52:09.446] debug2: Start processing RPC: REQUEST_PING
[2025-09-05T09:52:09.446] debug2: Start processing RPC: REQUEST_PING
[2025-09-05T09:52:09.446] debug2: Processing RPC: REQUEST_PING
[2025-09-05T09:52:09.446] debug2: Processing RPC: REQUEST_PING
[2025-09-05T09:52:09.446] debug2: Finish processing RPC: REQUEST_PING
[2025-09-05T09:52:09.447] debug2: Finish processing RPC: REQUEST_PING
[2025-09-05T09:55:29.948] debug2: Start processing RPC: REQUEST_PING
[2025-09-05T09:55:29.948] debug2: Processing RPC: REQUEST_PING
[2025-09-05T09:55:29.948] debug2: Start processing RPC: REQUEST_PING
[2025-09-05T09:55:29.948] debug2: Processing RPC: REQUEST_PING
[2025-09-05T09:55:29.948] debug2: Finish processing RPC: REQUEST_PING
[2025-09-05T09:55:29.949] debug2: Finish processing RPC: REQUEST_PING
[2025-09-05T09:58:49.989] debug2: Start processing RPC: REQUEST_PING
[2025-09-05T09:58:49.989] debug2: Start processing RPC: REQUEST_PING
[2025-09-05T09:58:49.989] debug2: Processing RPC: REQUEST_PING
[2025-09-05T09:58:49.989] debug2: Processing RPC: REQUEST_PING
[2025-09-05T09:58:49.989] debug2: Finish processing RPC: REQUEST_PING
[2025-09-05T09:58:49.989] debug2: Finish processing RPC: REQUEST_PING
[2025-09-05T10:00:29.953] debug2: Start processing RPC: REQUEST_NODE_REGISTRATION_STATUS
[2025-09-05T10:00:29.953] debug2: Processing RPC: REQUEST_NODE_REGISTRATION_STATUS
[2025-09-05T10:00:29.953] debug2: Start processing RPC: REQUEST_NODE_REGISTRATION_STATUS
[2025-09-05T10:00:29.953] debug2: Processing RPC: REQUEST_NODE_REGISTRATION_STATUS
[2025-09-05T10:00:29.955] debug:  _handle_node_reg_resp: slurmctld sent back 8 TRES.
[2025-09-05T10:00:29.955] debug:  _handle_node_reg_resp: slurmctld sent back 8 TRES.
[2025-09-05T10:00:29.955] debug2: Finish processing RPC: REQUEST_NODE_REGISTRATION_STATUS
[2025-09-05T10:00:29.955] debug2: Finish processing RPC: REQUEST_NODE_REGISTRATION_STATUS
[2025-09-05T10:03:51.358] debug2: Start processing RPC: REQUEST_PING
[2025-09-05T10:03:51.358] debug2: Processing RPC: REQUEST_PING
[2025-09-05T10:03:51.358] debug2: Start processing RPC: REQUEST_PING
[2025-09-05T10:03:51.358] debug2: Processing RPC: REQUEST_PING
[2025-09-05T10:03:51.358] debug2: Finish processing RPC: REQUEST_PING
[2025-09-05T10:03:51.358] debug2: Finish processing RPC: REQUEST_PING
[2025-09-05T10:07:11.276] debug2: Start processing RPC: REQUEST_PING
[2025-09-05T10:07:11.276] debug2: Start processing RPC: REQUEST_PING
[2025-09-05T10:07:11.276] debug2: Processing RPC: REQUEST_PING
[2025-09-05T10:07:11.276] debug2: Processing RPC: REQUEST_PING
[2025-09-05T10:07:11.276] debug2: Finish processing RPC: REQUEST_PING
[2025-09-05T10:07:11.276] debug2: Finish processing RPC: REQUEST_PING
[2025-09-12T03:47:11.963] debug:  Log file re-opened
[2025-09-12T03:47:11.964] error: Node configuration differs from hardware: CPUs=1:12(hw) Boards=1:1(hw) SocketsPerBoard=1:1(hw) CoresPerSocket=1:6(hw) ThreadsPerCore=1:2(hw)
[2025-09-12T03:47:11.964] topology/none: init: topology NONE plugin loaded
[2025-09-12T03:47:11.965] route/default: init: route default plugin loaded
[2025-09-12T03:47:11.965] CPU frequency setting not configured for this node
[2025-09-12T03:47:11.965] debug:  Resource spec: No specialized cores configured by default on this node
[2025-09-12T03:47:11.965] debug:  Resource spec: Reserved system memory limit not configured for this node
[2025-09-12T03:47:11.966] debug:  task/none: init: task NONE plugin loaded
[2025-09-12T03:47:11.966] debug:  auth/munge: init: Munge authentication plugin loaded
[2025-09-12T03:47:11.966] debug:  spank: opening plugin stack /etc/slurm/plugstack.conf
[2025-09-12T03:47:11.966] cred/munge: init: Munge credential signature plugin loaded
[2025-09-12T03:47:11.966] slurmd version 21.08.6 started
[2025-09-12T03:47:11.967] pidfile not locked, assuming no running daemon
[2025-09-12T03:47:11.967] debug:  jobacct_gather/linux: init: Job accounting gather LINUX plugin loaded
[2025-09-12T03:47:11.967] debug:  job_container/none: init: job_container none plugin loaded
[2025-09-12T03:47:11.968] debug:  switch/none: init: switch NONE plugin loaded
[2025-09-12T03:47:11.969] debug:  switch Cray/Aries plugin loaded.
[2025-09-12T03:47:11.969] slurmd started on Fri, 12 Sep 2025 03:47:11 +0000
[2025-09-12T03:47:11.969] CPUs=1 Boards=1 Sockets=1 Cores=1 Threads=1 Memory=56239 TmpDisk=1031018 Uptime=12700 CPUSpecList=(null) FeaturesAvail=(null) FeaturesActive=(null)
[2025-09-12T03:47:11.970] debug:  acct_gather_energy/none: init: AcctGatherEnergy NONE plugin loaded
[2025-09-12T03:47:11.970] debug:  acct_gather_Profile/none: init: AcctGatherProfile NONE plugin loaded
[2025-09-12T03:47:11.970] debug:  acct_gather_interconnect/none: init: AcctGatherInterconnect NONE plugin loaded
[2025-09-12T03:47:11.970] debug:  acct_gather_filesystem/none: init: AcctGatherFilesystem NONE plugin loaded
[2025-09-12T03:47:11.970] debug2: No acct_gather.conf file (/etc/slurm/acct_gather.conf)
[2025-09-12T03:47:11.973] debug:  _handle_node_reg_resp: slurmctld sent back 8 TRES.
[2025-09-12T03:47:11.979] debug:  Log file re-opened
[2025-09-12T03:47:11.980] error: Node configuration differs from hardware: CPUs=1:12(hw) Boards=1:1(hw) SocketsPerBoard=1:1(hw) CoresPerSocket=1:6(hw) ThreadsPerCore=1:2(hw)
[2025-09-12T03:47:11.980] topology/none: init: topology NONE plugin loaded
[2025-09-12T03:47:11.981] route/default: init: route default plugin loaded
[2025-09-12T03:47:11.981] CPU frequency setting not configured for this node
[2025-09-12T03:47:11.981] debug:  Resource spec: No specialized cores configured by default on this node
[2025-09-12T03:47:11.981] debug:  Resource spec: Reserved system memory limit not configured for this node
[2025-09-12T03:47:11.981] debug:  task/none: init: task NONE plugin loaded
[2025-09-12T03:47:11.981] debug:  auth/munge: init: Munge authentication plugin loaded
[2025-09-12T03:47:11.981] debug:  spank: opening plugin stack /etc/slurm/plugstack.conf
[2025-09-12T03:47:11.981] cred/munge: init: Munge credential signature plugin loaded
[2025-09-12T03:47:11.981] slurmd version 21.08.6 started
[2025-09-12T03:47:11.982] pidfile not locked, assuming no running daemon
[2025-09-12T03:47:11.982] debug:  jobacct_gather/linux: init: Job accounting gather LINUX plugin loaded
[2025-09-12T03:47:11.982] debug:  job_container/none: init: job_container none plugin loaded
[2025-09-12T03:47:11.983] debug:  switch/none: init: switch NONE plugin loaded
[2025-09-12T03:47:11.983] debug:  switch Cray/Aries plugin loaded.
[2025-09-12T03:47:11.983] slurmd started on Fri, 12 Sep 2025 03:47:11 +0000
[2025-09-12T03:47:11.984] CPUs=1 Boards=1 Sockets=1 Cores=1 Threads=1 Memory=56239 TmpDisk=1031018 Uptime=12700 CPUSpecList=(null) FeaturesAvail=(null) FeaturesActive=(null)
[2025-09-12T03:47:11.984] debug:  acct_gather_energy/none: init: AcctGatherEnergy NONE plugin loaded
[2025-09-12T03:47:11.984] debug:  acct_gather_Profile/none: init: AcctGatherProfile NONE plugin loaded
[2025-09-12T03:47:11.984] debug:  acct_gather_interconnect/none: init: AcctGatherInterconnect NONE plugin loaded
[2025-09-12T03:47:11.984] debug:  acct_gather_filesystem/none: init: AcctGatherFilesystem NONE plugin loaded
[2025-09-12T03:47:11.984] debug2: No acct_gather.conf file (/etc/slurm/acct_gather.conf)
[2025-09-12T03:47:11.986] debug:  _handle_node_reg_resp: slurmctld sent back 8 TRES.
[2025-09-12T03:48:54.295] debug2: Start processing RPC: REQUEST_PING
[2025-09-12T03:48:54.295] debug2: Start processing RPC: REQUEST_PING
[2025-09-12T03:48:54.295] debug2: Processing RPC: REQUEST_PING
[2025-09-12T03:48:54.296] debug2: Processing RPC: REQUEST_PING
[2025-09-12T03:48:54.296] debug2: Finish processing RPC: REQUEST_PING
[2025-09-12T03:48:54.296] debug2: Finish processing RPC: REQUEST_PING
[2025-09-12T03:52:14.059] debug2: Start processing RPC: REQUEST_PING
[2025-09-12T03:52:14.059] debug2: Processing RPC: REQUEST_PING
[2025-09-12T03:52:14.059] debug2: Start processing RPC: REQUEST_PING
[2025-09-12T03:52:14.059] debug2: Processing RPC: REQUEST_PING
[2025-09-12T03:52:14.060] debug2: Finish processing RPC: REQUEST_PING
[2025-09-12T03:52:14.060] debug2: Finish processing RPC: REQUEST_PING
[2025-09-12T03:55:34.179] debug2: Start processing RPC: REQUEST_PING
[2025-09-12T03:55:34.179] debug2: Start processing RPC: REQUEST_PING
[2025-09-12T03:55:34.179] debug2: Processing RPC: REQUEST_PING
[2025-09-12T03:55:34.179] debug2: Processing RPC: REQUEST_PING
[2025-09-12T03:55:34.179] debug2: Finish processing RPC: REQUEST_PING
[2025-09-12T03:55:34.179] debug2: Finish processing RPC: REQUEST_PING
[2025-09-12T03:58:54.865] debug2: Start processing RPC: REQUEST_PING
[2025-09-12T03:58:54.865] debug2: Start processing RPC: REQUEST_PING
[2025-09-12T03:58:54.865] debug2: Processing RPC: REQUEST_PING
[2025-09-12T03:58:54.865] debug2: Processing RPC: REQUEST_PING
[2025-09-12T03:58:54.866] debug2: Finish processing RPC: REQUEST_PING
[2025-09-12T03:58:54.866] debug2: Finish processing RPC: REQUEST_PING
[2025-09-12T04:02:14.405] debug2: Start processing RPC: REQUEST_PING
[2025-09-12T04:02:14.405] debug2: Processing RPC: REQUEST_PING
[2025-09-12T04:02:14.405] debug2: Start processing RPC: REQUEST_PING
[2025-09-12T04:02:14.405] debug2: Processing RPC: REQUEST_PING
[2025-09-12T04:02:14.405] debug2: Finish processing RPC: REQUEST_PING
[2025-09-12T04:02:14.405] debug2: Finish processing RPC: REQUEST_PING
[2025-09-12T04:05:34.363] debug2: Start processing RPC: REQUEST_PING
[2025-09-12T04:05:34.363] debug2: Start processing RPC: REQUEST_PING
[2025-09-12T04:05:34.363] debug2: Processing RPC: REQUEST_PING
[2025-09-12T04:05:34.363] debug2: Processing RPC: REQUEST_PING
[2025-09-12T04:05:34.363] debug2: Finish processing RPC: REQUEST_PING
[2025-09-12T04:05:34.363] debug2: Finish processing RPC: REQUEST_PING
[2025-09-12T04:08:54.065] debug2: Start processing RPC: REQUEST_PING
[2025-09-12T04:08:54.065] debug2: Start processing RPC: REQUEST_PING
[2025-09-12T04:08:54.065] debug2: Processing RPC: REQUEST_PING
[2025-09-12T04:08:54.065] debug2: Processing RPC: REQUEST_PING
[2025-09-12T04:08:54.065] debug2: Finish processing RPC: REQUEST_PING
[2025-09-12T04:08:54.065] debug2: Finish processing RPC: REQUEST_PING
[2025-09-12T04:12:14.227] debug2: Start processing RPC: REQUEST_PING
[2025-09-12T04:12:14.227] debug2: Start processing RPC: REQUEST_PING
[2025-09-12T04:12:14.228] debug2: Processing RPC: REQUEST_PING
[2025-09-12T04:12:14.228] debug2: Processing RPC: REQUEST_PING
[2025-09-12T04:12:14.228] debug2: Finish processing RPC: REQUEST_PING
[2025-09-12T04:12:14.228] debug2: Finish processing RPC: REQUEST_PING
[2025-09-12T04:15:34.948] debug2: Start processing RPC: REQUEST_PING
[2025-09-12T04:15:34.948] debug2: Start processing RPC: REQUEST_PING
[2025-09-12T04:15:34.948] debug2: Processing RPC: REQUEST_PING
[2025-09-12T04:15:34.948] debug2: Processing RPC: REQUEST_PING
[2025-09-12T04:15:34.949] debug2: Finish processing RPC: REQUEST_PING
[2025-09-12T04:15:34.949] debug2: Finish processing RPC: REQUEST_PING
[2025-09-12T04:18:54.825] debug2: Start processing RPC: REQUEST_NODE_REGISTRATION_STATUS
[2025-09-12T04:18:54.825] debug2: Start processing RPC: REQUEST_NODE_REGISTRATION_STATUS
[2025-09-12T04:18:54.825] debug2: Processing RPC: REQUEST_NODE_REGISTRATION_STATUS
[2025-09-12T04:18:54.825] debug2: Processing RPC: REQUEST_NODE_REGISTRATION_STATUS
[2025-09-12T04:18:54.828] debug:  _handle_node_reg_resp: slurmctld sent back 8 TRES.
[2025-09-12T04:18:54.828] debug:  _handle_node_reg_resp: slurmctld sent back 8 TRES.
[2025-09-12T04:18:54.828] debug2: Finish processing RPC: REQUEST_NODE_REGISTRATION_STATUS
[2025-09-12T04:18:54.828] debug2: Finish processing RPC: REQUEST_NODE_REGISTRATION_STATUS
[2025-09-12T04:22:14.020] debug2: Start processing RPC: REQUEST_PING
[2025-09-12T04:22:14.020] debug2: Start processing RPC: REQUEST_PING
[2025-09-12T04:22:14.020] debug2: Processing RPC: REQUEST_PING
[2025-09-12T04:22:14.020] debug2: Processing RPC: REQUEST_PING
[2025-09-12T04:22:14.021] debug2: Finish processing RPC: REQUEST_PING
[2025-09-12T04:22:14.021] debug2: Finish processing RPC: REQUEST_PING
[2025-09-12T04:25:34.051] debug2: Start processing RPC: REQUEST_PING
[2025-09-12T04:25:34.051] debug2: Start processing RPC: REQUEST_PING
[2025-09-12T04:25:34.051] debug2: Processing RPC: REQUEST_PING
[2025-09-12T04:25:34.051] debug2: Processing RPC: REQUEST_PING
[2025-09-12T04:25:34.052] debug2: Finish processing RPC: REQUEST_PING
[2025-09-12T04:25:34.052] debug2: Finish processing RPC: REQUEST_PING
[2025-09-12T04:28:54.498] debug2: Start processing RPC: REQUEST_PING
[2025-09-12T04:28:54.498] debug2: Start processing RPC: REQUEST_PING
[2025-09-12T04:28:54.498] debug2: Processing RPC: REQUEST_PING
[2025-09-12T04:28:54.498] debug2: Processing RPC: REQUEST_PING
[2025-09-12T04:28:54.498] debug2: Finish processing RPC: REQUEST_PING
[2025-09-12T04:28:54.498] debug2: Finish processing RPC: REQUEST_PING
[2025-09-12T04:32:14.077] debug2: Start processing RPC: REQUEST_PING
[2025-09-12T04:32:14.077] debug2: Start processing RPC: REQUEST_PING
[2025-09-12T04:32:14.077] debug2: Processing RPC: REQUEST_PING
[2025-09-12T04:32:14.077] debug2: Processing RPC: REQUEST_PING
[2025-09-12T04:32:14.077] debug2: Finish processing RPC: REQUEST_PING
[2025-09-12T04:32:14.077] debug2: Finish processing RPC: REQUEST_PING
[2025-09-12T04:35:34.398] debug2: Start processing RPC: REQUEST_PING
[2025-09-12T04:35:34.398] debug2: Start processing RPC: REQUEST_PING
[2025-09-12T04:35:34.398] debug2: Processing RPC: REQUEST_PING
[2025-09-12T04:35:34.398] debug2: Processing RPC: REQUEST_PING
[2025-09-12T04:35:34.399] debug2: Finish processing RPC: REQUEST_PING
[2025-09-12T04:35:34.399] debug2: Finish processing RPC: REQUEST_PING
[2025-09-12T04:38:54.182] debug2: Start processing RPC: REQUEST_PING
[2025-09-12T04:38:54.182] debug2: Start processing RPC: REQUEST_PING
[2025-09-12T04:38:54.182] debug2: Processing RPC: REQUEST_PING
[2025-09-12T04:38:54.182] debug2: Processing RPC: REQUEST_PING
[2025-09-12T04:38:54.182] debug2: Finish processing RPC: REQUEST_PING
[2025-09-12T04:38:54.182] debug2: Finish processing RPC: REQUEST_PING
[2025-09-12T04:42:14.862] debug2: Start processing RPC: REQUEST_PING
[2025-09-12T04:42:14.862] debug2: Start processing RPC: REQUEST_PING
[2025-09-12T04:42:14.862] debug2: Processing RPC: REQUEST_PING
[2025-09-12T04:42:14.862] debug2: Processing RPC: REQUEST_PING
[2025-09-12T04:42:14.862] debug2: Finish processing RPC: REQUEST_PING
[2025-09-12T04:42:14.862] debug2: Finish processing RPC: REQUEST_PING
[2025-09-12T04:43:55.045] debug2: Start processing RPC: REQUEST_PING
[2025-09-12T04:43:55.045] debug2: Start processing RPC: REQUEST_PING
[2025-09-12T04:43:55.045] debug2: Processing RPC: REQUEST_PING
[2025-09-12T04:43:55.045] debug2: Processing RPC: REQUEST_PING
[2025-09-12T04:43:55.045] debug2: Finish processing RPC: REQUEST_PING
[2025-09-12T04:43:55.045] debug2: Finish processing RPC: REQUEST_PING
[2025-09-12T04:47:15.874] debug2: Start processing RPC: REQUEST_PING
[2025-09-12T04:47:15.874] debug2: Start processing RPC: REQUEST_PING
[2025-09-12T04:47:15.874] debug2: Processing RPC: REQUEST_PING
[2025-09-12T04:47:15.874] debug2: Processing RPC: REQUEST_PING
[2025-09-12T04:47:15.874] debug2: Finish processing RPC: REQUEST_PING
[2025-09-12T04:47:15.874] debug2: Finish processing RPC: REQUEST_PING
[2025-09-12T04:50:35.157] debug2: Start processing RPC: REQUEST_PING
[2025-09-12T04:50:35.157] debug2: Processing RPC: REQUEST_PING
[2025-09-12T04:50:35.157] debug2: Start processing RPC: REQUEST_PING
[2025-09-12T04:50:35.157] debug2: Processing RPC: REQUEST_PING
[2025-09-12T04:50:35.158] debug2: Finish processing RPC: REQUEST_PING
[2025-09-12T04:50:35.158] debug2: Finish processing RPC: REQUEST_PING
[2025-09-12T04:52:15.307] debug2: Start processing RPC: REQUEST_NODE_REGISTRATION_STATUS
[2025-09-12T04:52:15.307] debug2: Start processing RPC: REQUEST_NODE_REGISTRATION_STATUS
[2025-09-12T04:52:15.307] debug2: Processing RPC: REQUEST_NODE_REGISTRATION_STATUS
[2025-09-12T04:52:15.307] debug2: Processing RPC: REQUEST_NODE_REGISTRATION_STATUS
[2025-09-12T04:52:15.310] debug:  _handle_node_reg_resp: slurmctld sent back 8 TRES.
[2025-09-12T04:52:15.310] debug:  _handle_node_reg_resp: slurmctld sent back 8 TRES.
[2025-09-12T04:52:15.310] debug2: Finish processing RPC: REQUEST_NODE_REGISTRATION_STATUS
[2025-09-12T04:52:15.310] debug2: Finish processing RPC: REQUEST_NODE_REGISTRATION_STATUS
[2025-09-12T04:55:35.916] debug2: Start processing RPC: REQUEST_PING
[2025-09-12T04:55:35.916] debug2: Start processing RPC: REQUEST_PING
[2025-09-12T04:55:35.916] debug2: Processing RPC: REQUEST_PING
[2025-09-12T04:55:35.916] debug2: Processing RPC: REQUEST_PING
[2025-09-12T04:55:35.916] debug2: Finish processing RPC: REQUEST_PING
[2025-09-12T04:55:35.916] debug2: Finish processing RPC: REQUEST_PING
[2025-09-12T04:58:55.124] debug2: Start processing RPC: REQUEST_PING
[2025-09-12T04:58:55.124] debug2: Processing RPC: REQUEST_PING
[2025-09-12T04:58:55.124] debug2: Start processing RPC: REQUEST_PING
[2025-09-12T04:58:55.124] debug2: Processing RPC: REQUEST_PING
[2025-09-12T04:58:55.125] debug2: Finish processing RPC: REQUEST_PING
[2025-09-12T04:58:55.125] debug2: Finish processing RPC: REQUEST_PING
[2025-09-12T05:02:15.665] debug2: Start processing RPC: REQUEST_PING
[2025-09-12T05:02:15.665] debug2: Processing RPC: REQUEST_PING
[2025-09-12T05:02:15.665] debug2: Start processing RPC: REQUEST_PING
[2025-09-12T05:02:15.665] debug2: Processing RPC: REQUEST_PING
[2025-09-12T05:02:15.665] debug2: Finish processing RPC: REQUEST_PING
[2025-09-12T05:02:15.665] debug2: Finish processing RPC: REQUEST_PING
[2025-09-12T05:05:35.931] debug2: Start processing RPC: REQUEST_PING
[2025-09-12T05:05:35.931] debug2: Processing RPC: REQUEST_PING
[2025-09-12T05:05:35.931] debug2: Start processing RPC: REQUEST_PING
[2025-09-12T05:05:35.931] debug2: Processing RPC: REQUEST_PING
[2025-09-12T05:05:35.932] debug2: Finish processing RPC: REQUEST_PING
[2025-09-12T05:05:35.932] debug2: Finish processing RPC: REQUEST_PING
[2025-09-12T05:08:55.485] debug2: Start processing RPC: REQUEST_PING
[2025-09-12T05:08:55.485] debug2: Processing RPC: REQUEST_PING
[2025-09-12T05:08:55.485] debug2: Start processing RPC: REQUEST_PING
[2025-09-12T05:08:55.485] debug2: Processing RPC: REQUEST_PING
[2025-09-12T05:08:55.485] debug2: Finish processing RPC: REQUEST_PING
[2025-09-12T05:08:55.485] debug2: Finish processing RPC: REQUEST_PING
[2025-09-12T05:12:15.741] debug2: Start processing RPC: REQUEST_PING
[2025-09-12T05:12:15.741] debug2: Processing RPC: REQUEST_PING
[2025-09-12T05:12:15.741] debug2: Start processing RPC: REQUEST_PING
[2025-09-12T05:12:15.741] debug2: Processing RPC: REQUEST_PING
[2025-09-12T05:12:15.742] debug2: Finish processing RPC: REQUEST_PING
[2025-09-12T05:12:15.742] debug2: Finish processing RPC: REQUEST_PING
[2025-09-12T05:15:35.557] debug2: Start processing RPC: REQUEST_PING
[2025-09-12T05:15:35.557] debug2: Processing RPC: REQUEST_PING
[2025-09-12T05:15:35.557] debug2: Start processing RPC: REQUEST_PING
[2025-09-12T05:15:35.557] debug2: Processing RPC: REQUEST_PING
[2025-09-12T05:15:35.557] debug2: Finish processing RPC: REQUEST_PING
[2025-09-12T05:15:35.557] debug2: Finish processing RPC: REQUEST_PING
[2025-09-12T05:18:55.347] debug2: Start processing RPC: REQUEST_PING
[2025-09-12T05:18:55.347] debug2: Start processing RPC: REQUEST_PING
[2025-09-12T05:18:55.347] debug2: Processing RPC: REQUEST_PING
[2025-09-12T05:18:55.347] debug2: Processing RPC: REQUEST_PING
[2025-09-12T05:18:55.348] debug2: Finish processing RPC: REQUEST_PING
[2025-09-12T05:18:55.348] debug2: Finish processing RPC: REQUEST_PING
[2025-09-12T05:22:15.451] debug2: Start processing RPC: REQUEST_PING
[2025-09-12T05:22:15.451] debug2: Processing RPC: REQUEST_PING
[2025-09-12T05:22:15.451] debug2: Start processing RPC: REQUEST_PING
[2025-09-12T05:22:15.451] debug2: Processing RPC: REQUEST_PING
[2025-09-12T05:22:15.451] debug2: Finish processing RPC: REQUEST_PING
[2025-09-12T05:22:15.451] debug2: Finish processing RPC: REQUEST_PING
[2025-09-12T05:25:35.303] debug2: Start processing RPC: REQUEST_NODE_REGISTRATION_STATUS
[2025-09-12T05:25:35.303] debug2: Start processing RPC: REQUEST_NODE_REGISTRATION_STATUS
[2025-09-12T05:25:35.303] debug2: Processing RPC: REQUEST_NODE_REGISTRATION_STATUS
[2025-09-12T05:25:35.303] debug2: Processing RPC: REQUEST_NODE_REGISTRATION_STATUS
[2025-09-12T05:25:35.305] debug:  _handle_node_reg_resp: slurmctld sent back 8 TRES.
[2025-09-12T05:25:35.305] debug:  _handle_node_reg_resp: slurmctld sent back 8 TRES.
[2025-09-12T05:25:35.305] debug2: Finish processing RPC: REQUEST_NODE_REGISTRATION_STATUS
[2025-09-12T05:25:35.305] debug2: Finish processing RPC: REQUEST_NODE_REGISTRATION_STATUS
[2025-09-12T05:28:55.162] debug2: Start processing RPC: REQUEST_PING
[2025-09-12T05:28:55.162] debug2: Start processing RPC: REQUEST_PING
[2025-09-12T05:28:55.163] debug2: Processing RPC: REQUEST_PING
[2025-09-12T05:28:55.163] debug2: Processing RPC: REQUEST_PING
[2025-09-12T05:28:55.163] debug2: Finish processing RPC: REQUEST_PING
[2025-09-12T05:28:55.163] debug2: Finish processing RPC: REQUEST_PING
[2025-09-12T05:32:15.492] debug2: Start processing RPC: REQUEST_PING
[2025-09-12T05:32:15.492] debug2: Processing RPC: REQUEST_PING
[2025-09-12T05:32:15.492] debug2: Start processing RPC: REQUEST_PING
[2025-09-12T05:32:15.492] debug2: Processing RPC: REQUEST_PING
[2025-09-12T05:32:15.492] debug2: Finish processing RPC: REQUEST_PING
[2025-09-12T05:32:15.492] debug2: Finish processing RPC: REQUEST_PING
[2025-09-12T05:35:35.295] debug2: Start processing RPC: REQUEST_PING
[2025-09-12T05:35:35.295] debug2: Processing RPC: REQUEST_PING
[2025-09-12T05:35:35.295] debug2: Start processing RPC: REQUEST_PING
[2025-09-12T05:35:35.295] debug2: Processing RPC: REQUEST_PING
[2025-09-12T05:35:35.295] debug2: Finish processing RPC: REQUEST_PING
[2025-09-12T05:35:35.295] debug2: Finish processing RPC: REQUEST_PING
[2025-09-12T05:38:55.533] debug2: Start processing RPC: REQUEST_PING
[2025-09-12T05:38:55.533] debug2: Processing RPC: REQUEST_PING
[2025-09-12T05:38:55.533] debug2: Start processing RPC: REQUEST_PING
[2025-09-12T05:38:55.533] debug2: Processing RPC: REQUEST_PING
[2025-09-12T05:38:55.533] debug2: Finish processing RPC: REQUEST_PING
[2025-09-12T05:38:55.533] debug2: Finish processing RPC: REQUEST_PING
[2025-09-12T05:42:15.078] debug2: Start processing RPC: REQUEST_PING
[2025-09-12T05:42:15.078] debug2: Start processing RPC: REQUEST_PING
[2025-09-12T05:42:15.079] debug2: Processing RPC: REQUEST_PING
[2025-09-12T05:42:15.079] debug2: Processing RPC: REQUEST_PING
[2025-09-12T05:42:15.079] debug2: Finish processing RPC: REQUEST_PING
[2025-09-12T05:42:15.079] debug2: Finish processing RPC: REQUEST_PING
[2025-09-12T05:45:35.574] debug2: Start processing RPC: REQUEST_PING
[2025-09-12T05:45:35.574] debug2: Processing RPC: REQUEST_PING
[2025-09-12T05:45:35.574] debug2: Start processing RPC: REQUEST_PING
[2025-09-12T05:45:35.574] debug2: Processing RPC: REQUEST_PING
[2025-09-12T05:45:35.574] debug2: Finish processing RPC: REQUEST_PING
[2025-09-12T05:45:35.574] debug2: Finish processing RPC: REQUEST_PING
[2025-09-12T05:48:55.308] debug2: Start processing RPC: REQUEST_PING
[2025-09-12T05:48:55.308] debug2: Processing RPC: REQUEST_PING
[2025-09-12T05:48:55.308] debug2: Start processing RPC: REQUEST_PING
[2025-09-12T05:48:55.308] debug2: Processing RPC: REQUEST_PING
[2025-09-12T05:48:55.308] debug2: Finish processing RPC: REQUEST_PING
[2025-09-12T05:48:55.308] debug2: Finish processing RPC: REQUEST_PING
[2025-09-12T05:52:15.100] debug2: Start processing RPC: REQUEST_PING
[2025-09-12T05:52:15.100] debug2: Start processing RPC: REQUEST_PING
[2025-09-12T05:52:15.100] debug2: Processing RPC: REQUEST_PING
[2025-09-12T05:52:15.100] debug2: Processing RPC: REQUEST_PING
[2025-09-12T05:52:15.100] debug2: Finish processing RPC: REQUEST_PING
[2025-09-12T05:52:15.100] debug2: Finish processing RPC: REQUEST_PING
[2025-09-12T05:55:35.760] debug2: Start processing RPC: REQUEST_PING
[2025-09-12T05:55:35.760] debug2: Start processing RPC: REQUEST_PING
[2025-09-12T05:55:35.760] debug2: Processing RPC: REQUEST_PING
[2025-09-12T05:55:35.760] debug2: Processing RPC: REQUEST_PING
[2025-09-12T05:55:35.760] debug2: Finish processing RPC: REQUEST_PING
[2025-09-12T05:55:35.760] debug2: Finish processing RPC: REQUEST_PING
[2025-09-12T05:58:55.246] debug2: Start processing RPC: REQUEST_NODE_REGISTRATION_STATUS
[2025-09-12T05:58:55.246] debug2: Start processing RPC: REQUEST_NODE_REGISTRATION_STATUS
[2025-09-12T05:58:55.247] debug2: Processing RPC: REQUEST_NODE_REGISTRATION_STATUS
[2025-09-12T05:58:55.247] debug2: Processing RPC: REQUEST_NODE_REGISTRATION_STATUS
[2025-09-12T05:58:55.249] debug:  _handle_node_reg_resp: slurmctld sent back 8 TRES.
[2025-09-12T05:58:55.249] debug:  _handle_node_reg_resp: slurmctld sent back 8 TRES.
[2025-09-12T05:58:55.250] debug2: Finish processing RPC: REQUEST_NODE_REGISTRATION_STATUS
[2025-09-12T05:58:55.250] debug2: Finish processing RPC: REQUEST_NODE_REGISTRATION_STATUS
[2025-09-12T06:02:15.428] debug2: Start processing RPC: REQUEST_PING
[2025-09-12T06:02:15.428] debug2: Start processing RPC: REQUEST_PING
[2025-09-12T06:02:15.428] debug2: Processing RPC: REQUEST_PING
[2025-09-12T06:02:15.428] debug2: Processing RPC: REQUEST_PING
[2025-09-12T06:02:15.428] debug2: Finish processing RPC: REQUEST_PING
[2025-09-12T06:02:15.429] debug2: Finish processing RPC: REQUEST_PING
[2025-09-12T06:05:35.516] debug2: Start processing RPC: REQUEST_PING
[2025-09-12T06:05:35.516] debug2: Processing RPC: REQUEST_PING
[2025-09-12T06:05:35.516] debug2: Start processing RPC: REQUEST_PING
[2025-09-12T06:05:35.516] debug2: Processing RPC: REQUEST_PING
[2025-09-12T06:05:35.516] debug2: Finish processing RPC: REQUEST_PING
[2025-09-12T06:05:35.516] debug2: Finish processing RPC: REQUEST_PING
[2025-09-12T06:08:55.815] debug2: Start processing RPC: REQUEST_PING
[2025-09-12T06:08:55.815] debug2: Start processing RPC: REQUEST_PING
[2025-09-12T06:08:55.816] debug2: Processing RPC: REQUEST_PING
[2025-09-12T06:08:55.816] debug2: Processing RPC: REQUEST_PING
[2025-09-12T06:08:55.816] debug2: Finish processing RPC: REQUEST_PING
[2025-09-12T06:08:55.816] debug2: Finish processing RPC: REQUEST_PING
[2025-09-12T06:12:16.035] debug2: Start processing RPC: REQUEST_PING
[2025-09-12T06:12:16.035] debug2: Start processing RPC: REQUEST_PING
[2025-09-12T06:12:16.035] debug2: Processing RPC: REQUEST_PING
[2025-09-12T06:12:16.035] debug2: Processing RPC: REQUEST_PING
[2025-09-12T06:12:16.035] debug2: Finish processing RPC: REQUEST_PING
[2025-09-12T06:12:16.035] debug2: Finish processing RPC: REQUEST_PING
[2025-09-12T06:15:36.657] debug2: Start processing RPC: REQUEST_PING
[2025-09-12T06:15:36.657] debug2: Start processing RPC: REQUEST_PING
[2025-09-12T06:15:36.657] debug2: Processing RPC: REQUEST_PING
[2025-09-12T06:15:36.657] debug2: Processing RPC: REQUEST_PING
[2025-09-12T06:15:36.657] debug2: Finish processing RPC: REQUEST_PING
[2025-09-12T06:15:36.657] debug2: Finish processing RPC: REQUEST_PING
[2025-09-12T06:18:57.056] debug2: Start processing RPC: REQUEST_PING
[2025-09-12T06:18:57.056] debug2: Processing RPC: REQUEST_PING
[2025-09-12T06:18:57.056] debug2: Start processing RPC: REQUEST_PING
[2025-09-12T06:18:57.056] debug2: Processing RPC: REQUEST_PING
[2025-09-12T06:18:57.056] debug2: Finish processing RPC: REQUEST_PING
[2025-09-12T06:18:57.056] debug2: Finish processing RPC: REQUEST_PING
[2025-09-12T06:22:17.489] debug2: Start processing RPC: REQUEST_PING
[2025-09-12T06:22:17.489] debug2: Processing RPC: REQUEST_PING
[2025-09-12T06:22:17.489] debug2: Start processing RPC: REQUEST_PING
[2025-09-12T06:22:17.489] debug2: Processing RPC: REQUEST_PING
[2025-09-12T06:22:17.489] debug2: Finish processing RPC: REQUEST_PING
[2025-09-12T06:22:17.489] debug2: Finish processing RPC: REQUEST_PING
[2025-09-12T06:25:38.003] debug2: Start processing RPC: REQUEST_PING
[2025-09-12T06:25:38.003] debug2: Start processing RPC: REQUEST_PING
[2025-09-12T06:25:38.003] debug2: Processing RPC: REQUEST_PING
[2025-09-12T06:25:38.003] debug2: Processing RPC: REQUEST_PING
[2025-09-12T06:25:38.004] debug2: Finish processing RPC: REQUEST_PING
[2025-09-12T06:25:38.004] debug2: Finish processing RPC: REQUEST_PING
[2025-09-12T06:28:58.181] debug2: Start processing RPC: REQUEST_PING
[2025-09-12T06:28:58.181] debug2: Start processing RPC: REQUEST_PING
[2025-09-12T06:28:58.181] debug2: Processing RPC: REQUEST_PING
[2025-09-12T06:28:58.181] debug2: Processing RPC: REQUEST_PING
[2025-09-12T06:28:58.181] debug2: Finish processing RPC: REQUEST_PING
[2025-09-12T06:28:58.181] debug2: Finish processing RPC: REQUEST_PING
[2025-09-12T06:32:18.784] debug2: Start processing RPC: REQUEST_NODE_REGISTRATION_STATUS
[2025-09-12T06:32:18.784] debug2: Start processing RPC: REQUEST_NODE_REGISTRATION_STATUS
[2025-09-12T06:32:18.784] debug2: Processing RPC: REQUEST_NODE_REGISTRATION_STATUS
[2025-09-12T06:32:18.784] debug2: Processing RPC: REQUEST_NODE_REGISTRATION_STATUS
[2025-09-12T06:32:18.787] debug:  _handle_node_reg_resp: slurmctld sent back 8 TRES.
[2025-09-12T06:32:18.787] debug:  _handle_node_reg_resp: slurmctld sent back 8 TRES.
[2025-09-12T06:32:18.787] debug2: Finish processing RPC: REQUEST_NODE_REGISTRATION_STATUS
[2025-09-12T06:32:18.787] debug2: Finish processing RPC: REQUEST_NODE_REGISTRATION_STATUS
[2025-09-12T06:35:38.548] debug2: Start processing RPC: REQUEST_PING
[2025-09-12T06:35:38.548] debug2: Start processing RPC: REQUEST_PING
[2025-09-12T06:35:38.549] debug2: Processing RPC: REQUEST_PING
[2025-09-12T06:35:38.549] debug2: Processing RPC: REQUEST_PING
[2025-09-12T06:35:38.549] debug2: Finish processing RPC: REQUEST_PING
[2025-09-12T06:35:38.549] debug2: Finish processing RPC: REQUEST_PING
[2025-09-12T06:38:58.317] debug2: Start processing RPC: REQUEST_PING
[2025-09-12T06:38:58.317] debug2: Processing RPC: REQUEST_PING
[2025-09-12T06:38:58.317] debug2: Start processing RPC: REQUEST_PING
[2025-09-12T06:38:58.317] debug2: Processing RPC: REQUEST_PING
[2025-09-12T06:38:58.318] debug2: Finish processing RPC: REQUEST_PING
[2025-09-12T06:38:58.318] debug2: Finish processing RPC: REQUEST_PING
[2025-09-12T06:42:18.875] debug2: Start processing RPC: REQUEST_PING
[2025-09-12T06:42:18.875] debug2: Start processing RPC: REQUEST_PING
[2025-09-12T06:42:18.875] debug2: Processing RPC: REQUEST_PING
[2025-09-12T06:42:18.875] debug2: Processing RPC: REQUEST_PING
[2025-09-12T06:42:18.875] debug2: Finish processing RPC: REQUEST_PING
[2025-09-12T06:42:18.875] debug2: Finish processing RPC: REQUEST_PING
[2025-09-12T06:43:59.014] debug2: Start processing RPC: REQUEST_PING
[2025-09-12T06:43:59.014] debug2: Start processing RPC: REQUEST_PING
[2025-09-12T06:43:59.014] debug2: Processing RPC: REQUEST_PING
[2025-09-12T06:43:59.014] debug2: Processing RPC: REQUEST_PING
[2025-09-12T06:43:59.014] debug2: Finish processing RPC: REQUEST_PING
[2025-09-12T06:43:59.014] debug2: Finish processing RPC: REQUEST_PING
[2025-09-12T06:47:19.210] debug2: Start processing RPC: REQUEST_PING
[2025-09-12T06:47:19.210] debug2: Start processing RPC: REQUEST_PING
[2025-09-12T06:47:19.210] debug2: Processing RPC: REQUEST_PING
[2025-09-12T06:47:19.210] debug2: Processing RPC: REQUEST_PING
[2025-09-12T06:47:19.210] debug2: Finish processing RPC: REQUEST_PING
[2025-09-12T06:47:19.210] debug2: Finish processing RPC: REQUEST_PING
[2025-09-12T06:50:39.468] debug2: Start processing RPC: REQUEST_PING
[2025-09-12T06:50:39.468] debug2: Start processing RPC: REQUEST_PING
[2025-09-12T06:50:39.469] debug2: Processing RPC: REQUEST_PING
[2025-09-12T06:50:39.469] debug2: Processing RPC: REQUEST_PING
[2025-09-12T06:50:39.469] debug2: Finish processing RPC: REQUEST_PING
[2025-09-12T06:50:39.469] debug2: Finish processing RPC: REQUEST_PING
[2025-09-12T06:53:59.965] debug2: Start processing RPC: REQUEST_PING
[2025-09-12T06:53:59.965] debug2: Processing RPC: REQUEST_PING
[2025-09-12T06:53:59.965] debug2: Start processing RPC: REQUEST_PING
[2025-09-12T06:53:59.965] debug2: Processing RPC: REQUEST_PING
[2025-09-12T06:53:59.966] debug2: Finish processing RPC: REQUEST_PING
[2025-09-12T06:53:59.966] debug2: Finish processing RPC: REQUEST_PING
[2025-09-12T06:57:19.910] debug2: Start processing RPC: REQUEST_PING
[2025-09-12T06:57:19.910] debug2: Start processing RPC: REQUEST_PING
[2025-09-12T06:57:19.910] debug2: Processing RPC: REQUEST_PING
[2025-09-12T06:57:19.910] debug2: Processing RPC: REQUEST_PING
[2025-09-12T06:57:19.911] debug2: Finish processing RPC: REQUEST_PING
[2025-09-12T06:57:19.911] debug2: Finish processing RPC: REQUEST_PING
[2025-09-12T07:00:39.474] debug2: Start processing RPC: REQUEST_PING
[2025-09-12T07:00:39.474] debug2: Start processing RPC: REQUEST_PING
[2025-09-12T07:00:39.474] debug2: Processing RPC: REQUEST_PING
[2025-09-12T07:00:39.474] debug2: Processing RPC: REQUEST_PING
[2025-09-12T07:00:39.474] debug2: Finish processing RPC: REQUEST_PING
[2025-09-12T07:00:39.474] debug2: Finish processing RPC: REQUEST_PING
[2025-09-12T07:03:59.093] debug2: Start processing RPC: REQUEST_PING
[2025-09-12T07:03:59.093] debug2: Start processing RPC: REQUEST_PING
[2025-09-12T07:03:59.093] debug2: Processing RPC: REQUEST_PING
[2025-09-12T07:03:59.093] debug2: Processing RPC: REQUEST_PING
[2025-09-12T07:03:59.094] debug2: Finish processing RPC: REQUEST_PING
[2025-09-12T07:03:59.094] debug2: Finish processing RPC: REQUEST_PING
[2025-09-12T07:05:39.116] debug2: Start processing RPC: REQUEST_NODE_REGISTRATION_STATUS
[2025-09-12T07:05:39.116] debug2: Start processing RPC: REQUEST_NODE_REGISTRATION_STATUS
[2025-09-12T07:05:39.116] debug2: Processing RPC: REQUEST_NODE_REGISTRATION_STATUS
[2025-09-12T07:05:39.116] debug2: Processing RPC: REQUEST_NODE_REGISTRATION_STATUS
[2025-09-12T07:05:39.119] debug:  _handle_node_reg_resp: slurmctld sent back 8 TRES.
[2025-09-12T07:05:39.119] debug:  _handle_node_reg_resp: slurmctld sent back 8 TRES.
[2025-09-12T07:05:39.119] debug2: Finish processing RPC: REQUEST_NODE_REGISTRATION_STATUS
[2025-09-12T07:05:39.119] debug2: Finish processing RPC: REQUEST_NODE_REGISTRATION_STATUS
[2025-09-12T07:08:59.990] debug2: Start processing RPC: REQUEST_PING
[2025-09-12T07:08:59.990] debug2: Start processing RPC: REQUEST_PING
[2025-09-12T07:08:59.991] debug2: Processing RPC: REQUEST_PING
[2025-09-12T07:08:59.991] debug2: Processing RPC: REQUEST_PING
[2025-09-12T07:08:59.991] debug2: Finish processing RPC: REQUEST_PING
[2025-09-12T07:08:59.991] debug2: Finish processing RPC: REQUEST_PING
[2025-09-12T07:12:19.678] debug2: Start processing RPC: REQUEST_PING
[2025-09-12T07:12:19.678] debug2: Processing RPC: REQUEST_PING
[2025-09-12T07:12:19.678] debug2: Start processing RPC: REQUEST_PING
[2025-09-12T07:12:19.678] debug2: Processing RPC: REQUEST_PING
[2025-09-12T07:12:19.679] debug2: Finish processing RPC: REQUEST_PING
[2025-09-12T07:12:19.679] debug2: Finish processing RPC: REQUEST_PING
[2025-09-12T07:15:39.637] debug2: Start processing RPC: REQUEST_PING
[2025-09-12T07:15:39.637] debug2: Start processing RPC: REQUEST_PING
[2025-09-12T07:15:39.637] debug2: Processing RPC: REQUEST_PING
[2025-09-12T07:15:39.637] debug2: Processing RPC: REQUEST_PING
[2025-09-12T07:15:39.638] debug2: Finish processing RPC: REQUEST_PING
[2025-09-12T07:15:39.638] debug2: Finish processing RPC: REQUEST_PING
[2025-09-12T07:18:59.744] debug2: Start processing RPC: REQUEST_PING
[2025-09-12T07:18:59.744] debug2: Start processing RPC: REQUEST_PING
[2025-09-12T07:18:59.744] debug2: Processing RPC: REQUEST_PING
[2025-09-12T07:18:59.744] debug2: Processing RPC: REQUEST_PING
[2025-09-12T07:18:59.744] debug2: Finish processing RPC: REQUEST_PING
[2025-09-12T07:18:59.744] debug2: Finish processing RPC: REQUEST_PING
[2025-09-12T07:22:19.419] debug2: Start processing RPC: REQUEST_PING
[2025-09-12T07:22:19.419] debug2: Start processing RPC: REQUEST_PING
[2025-09-12T07:22:19.419] debug2: Processing RPC: REQUEST_PING
[2025-09-12T07:22:19.419] debug2: Processing RPC: REQUEST_PING
[2025-09-12T07:22:19.419] debug2: Finish processing RPC: REQUEST_PING
[2025-09-12T07:22:19.419] debug2: Finish processing RPC: REQUEST_PING
[2025-09-12T07:25:39.902] debug2: Start processing RPC: REQUEST_PING
[2025-09-12T07:25:39.902] debug2: Start processing RPC: REQUEST_PING
[2025-09-12T07:25:39.902] debug2: Processing RPC: REQUEST_PING
[2025-09-12T07:25:39.902] debug2: Processing RPC: REQUEST_PING
[2025-09-12T07:25:39.903] debug2: Finish processing RPC: REQUEST_PING
[2025-09-12T07:25:39.903] debug2: Finish processing RPC: REQUEST_PING
[2025-09-12T07:28:59.235] debug2: Start processing RPC: REQUEST_PING
[2025-09-12T07:28:59.235] debug2: Processing RPC: REQUEST_PING
[2025-09-12T07:28:59.235] debug2: Start processing RPC: REQUEST_PING
[2025-09-12T07:28:59.235] debug2: Processing RPC: REQUEST_PING
[2025-09-12T07:28:59.236] debug2: Finish processing RPC: REQUEST_PING
[2025-09-12T07:28:59.236] debug2: Finish processing RPC: REQUEST_PING
[2025-09-12T07:32:19.484] debug2: Start processing RPC: REQUEST_PING
[2025-09-12T07:32:19.484] debug2: Start processing RPC: REQUEST_PING
[2025-09-12T07:32:19.484] debug2: Processing RPC: REQUEST_PING
[2025-09-12T07:32:19.484] debug2: Processing RPC: REQUEST_PING
[2025-09-12T07:32:19.485] debug2: Finish processing RPC: REQUEST_PING
[2025-09-12T07:32:19.485] debug2: Finish processing RPC: REQUEST_PING
[2025-09-12T07:35:39.301] debug2: Start processing RPC: REQUEST_PING
[2025-09-12T07:35:39.301] debug2: Start processing RPC: REQUEST_PING
[2025-09-12T07:35:39.301] debug2: Processing RPC: REQUEST_PING
[2025-09-12T07:35:39.301] debug2: Processing RPC: REQUEST_PING
[2025-09-12T07:35:39.302] debug2: Finish processing RPC: REQUEST_PING
[2025-09-12T07:35:39.302] debug2: Finish processing RPC: REQUEST_PING
[2025-09-12T07:38:59.556] debug2: Start processing RPC: REQUEST_NODE_REGISTRATION_STATUS
[2025-09-12T07:38:59.556] debug2: Start processing RPC: REQUEST_NODE_REGISTRATION_STATUS
[2025-09-12T07:38:59.556] debug2: Processing RPC: REQUEST_NODE_REGISTRATION_STATUS
[2025-09-12T07:38:59.556] debug2: Processing RPC: REQUEST_NODE_REGISTRATION_STATUS
[2025-09-12T07:38:59.559] debug:  _handle_node_reg_resp: slurmctld sent back 8 TRES.
[2025-09-12T07:38:59.559] debug:  _handle_node_reg_resp: slurmctld sent back 8 TRES.
[2025-09-12T07:38:59.559] debug2: Finish processing RPC: REQUEST_NODE_REGISTRATION_STATUS
[2025-09-12T07:38:59.559] debug2: Finish processing RPC: REQUEST_NODE_REGISTRATION_STATUS
[2025-09-12T07:42:19.796] debug2: Start processing RPC: REQUEST_PING
[2025-09-12T07:42:19.796] debug2: Processing RPC: REQUEST_PING
[2025-09-12T07:42:19.796] debug2: Start processing RPC: REQUEST_PING
[2025-09-12T07:42:19.796] debug2: Processing RPC: REQUEST_PING
[2025-09-12T07:42:19.796] debug2: Finish processing RPC: REQUEST_PING
[2025-09-12T07:42:19.796] debug2: Finish processing RPC: REQUEST_PING
[2025-09-12T07:45:39.352] debug2: Start processing RPC: REQUEST_PING
[2025-09-12T07:45:39.352] debug2: Processing RPC: REQUEST_PING
[2025-09-12T07:45:39.352] debug2: Start processing RPC: REQUEST_PING
[2025-09-12T07:45:39.352] debug2: Processing RPC: REQUEST_PING
[2025-09-12T07:45:39.352] debug2: Finish processing RPC: REQUEST_PING
[2025-09-12T07:45:39.352] debug2: Finish processing RPC: REQUEST_PING
[2025-09-12T07:48:59.613] debug2: Start processing RPC: REQUEST_PING
[2025-09-12T07:48:59.613] debug2: Start processing RPC: REQUEST_PING
[2025-09-12T07:48:59.613] debug2: Processing RPC: REQUEST_PING
[2025-09-12T07:48:59.613] debug2: Processing RPC: REQUEST_PING
[2025-09-12T07:48:59.613] debug2: Finish processing RPC: REQUEST_PING
[2025-09-12T07:48:59.613] debug2: Finish processing RPC: REQUEST_PING
[2025-09-12T07:52:19.816] debug2: Start processing RPC: REQUEST_PING
[2025-09-12T07:52:19.816] debug2: Start processing RPC: REQUEST_PING
[2025-09-12T07:52:19.816] debug2: Processing RPC: REQUEST_PING
[2025-09-12T07:52:19.816] debug2: Processing RPC: REQUEST_PING
[2025-09-12T07:52:19.816] debug2: Finish processing RPC: REQUEST_PING
[2025-09-12T07:52:19.816] debug2: Finish processing RPC: REQUEST_PING
[2025-09-12T07:55:39.398] debug2: Start processing RPC: REQUEST_PING
[2025-09-12T07:55:39.398] debug2: Start processing RPC: REQUEST_PING
[2025-09-12T07:55:39.398] debug2: Processing RPC: REQUEST_PING
[2025-09-12T07:55:39.398] debug2: Processing RPC: REQUEST_PING
[2025-09-12T07:55:39.399] debug2: Finish processing RPC: REQUEST_PING
[2025-09-12T07:55:39.399] debug2: Finish processing RPC: REQUEST_PING
[2025-09-12T07:58:59.160] debug2: Start processing RPC: REQUEST_PING
[2025-09-12T07:58:59.160] debug2: Processing RPC: REQUEST_PING
[2025-09-12T07:58:59.160] debug2: Start processing RPC: REQUEST_PING
[2025-09-12T07:58:59.160] debug2: Processing RPC: REQUEST_PING
[2025-09-12T07:58:59.160] debug2: Finish processing RPC: REQUEST_PING
[2025-09-12T07:58:59.161] debug2: Finish processing RPC: REQUEST_PING
[2025-09-12T08:02:19.980] debug2: Start processing RPC: REQUEST_PING
[2025-09-12T08:02:19.980] debug2: Start processing RPC: REQUEST_PING
[2025-09-12T08:02:19.981] debug2: Processing RPC: REQUEST_PING
[2025-09-12T08:02:19.981] debug2: Processing RPC: REQUEST_PING
[2025-09-12T08:02:19.981] debug2: Finish processing RPC: REQUEST_PING
[2025-09-12T08:02:19.981] debug2: Finish processing RPC: REQUEST_PING
[2025-09-12T08:05:39.592] debug2: Start processing RPC: REQUEST_PING
[2025-09-12T08:05:39.592] debug2: Processing RPC: REQUEST_PING
[2025-09-12T08:05:39.593] debug2: Start processing RPC: REQUEST_PING
[2025-09-12T08:05:39.593] debug2: Processing RPC: REQUEST_PING
[2025-09-12T08:05:39.593] debug2: Finish processing RPC: REQUEST_PING
[2025-09-12T08:05:39.593] debug2: Finish processing RPC: REQUEST_PING
[2025-09-12T08:08:59.450] debug2: Start processing RPC: REQUEST_PING
[2025-09-12T08:08:59.451] debug2: Processing RPC: REQUEST_PING
[2025-09-12T08:08:59.451] debug2: Start processing RPC: REQUEST_PING
[2025-09-12T08:08:59.451] debug2: Processing RPC: REQUEST_PING
[2025-09-12T08:08:59.451] debug2: Finish processing RPC: REQUEST_PING
[2025-09-12T08:08:59.451] debug2: Finish processing RPC: REQUEST_PING
[2025-09-12T08:12:19.919] debug2: Start processing RPC: REQUEST_NODE_REGISTRATION_STATUS
[2025-09-12T08:12:19.919] debug2: Start processing RPC: REQUEST_NODE_REGISTRATION_STATUS
[2025-09-12T08:12:19.919] debug2: Processing RPC: REQUEST_NODE_REGISTRATION_STATUS
[2025-09-12T08:12:19.919] debug2: Processing RPC: REQUEST_NODE_REGISTRATION_STATUS
[2025-09-12T08:12:19.922] debug:  _handle_node_reg_resp: slurmctld sent back 8 TRES.
[2025-09-12T08:12:19.922] debug:  _handle_node_reg_resp: slurmctld sent back 8 TRES.
[2025-09-12T08:12:19.922] debug2: Finish processing RPC: REQUEST_NODE_REGISTRATION_STATUS
[2025-09-12T08:12:19.922] debug2: Finish processing RPC: REQUEST_NODE_REGISTRATION_STATUS
[2025-09-12T08:15:39.714] debug2: Start processing RPC: REQUEST_PING
[2025-09-12T08:15:39.714] debug2: Start processing RPC: REQUEST_PING
[2025-09-12T08:15:39.714] debug2: Processing RPC: REQUEST_PING
[2025-09-12T08:15:39.714] debug2: Processing RPC: REQUEST_PING
[2025-09-12T08:15:39.714] debug2: Finish processing RPC: REQUEST_PING
[2025-09-12T08:15:39.714] debug2: Finish processing RPC: REQUEST_PING
[2025-09-12T08:19:00.010] debug2: Start processing RPC: REQUEST_PING
[2025-09-12T08:19:00.010] debug2: Start processing RPC: REQUEST_PING
[2025-09-12T08:19:00.010] debug2: Processing RPC: REQUEST_PING
[2025-09-12T08:19:00.010] debug2: Processing RPC: REQUEST_PING
[2025-09-12T08:19:00.010] debug2: Finish processing RPC: REQUEST_PING
[2025-09-12T08:19:00.010] debug2: Finish processing RPC: REQUEST_PING
[2025-09-12T08:22:20.488] debug2: Start processing RPC: REQUEST_PING
[2025-09-12T08:22:20.488] debug2: Processing RPC: REQUEST_PING
[2025-09-12T08:22:20.488] debug2: Start processing RPC: REQUEST_PING
[2025-09-12T08:22:20.488] debug2: Processing RPC: REQUEST_PING
[2025-09-12T08:22:20.489] debug2: Finish processing RPC: REQUEST_PING
[2025-09-12T08:22:20.489] debug2: Finish processing RPC: REQUEST_PING
[2025-09-12T08:25:40.089] debug2: Start processing RPC: REQUEST_PING
[2025-09-12T08:25:40.089] debug2: Processing RPC: REQUEST_PING
[2025-09-12T08:25:40.090] debug2: Start processing RPC: REQUEST_PING
[2025-09-12T08:25:40.090] debug2: Processing RPC: REQUEST_PING
[2025-09-12T08:25:40.090] debug2: Finish processing RPC: REQUEST_PING
[2025-09-12T08:25:40.090] debug2: Finish processing RPC: REQUEST_PING
[2025-09-12T08:29:00.885] debug2: Start processing RPC: REQUEST_PING
[2025-09-12T08:29:00.885] debug2: Start processing RPC: REQUEST_PING
[2025-09-12T08:29:00.885] debug2: Processing RPC: REQUEST_PING
[2025-09-12T08:29:00.885] debug2: Processing RPC: REQUEST_PING
[2025-09-12T08:29:00.886] debug2: Finish processing RPC: REQUEST_PING
[2025-09-12T08:29:00.886] debug2: Finish processing RPC: REQUEST_PING
[2025-09-12T08:32:20.358] debug2: Start processing RPC: REQUEST_PING
[2025-09-12T08:32:20.358] debug2: Start processing RPC: REQUEST_PING
[2025-09-12T08:32:20.358] debug2: Processing RPC: REQUEST_PING
[2025-09-12T08:32:20.358] debug2: Processing RPC: REQUEST_PING
[2025-09-12T08:32:20.358] debug2: Finish processing RPC: REQUEST_PING
[2025-09-12T08:32:20.358] debug2: Finish processing RPC: REQUEST_PING
[2025-09-12T08:35:40.296] debug2: Start processing RPC: REQUEST_PING
[2025-09-12T08:35:40.296] debug2: Processing RPC: REQUEST_PING
[2025-09-12T08:35:40.296] debug2: Start processing RPC: REQUEST_PING
[2025-09-12T08:35:40.296] debug2: Processing RPC: REQUEST_PING
[2025-09-12T08:35:40.296] debug2: Finish processing RPC: REQUEST_PING
[2025-09-12T08:35:40.296] debug2: Finish processing RPC: REQUEST_PING
[2025-09-12T08:39:00.400] debug2: Start processing RPC: REQUEST_PING
[2025-09-12T08:39:00.400] debug2: Processing RPC: REQUEST_PING
[2025-09-12T08:39:00.400] debug2: Start processing RPC: REQUEST_PING
[2025-09-12T08:39:00.400] debug2: Processing RPC: REQUEST_PING
[2025-09-12T08:39:00.400] debug2: Finish processing RPC: REQUEST_PING
[2025-09-12T08:39:00.400] debug2: Finish processing RPC: REQUEST_PING
[2025-09-12T08:42:20.269] debug2: Start processing RPC: REQUEST_PING
[2025-09-12T08:42:20.269] debug2: Processing RPC: REQUEST_PING
[2025-09-12T08:42:20.269] debug2: Start processing RPC: REQUEST_PING
[2025-09-12T08:42:20.269] debug2: Processing RPC: REQUEST_PING
[2025-09-12T08:42:20.269] debug2: Finish processing RPC: REQUEST_PING
[2025-09-12T08:42:20.269] debug2: Finish processing RPC: REQUEST_PING
[2025-09-12T08:45:40.309] debug2: Start processing RPC: REQUEST_NODE_REGISTRATION_STATUS
[2025-09-12T08:45:40.309] debug2: Start processing RPC: REQUEST_NODE_REGISTRATION_STATUS
[2025-09-12T08:45:40.309] debug2: Processing RPC: REQUEST_NODE_REGISTRATION_STATUS
[2025-09-12T08:45:40.309] debug2: Processing RPC: REQUEST_NODE_REGISTRATION_STATUS
[2025-09-12T08:45:40.311] debug:  _handle_node_reg_resp: slurmctld sent back 8 TRES.
[2025-09-12T08:45:40.311] debug:  _handle_node_reg_resp: slurmctld sent back 8 TRES.
[2025-09-12T08:45:40.311] debug2: Finish processing RPC: REQUEST_NODE_REGISTRATION_STATUS
[2025-09-12T08:45:40.311] debug2: Finish processing RPC: REQUEST_NODE_REGISTRATION_STATUS
[2025-09-12T08:49:00.947] debug2: Start processing RPC: REQUEST_PING
[2025-09-12T08:49:00.947] debug2: Processing RPC: REQUEST_PING
[2025-09-12T08:49:00.947] debug2: Start processing RPC: REQUEST_PING
[2025-09-12T08:49:00.947] debug2: Processing RPC: REQUEST_PING
[2025-09-12T08:49:00.947] debug2: Finish processing RPC: REQUEST_PING
[2025-09-12T08:49:00.947] debug2: Finish processing RPC: REQUEST_PING
[2025-09-12T08:52:20.845] debug2: Start processing RPC: REQUEST_PING
[2025-09-12T08:52:20.845] debug2: Start processing RPC: REQUEST_PING
[2025-09-12T08:52:20.845] debug2: Processing RPC: REQUEST_PING
[2025-09-12T08:52:20.845] debug2: Processing RPC: REQUEST_PING
[2025-09-12T08:52:20.846] debug2: Finish processing RPC: REQUEST_PING
[2025-09-12T08:52:20.846] debug2: Finish processing RPC: REQUEST_PING
[2025-09-12T08:55:40.164] debug2: Start processing RPC: REQUEST_PING
[2025-09-12T08:55:40.164] debug2: Start processing RPC: REQUEST_PING
[2025-09-12T08:55:40.164] debug2: Processing RPC: REQUEST_PING
[2025-09-12T08:55:40.164] debug2: Processing RPC: REQUEST_PING
[2025-09-12T08:55:40.165] debug2: Finish processing RPC: REQUEST_PING
[2025-09-12T08:55:40.165] debug2: Finish processing RPC: REQUEST_PING
[2025-09-12T08:59:00.609] debug2: Start processing RPC: REQUEST_PING
[2025-09-12T08:59:00.609] debug2: Start processing RPC: REQUEST_PING
[2025-09-12T08:59:00.609] debug2: Processing RPC: REQUEST_PING
[2025-09-12T08:59:00.609] debug2: Processing RPC: REQUEST_PING
[2025-09-12T08:59:00.610] debug2: Finish processing RPC: REQUEST_PING
[2025-09-12T08:59:00.610] debug2: Finish processing RPC: REQUEST_PING
[2025-09-12T09:02:20.616] debug2: Start processing RPC: REQUEST_PING
[2025-09-12T09:02:20.616] debug2: Processing RPC: REQUEST_PING
[2025-09-12T09:02:20.616] debug2: Start processing RPC: REQUEST_PING
[2025-09-12T09:02:20.616] debug2: Processing RPC: REQUEST_PING
[2025-09-12T09:02:20.617] debug2: Finish processing RPC: REQUEST_PING
[2025-09-12T09:02:20.617] debug2: Finish processing RPC: REQUEST_PING
[2025-09-12T09:05:40.179] debug2: Start processing RPC: REQUEST_PING
[2025-09-12T09:05:40.179] debug2: Start processing RPC: REQUEST_PING
[2025-09-12T09:05:40.179] debug2: Processing RPC: REQUEST_PING
[2025-09-12T09:05:40.179] debug2: Processing RPC: REQUEST_PING
[2025-09-12T09:05:40.179] debug2: Finish processing RPC: REQUEST_PING
[2025-09-12T09:05:40.179] debug2: Finish processing RPC: REQUEST_PING
[2025-09-12T09:09:00.729] debug2: Start processing RPC: REQUEST_PING
[2025-09-12T09:09:00.729] debug2: Processing RPC: REQUEST_PING
[2025-09-12T09:09:00.729] debug2: Start processing RPC: REQUEST_PING
[2025-09-12T09:09:00.729] debug2: Processing RPC: REQUEST_PING
[2025-09-12T09:09:00.729] debug2: Finish processing RPC: REQUEST_PING
[2025-09-12T09:09:00.729] debug2: Finish processing RPC: REQUEST_PING
[2025-09-12T09:12:20.692] debug2: Start processing RPC: REQUEST_PING
[2025-09-12T09:12:20.692] debug2: Start processing RPC: REQUEST_PING
[2025-09-12T09:12:20.692] debug2: Processing RPC: REQUEST_PING
[2025-09-12T09:12:20.692] debug2: Processing RPC: REQUEST_PING
[2025-09-12T09:12:20.692] debug2: Finish processing RPC: REQUEST_PING
[2025-09-12T09:12:20.692] debug2: Finish processing RPC: REQUEST_PING
[2025-09-12T09:15:40.143] debug2: Start processing RPC: REQUEST_PING
[2025-09-12T09:15:40.143] debug2: Start processing RPC: REQUEST_PING
[2025-09-12T09:15:40.143] debug2: Processing RPC: REQUEST_PING
[2025-09-12T09:15:40.143] debug2: Processing RPC: REQUEST_PING
[2025-09-12T09:15:40.143] debug2: Finish processing RPC: REQUEST_PING
[2025-09-12T09:15:40.143] debug2: Finish processing RPC: REQUEST_PING
[2025-09-12T09:17:21.007] debug2: Start processing RPC: REQUEST_PING
[2025-09-12T09:17:21.007] debug2: Start processing RPC: REQUEST_PING
[2025-09-12T09:17:21.007] debug2: Processing RPC: REQUEST_PING
[2025-09-12T09:17:21.007] debug2: Processing RPC: REQUEST_PING
[2025-09-12T09:17:21.007] debug2: Finish processing RPC: REQUEST_PING
[2025-09-12T09:17:21.007] debug2: Finish processing RPC: REQUEST_PING
[2025-09-12T09:19:01.489] debug2: Start processing RPC: REQUEST_NODE_REGISTRATION_STATUS
[2025-09-12T09:19:01.489] debug2: Start processing RPC: REQUEST_NODE_REGISTRATION_STATUS
[2025-09-12T09:19:01.489] debug2: Processing RPC: REQUEST_NODE_REGISTRATION_STATUS
[2025-09-12T09:19:01.489] debug2: Processing RPC: REQUEST_NODE_REGISTRATION_STATUS
[2025-09-12T09:19:01.491] debug:  _handle_node_reg_resp: slurmctld sent back 8 TRES.
[2025-09-12T09:19:01.491] debug:  _handle_node_reg_resp: slurmctld sent back 8 TRES.
[2025-09-12T09:19:01.491] debug2: Finish processing RPC: REQUEST_NODE_REGISTRATION_STATUS
[2025-09-12T09:19:01.491] debug2: Finish processing RPC: REQUEST_NODE_REGISTRATION_STATUS
[2025-09-12T09:22:21.479] debug2: Start processing RPC: REQUEST_PING
[2025-09-12T09:22:21.479] debug2: Processing RPC: REQUEST_PING
[2025-09-12T09:22:21.479] debug2: Start processing RPC: REQUEST_PING
[2025-09-12T09:22:21.479] debug2: Processing RPC: REQUEST_PING
[2025-09-12T09:22:21.479] debug2: Finish processing RPC: REQUEST_PING
[2025-09-12T09:22:21.480] debug2: Finish processing RPC: REQUEST_PING
[2025-09-12T09:25:41.850] debug2: Start processing RPC: REQUEST_PING
[2025-09-12T09:25:41.850] debug2: Start processing RPC: REQUEST_PING
[2025-09-12T09:25:41.850] debug2: Processing RPC: REQUEST_PING
[2025-09-12T09:25:41.850] debug2: Processing RPC: REQUEST_PING
[2025-09-12T09:25:41.851] debug2: Finish processing RPC: REQUEST_PING
[2025-09-12T09:25:41.851] debug2: Finish processing RPC: REQUEST_PING
[2025-09-12T09:29:01.903] debug2: Start processing RPC: REQUEST_PING
[2025-09-12T09:29:01.903] debug2: Processing RPC: REQUEST_PING
[2025-09-12T09:29:01.903] debug2: Start processing RPC: REQUEST_PING
[2025-09-12T09:29:01.903] debug2: Processing RPC: REQUEST_PING
[2025-09-12T09:29:01.904] debug2: Finish processing RPC: REQUEST_PING
[2025-09-12T09:29:01.904] debug2: Finish processing RPC: REQUEST_PING
[2025-09-15T10:15:28.784] debug:  Log file re-opened
[2025-09-15T10:15:28.786] error: Node configuration differs from hardware: CPUs=1:12(hw) Boards=1:1(hw) SocketsPerBoard=1:1(hw) CoresPerSocket=1:6(hw) ThreadsPerCore=1:2(hw)
[2025-09-15T10:15:28.786] topology/none: init: topology NONE plugin loaded
[2025-09-15T10:15:28.786] route/default: init: route default plugin loaded
[2025-09-15T10:15:28.786] CPU frequency setting not configured for this node
[2025-09-15T10:15:28.786] debug:  Resource spec: No specialized cores configured by default on this node
[2025-09-15T10:15:28.786] debug:  Resource spec: Reserved system memory limit not configured for this node
[2025-09-15T10:15:28.787] debug:  task/none: init: task NONE plugin loaded
[2025-09-15T10:15:28.787] debug:  auth/munge: init: Munge authentication plugin loaded
[2025-09-15T10:15:28.787] debug:  spank: opening plugin stack /etc/slurm/plugstack.conf
[2025-09-15T10:15:28.788] cred/munge: init: Munge credential signature plugin loaded
[2025-09-15T10:15:28.788] slurmd version 21.08.6 started
[2025-09-15T10:15:28.788] pidfile not locked, assuming no running daemon
[2025-09-15T10:15:28.788] debug:  jobacct_gather/linux: init: Job accounting gather LINUX plugin loaded
[2025-09-15T10:15:28.789] debug:  job_container/none: init: job_container none plugin loaded
[2025-09-15T10:15:28.790] debug:  switch/none: init: switch NONE plugin loaded
[2025-09-15T10:15:28.790] debug:  switch Cray/Aries plugin loaded.
[2025-09-15T10:15:28.790] slurmd started on Mon, 15 Sep 2025 10:15:28 +0000
[2025-09-15T10:15:28.791] CPUs=1 Boards=1 Sockets=1 Cores=1 Threads=1 Memory=56239 TmpDisk=1031018 Uptime=30676 CPUSpecList=(null) FeaturesAvail=(null) FeaturesActive=(null)
[2025-09-15T10:15:28.791] debug:  acct_gather_energy/none: init: AcctGatherEnergy NONE plugin loaded
[2025-09-15T10:15:28.791] debug:  acct_gather_Profile/none: init: AcctGatherProfile NONE plugin loaded
[2025-09-15T10:15:28.791] debug:  acct_gather_interconnect/none: init: AcctGatherInterconnect NONE plugin loaded
[2025-09-15T10:15:28.792] debug:  acct_gather_filesystem/none: init: AcctGatherFilesystem NONE plugin loaded
[2025-09-15T10:15:28.792] debug2: No acct_gather.conf file (/etc/slurm/acct_gather.conf)
[2025-09-15T10:15:28.794] debug:  _handle_node_reg_resp: slurmctld sent back 8 TRES.
[2025-09-15T10:15:28.833] debug:  Log file re-opened
[2025-09-15T10:15:28.834] error: Node configuration differs from hardware: CPUs=1:12(hw) Boards=1:1(hw) SocketsPerBoard=1:1(hw) CoresPerSocket=1:6(hw) ThreadsPerCore=1:2(hw)
[2025-09-15T10:15:28.834] topology/none: init: topology NONE plugin loaded
[2025-09-15T10:15:28.835] route/default: init: route default plugin loaded
[2025-09-15T10:15:28.835] CPU frequency setting not configured for this node
[2025-09-15T10:15:28.835] debug:  Resource spec: No specialized cores configured by default on this node
[2025-09-15T10:15:28.835] debug:  Resource spec: Reserved system memory limit not configured for this node
[2025-09-15T10:15:28.835] debug:  task/none: init: task NONE plugin loaded
[2025-09-15T10:15:28.835] debug:  auth/munge: init: Munge authentication plugin loaded
[2025-09-15T10:15:28.835] debug:  spank: opening plugin stack /etc/slurm/plugstack.conf
[2025-09-15T10:15:28.835] cred/munge: init: Munge credential signature plugin loaded
[2025-09-15T10:15:28.835] slurmd version 21.08.6 started
[2025-09-15T10:15:28.836] pidfile not locked, assuming no running daemon
[2025-09-15T10:15:28.836] debug:  jobacct_gather/linux: init: Job accounting gather LINUX plugin loaded
[2025-09-15T10:15:28.836] debug:  job_container/none: init: job_container none plugin loaded
[2025-09-15T10:15:28.836] debug:  switch/none: init: switch NONE plugin loaded
[2025-09-15T10:15:28.837] debug:  switch Cray/Aries plugin loaded.
[2025-09-15T10:15:28.837] slurmd started on Mon, 15 Sep 2025 10:15:28 +0000
[2025-09-15T10:15:28.837] CPUs=1 Boards=1 Sockets=1 Cores=1 Threads=1 Memory=56239 TmpDisk=1031018 Uptime=30676 CPUSpecList=(null) FeaturesAvail=(null) FeaturesActive=(null)
[2025-09-15T10:15:28.837] debug:  acct_gather_energy/none: init: AcctGatherEnergy NONE plugin loaded
[2025-09-15T10:15:28.837] debug:  acct_gather_Profile/none: init: AcctGatherProfile NONE plugin loaded
[2025-09-15T10:15:28.837] debug:  acct_gather_interconnect/none: init: AcctGatherInterconnect NONE plugin loaded
[2025-09-15T10:15:28.838] debug:  acct_gather_filesystem/none: init: AcctGatherFilesystem NONE plugin loaded
[2025-09-15T10:15:28.838] debug2: No acct_gather.conf file (/etc/slurm/acct_gather.conf)
[2025-09-15T10:15:28.840] debug:  _handle_node_reg_resp: slurmctld sent back 8 TRES.
[2025-09-15T10:17:11.638] debug2: Start processing RPC: REQUEST_PING
[2025-09-15T10:17:11.638] debug2: Processing RPC: REQUEST_PING
[2025-09-15T10:17:11.638] debug2: Start processing RPC: REQUEST_PING
[2025-09-15T10:17:11.638] debug2: Processing RPC: REQUEST_PING
[2025-09-15T10:17:11.638] debug2: Finish processing RPC: REQUEST_PING
[2025-09-15T10:17:11.638] debug2: Finish processing RPC: REQUEST_PING
[2025-09-15T10:20:31.033] debug2: Start processing RPC: REQUEST_PING
[2025-09-15T10:20:31.033] debug2: Start processing RPC: REQUEST_PING
[2025-09-15T10:20:31.033] debug2: Processing RPC: REQUEST_PING
[2025-09-15T10:20:31.033] debug2: Processing RPC: REQUEST_PING
[2025-09-15T10:20:31.034] debug2: Finish processing RPC: REQUEST_PING
[2025-09-15T10:20:31.034] debug2: Finish processing RPC: REQUEST_PING
[2025-09-15T10:23:51.999] debug2: Start processing RPC: REQUEST_PING
[2025-09-15T10:23:51.999] debug2: Start processing RPC: REQUEST_PING
[2025-09-15T10:23:51.999] debug2: Processing RPC: REQUEST_PING
[2025-09-15T10:23:51.999] debug2: Processing RPC: REQUEST_PING
[2025-09-15T10:23:51.999] debug2: Finish processing RPC: REQUEST_PING
[2025-09-15T10:23:51.999] debug2: Finish processing RPC: REQUEST_PING
[2025-09-15T10:27:11.963] debug2: Start processing RPC: REQUEST_PING
[2025-09-15T10:27:11.963] debug2: Start processing RPC: REQUEST_PING
[2025-09-15T10:27:11.963] debug2: Processing RPC: REQUEST_PING
[2025-09-15T10:27:11.963] debug2: Processing RPC: REQUEST_PING
[2025-09-15T10:27:11.963] debug2: Finish processing RPC: REQUEST_PING
[2025-09-15T10:27:11.963] debug2: Finish processing RPC: REQUEST_PING
[2025-09-15T10:28:52.184] debug2: Start processing RPC: REQUEST_PING
[2025-09-15T10:28:52.184] debug2: Processing RPC: REQUEST_PING
[2025-09-15T10:28:52.184] debug2: Start processing RPC: REQUEST_PING
[2025-09-15T10:28:52.184] debug2: Processing RPC: REQUEST_PING
[2025-09-15T10:28:52.184] debug2: Finish processing RPC: REQUEST_PING
[2025-09-15T10:28:52.184] debug2: Finish processing RPC: REQUEST_PING
[2025-09-15T10:32:12.011] debug2: Start processing RPC: REQUEST_PING
[2025-09-15T10:32:12.011] debug2: Processing RPC: REQUEST_PING
[2025-09-15T10:32:12.011] debug2: Start processing RPC: REQUEST_PING
[2025-09-15T10:32:12.011] debug2: Processing RPC: REQUEST_PING
[2025-09-15T10:32:12.011] debug2: Finish processing RPC: REQUEST_PING
[2025-09-15T10:32:12.012] debug2: Finish processing RPC: REQUEST_PING
[2025-09-15T10:35:32.758] debug2: Start processing RPC: REQUEST_PING
[2025-09-15T10:35:32.758] debug2: Start processing RPC: REQUEST_PING
[2025-09-15T10:35:32.758] debug2: Processing RPC: REQUEST_PING
[2025-09-15T10:35:32.758] debug2: Processing RPC: REQUEST_PING
[2025-09-15T10:35:32.759] debug2: Finish processing RPC: REQUEST_PING
[2025-09-15T10:35:32.759] debug2: Finish processing RPC: REQUEST_PING
[2025-09-15T10:38:52.605] debug2: Start processing RPC: REQUEST_PING
[2025-09-15T10:38:52.605] debug2: Processing RPC: REQUEST_PING
[2025-09-15T10:38:52.605] debug2: Start processing RPC: REQUEST_PING
[2025-09-15T10:38:52.605] debug2: Processing RPC: REQUEST_PING
[2025-09-15T10:38:52.605] debug2: Finish processing RPC: REQUEST_PING
[2025-09-15T10:38:52.605] debug2: Finish processing RPC: REQUEST_PING
[2025-09-15T10:42:12.197] debug2: Start processing RPC: REQUEST_PING
[2025-09-15T10:42:12.197] debug2: Start processing RPC: REQUEST_PING
[2025-09-15T10:42:12.197] debug2: Processing RPC: REQUEST_PING
[2025-09-15T10:42:12.197] debug2: Processing RPC: REQUEST_PING
[2025-09-15T10:42:12.197] debug2: Finish processing RPC: REQUEST_PING
[2025-09-15T10:42:12.197] debug2: Finish processing RPC: REQUEST_PING
[2025-09-15T10:45:32.959] debug2: Start processing RPC: REQUEST_PING
[2025-09-15T10:45:32.959] debug2: Start processing RPC: REQUEST_PING
[2025-09-15T10:45:32.959] debug2: Processing RPC: REQUEST_PING
[2025-09-15T10:45:32.959] debug2: Processing RPC: REQUEST_PING
[2025-09-15T10:45:32.959] debug2: Finish processing RPC: REQUEST_PING
[2025-09-15T10:45:32.959] debug2: Finish processing RPC: REQUEST_PING
[2025-09-15T10:47:12.678] debug2: Start processing RPC: REQUEST_NODE_REGISTRATION_STATUS
[2025-09-15T10:47:12.678] debug2: Processing RPC: REQUEST_NODE_REGISTRATION_STATUS
[2025-09-15T10:47:12.678] debug2: Start processing RPC: REQUEST_NODE_REGISTRATION_STATUS
[2025-09-15T10:47:12.678] debug2: Processing RPC: REQUEST_NODE_REGISTRATION_STATUS
[2025-09-15T10:47:12.680] debug:  _handle_node_reg_resp: slurmctld sent back 8 TRES.
[2025-09-15T10:47:12.680] debug:  _handle_node_reg_resp: slurmctld sent back 8 TRES.
[2025-09-15T10:47:12.680] debug2: Finish processing RPC: REQUEST_NODE_REGISTRATION_STATUS
[2025-09-15T10:47:12.680] debug2: Finish processing RPC: REQUEST_NODE_REGISTRATION_STATUS
[2025-09-15T10:50:32.097] debug2: Start processing RPC: REQUEST_PING
[2025-09-15T10:50:32.097] debug2: Start processing RPC: REQUEST_PING
[2025-09-15T10:50:32.097] debug2: Processing RPC: REQUEST_PING
[2025-09-15T10:50:32.097] debug2: Processing RPC: REQUEST_PING
[2025-09-15T10:50:32.097] debug2: Finish processing RPC: REQUEST_PING
[2025-09-15T10:50:32.097] debug2: Finish processing RPC: REQUEST_PING
[2025-09-15T10:53:52.577] debug2: Start processing RPC: REQUEST_PING
[2025-09-15T10:53:52.577] debug2: Processing RPC: REQUEST_PING
[2025-09-15T10:53:52.577] debug2: Start processing RPC: REQUEST_PING
[2025-09-15T10:53:52.577] debug2: Processing RPC: REQUEST_PING
[2025-09-15T10:53:52.577] debug2: Finish processing RPC: REQUEST_PING
[2025-09-15T10:53:52.577] debug2: Finish processing RPC: REQUEST_PING
[2025-09-15T10:57:12.830] debug2: Start processing RPC: REQUEST_PING
[2025-09-15T10:57:12.830] debug2: Processing RPC: REQUEST_PING
[2025-09-15T10:57:12.830] debug2: Start processing RPC: REQUEST_PING
[2025-09-15T10:57:12.831] debug2: Processing RPC: REQUEST_PING
[2025-09-15T10:57:12.831] debug2: Finish processing RPC: REQUEST_PING
[2025-09-15T10:57:12.831] debug2: Finish processing RPC: REQUEST_PING
[2025-09-15T11:00:32.994] debug2: Start processing RPC: REQUEST_PING
[2025-09-15T11:00:32.994] debug2: Processing RPC: REQUEST_PING
[2025-09-15T11:00:32.994] debug2: Start processing RPC: REQUEST_PING
[2025-09-15T11:00:32.994] debug2: Processing RPC: REQUEST_PING
[2025-09-15T11:00:32.994] debug2: Finish processing RPC: REQUEST_PING
[2025-09-15T11:00:32.994] debug2: Finish processing RPC: REQUEST_PING
[2025-09-15T11:03:52.181] debug2: Start processing RPC: REQUEST_PING
[2025-09-15T11:03:52.181] debug2: Processing RPC: REQUEST_PING
[2025-09-15T11:03:52.181] debug2: Start processing RPC: REQUEST_PING
[2025-09-15T11:03:52.181] debug2: Processing RPC: REQUEST_PING
[2025-09-15T11:03:52.182] debug2: Finish processing RPC: REQUEST_PING
[2025-09-15T11:03:52.182] debug2: Finish processing RPC: REQUEST_PING
[2025-09-15T11:07:12.203] debug2: Start processing RPC: REQUEST_PING
[2025-09-15T11:07:12.203] debug2: Start processing RPC: REQUEST_PING
[2025-09-15T11:07:12.203] debug2: Processing RPC: REQUEST_PING
[2025-09-15T11:07:12.203] debug2: Processing RPC: REQUEST_PING
[2025-09-15T11:07:12.204] debug2: Finish processing RPC: REQUEST_PING
[2025-09-15T11:07:12.204] debug2: Finish processing RPC: REQUEST_PING
[2025-09-15T11:08:53.265] debug2: Start processing RPC: REQUEST_PING
[2025-09-15T11:08:53.265] debug2: Processing RPC: REQUEST_PING
[2025-09-15T11:08:53.265] debug2: Start processing RPC: REQUEST_PING
[2025-09-15T11:08:53.265] debug2: Processing RPC: REQUEST_PING
[2025-09-15T11:08:53.265] debug2: Finish processing RPC: REQUEST_PING
[2025-09-15T11:08:53.265] debug2: Finish processing RPC: REQUEST_PING
[2025-09-15T11:12:13.710] debug2: Start processing RPC: REQUEST_PING
[2025-09-15T11:12:13.710] debug2: Processing RPC: REQUEST_PING
[2025-09-15T11:12:13.710] debug2: Start processing RPC: REQUEST_PING
[2025-09-15T11:12:13.710] debug2: Processing RPC: REQUEST_PING
[2025-09-15T11:12:13.711] debug2: Finish processing RPC: REQUEST_PING
[2025-09-15T11:12:13.711] debug2: Finish processing RPC: REQUEST_PING
[2025-09-15T11:15:33.753] debug2: Start processing RPC: REQUEST_PING
[2025-09-15T11:15:33.753] debug2: Start processing RPC: REQUEST_PING
[2025-09-15T11:15:33.754] debug2: Processing RPC: REQUEST_PING
[2025-09-15T11:15:33.754] debug2: Processing RPC: REQUEST_PING
[2025-09-15T11:15:33.754] debug2: Finish processing RPC: REQUEST_PING
[2025-09-15T11:15:33.754] debug2: Finish processing RPC: REQUEST_PING
[2025-09-15T11:18:53.400] debug2: Start processing RPC: REQUEST_PING
[2025-09-15T11:18:53.400] debug2: Start processing RPC: REQUEST_PING
[2025-09-15T11:18:53.400] debug2: Processing RPC: REQUEST_PING
[2025-09-15T11:18:53.400] debug2: Processing RPC: REQUEST_PING
[2025-09-15T11:18:53.401] debug2: Finish processing RPC: REQUEST_PING
[2025-09-15T11:18:53.401] debug2: Finish processing RPC: REQUEST_PING
[2025-09-15T11:20:33.394] debug2: Start processing RPC: REQUEST_NODE_REGISTRATION_STATUS
[2025-09-15T11:20:33.394] debug2: Start processing RPC: REQUEST_NODE_REGISTRATION_STATUS
[2025-09-15T11:20:33.394] debug2: Processing RPC: REQUEST_NODE_REGISTRATION_STATUS
[2025-09-15T11:20:33.394] debug2: Processing RPC: REQUEST_NODE_REGISTRATION_STATUS
[2025-09-15T11:20:33.396] debug:  _handle_node_reg_resp: slurmctld sent back 8 TRES.
[2025-09-15T11:20:33.396] debug:  _handle_node_reg_resp: slurmctld sent back 8 TRES.
[2025-09-15T11:20:33.396] debug2: Finish processing RPC: REQUEST_NODE_REGISTRATION_STATUS
[2025-09-15T11:20:33.396] debug2: Finish processing RPC: REQUEST_NODE_REGISTRATION_STATUS
[2025-09-15T11:23:53.306] debug2: Start processing RPC: REQUEST_PING
[2025-09-15T11:23:53.306] debug2: Processing RPC: REQUEST_PING
[2025-09-15T11:23:53.306] debug2: Start processing RPC: REQUEST_PING
[2025-09-15T11:23:53.306] debug2: Processing RPC: REQUEST_PING
[2025-09-15T11:23:53.306] debug2: Finish processing RPC: REQUEST_PING
[2025-09-15T11:23:53.306] debug2: Finish processing RPC: REQUEST_PING
[2025-09-15T11:27:13.578] debug2: Start processing RPC: REQUEST_PING
[2025-09-15T11:27:13.578] debug2: Start processing RPC: REQUEST_PING
[2025-09-15T11:27:13.578] debug2: Processing RPC: REQUEST_PING
[2025-09-15T11:27:13.578] debug2: Processing RPC: REQUEST_PING
[2025-09-15T11:27:13.578] debug2: Finish processing RPC: REQUEST_PING
[2025-09-15T11:27:13.578] debug2: Finish processing RPC: REQUEST_PING
[2025-09-15T11:30:33.829] debug2: Start processing RPC: REQUEST_PING
[2025-09-15T11:30:33.829] debug2: Processing RPC: REQUEST_PING
[2025-09-15T11:30:33.829] debug2: Start processing RPC: REQUEST_PING
[2025-09-15T11:30:33.829] debug2: Processing RPC: REQUEST_PING
[2025-09-15T11:30:33.830] debug2: Finish processing RPC: REQUEST_PING
[2025-09-15T11:30:33.830] debug2: Finish processing RPC: REQUEST_PING
[2025-09-15T11:33:53.038] debug2: Start processing RPC: REQUEST_PING
[2025-09-15T11:33:53.038] debug2: Processing RPC: REQUEST_PING
[2025-09-15T11:33:53.038] debug2: Start processing RPC: REQUEST_PING
[2025-09-15T11:33:53.038] debug2: Processing RPC: REQUEST_PING
[2025-09-15T11:33:53.038] debug2: Finish processing RPC: REQUEST_PING
[2025-09-15T11:33:53.038] debug2: Finish processing RPC: REQUEST_PING
[2025-09-15T11:37:13.293] debug2: Start processing RPC: REQUEST_PING
[2025-09-15T11:37:13.293] debug2: Start processing RPC: REQUEST_PING
[2025-09-15T11:37:13.293] debug2: Processing RPC: REQUEST_PING
[2025-09-15T11:37:13.293] debug2: Processing RPC: REQUEST_PING
[2025-09-15T11:37:13.294] debug2: Finish processing RPC: REQUEST_PING
[2025-09-15T11:37:13.294] debug2: Finish processing RPC: REQUEST_PING
[2025-09-15T11:40:33.557] debug2: Start processing RPC: REQUEST_PING
[2025-09-15T11:40:33.557] debug2: Processing RPC: REQUEST_PING
[2025-09-15T11:40:33.557] debug2: Start processing RPC: REQUEST_PING
[2025-09-15T11:40:33.557] debug2: Processing RPC: REQUEST_PING
[2025-09-15T11:40:33.558] debug2: Finish processing RPC: REQUEST_PING
[2025-09-15T11:40:33.558] debug2: Finish processing RPC: REQUEST_PING
[2025-09-15T11:43:53.774] debug2: Start processing RPC: REQUEST_PING
[2025-09-15T11:43:53.774] debug2: Start processing RPC: REQUEST_PING
[2025-09-15T11:43:53.774] debug2: Processing RPC: REQUEST_PING
[2025-09-15T11:43:53.774] debug2: Processing RPC: REQUEST_PING
[2025-09-15T11:43:53.775] debug2: Finish processing RPC: REQUEST_PING
[2025-09-15T11:43:53.775] debug2: Finish processing RPC: REQUEST_PING
[2025-09-15T11:47:13.051] debug2: Start processing RPC: REQUEST_PING
[2025-09-15T11:47:13.051] debug2: Start processing RPC: REQUEST_PING
[2025-09-15T11:47:13.051] debug2: Processing RPC: REQUEST_PING
[2025-09-15T11:47:13.051] debug2: Processing RPC: REQUEST_PING
[2025-09-15T11:47:13.051] debug2: Finish processing RPC: REQUEST_PING
[2025-09-15T11:47:13.051] debug2: Finish processing RPC: REQUEST_PING
[2025-09-15T11:50:33.316] debug2: Start processing RPC: REQUEST_PING
[2025-09-15T11:50:33.316] debug2: Processing RPC: REQUEST_PING
[2025-09-15T11:50:33.316] debug2: Start processing RPC: REQUEST_PING
[2025-09-15T11:50:33.316] debug2: Processing RPC: REQUEST_PING
[2025-09-15T11:50:33.317] debug2: Finish processing RPC: REQUEST_PING
[2025-09-15T11:50:33.317] debug2: Finish processing RPC: REQUEST_PING
[2025-09-15T11:53:53.511] debug2: Start processing RPC: REQUEST_NODE_REGISTRATION_STATUS
[2025-09-15T11:53:53.511] debug2: Start processing RPC: REQUEST_NODE_REGISTRATION_STATUS
[2025-09-15T11:53:53.511] debug2: Processing RPC: REQUEST_NODE_REGISTRATION_STATUS
[2025-09-15T11:53:53.511] debug2: Processing RPC: REQUEST_NODE_REGISTRATION_STATUS
[2025-09-15T11:53:53.513] debug:  _handle_node_reg_resp: slurmctld sent back 8 TRES.
[2025-09-15T11:53:53.513] debug2: Finish processing RPC: REQUEST_NODE_REGISTRATION_STATUS
[2025-09-15T11:53:53.513] debug:  _handle_node_reg_resp: slurmctld sent back 8 TRES.
[2025-09-15T11:53:53.513] debug2: Finish processing RPC: REQUEST_NODE_REGISTRATION_STATUS
[2025-09-15T11:57:13.773] debug2: Start processing RPC: REQUEST_PING
[2025-09-15T11:57:13.773] debug2: Processing RPC: REQUEST_PING
[2025-09-15T11:57:13.773] debug2: Start processing RPC: REQUEST_PING
[2025-09-15T11:57:13.773] debug2: Processing RPC: REQUEST_PING
[2025-09-15T11:57:13.773] debug2: Finish processing RPC: REQUEST_PING
[2025-09-15T11:57:13.774] debug2: Finish processing RPC: REQUEST_PING
[2025-09-15T12:00:33.035] debug2: Start processing RPC: REQUEST_PING
[2025-09-15T12:00:33.035] debug2: Start processing RPC: REQUEST_PING
[2025-09-15T12:00:33.035] debug2: Processing RPC: REQUEST_PING
[2025-09-15T12:00:33.035] debug2: Processing RPC: REQUEST_PING
[2025-09-15T12:00:33.035] debug2: Finish processing RPC: REQUEST_PING
[2025-09-15T12:00:33.035] debug2: Finish processing RPC: REQUEST_PING
[2025-09-15T12:03:53.245] debug2: Start processing RPC: REQUEST_PING
[2025-09-15T12:03:53.245] debug2: Processing RPC: REQUEST_PING
[2025-09-15T12:03:53.245] debug2: Start processing RPC: REQUEST_PING
[2025-09-15T12:03:53.245] debug2: Processing RPC: REQUEST_PING
[2025-09-15T12:03:53.245] debug2: Finish processing RPC: REQUEST_PING
[2025-09-15T12:03:53.246] debug2: Finish processing RPC: REQUEST_PING
[2025-09-15T12:07:13.502] debug2: Start processing RPC: REQUEST_PING
[2025-09-15T12:07:13.502] debug2: Start processing RPC: REQUEST_PING
[2025-09-15T12:07:13.502] debug2: Processing RPC: REQUEST_PING
[2025-09-15T12:07:13.502] debug2: Processing RPC: REQUEST_PING
[2025-09-15T12:07:13.503] debug2: Finish processing RPC: REQUEST_PING
[2025-09-15T12:07:13.503] debug2: Finish processing RPC: REQUEST_PING
[2025-09-15T12:10:33.763] debug2: Start processing RPC: REQUEST_PING
[2025-09-15T12:10:33.763] debug2: Processing RPC: REQUEST_PING
[2025-09-15T12:10:33.763] debug2: Start processing RPC: REQUEST_PING
[2025-09-15T12:10:33.763] debug2: Processing RPC: REQUEST_PING
[2025-09-15T12:10:33.764] debug2: Finish processing RPC: REQUEST_PING
[2025-09-15T12:10:33.764] debug2: Finish processing RPC: REQUEST_PING
[2025-09-15T12:13:53.960] debug2: Start processing RPC: REQUEST_PING
[2025-09-15T12:13:53.960] debug2: Processing RPC: REQUEST_PING
[2025-09-15T12:13:53.960] debug2: Start processing RPC: REQUEST_PING
[2025-09-15T12:13:53.960] debug2: Processing RPC: REQUEST_PING
[2025-09-15T12:13:53.960] debug2: Finish processing RPC: REQUEST_PING
[2025-09-15T12:13:53.960] debug2: Finish processing RPC: REQUEST_PING
[2025-09-15T12:17:13.209] debug2: Start processing RPC: REQUEST_PING
[2025-09-15T12:17:13.209] debug2: Start processing RPC: REQUEST_PING
[2025-09-15T12:17:13.209] debug2: Processing RPC: REQUEST_PING
[2025-09-15T12:17:13.209] debug2: Processing RPC: REQUEST_PING
[2025-09-15T12:17:13.209] debug2: Finish processing RPC: REQUEST_PING
[2025-09-15T12:17:13.209] debug2: Finish processing RPC: REQUEST_PING
[2025-09-15T12:20:33.465] debug2: Start processing RPC: REQUEST_PING
[2025-09-15T12:20:33.465] debug2: Start processing RPC: REQUEST_PING
[2025-09-15T12:20:33.465] debug2: Processing RPC: REQUEST_PING
[2025-09-15T12:20:33.465] debug2: Processing RPC: REQUEST_PING
[2025-09-15T12:20:33.466] debug2: Finish processing RPC: REQUEST_PING
[2025-09-15T12:20:33.466] debug2: Finish processing RPC: REQUEST_PING
[2025-09-15T12:23:53.666] debug2: Start processing RPC: REQUEST_PING
[2025-09-15T12:23:53.666] debug2: Start processing RPC: REQUEST_PING
[2025-09-15T12:23:53.666] debug2: Processing RPC: REQUEST_PING
[2025-09-15T12:23:53.666] debug2: Processing RPC: REQUEST_PING
[2025-09-15T12:23:53.666] debug2: Finish processing RPC: REQUEST_PING
[2025-09-15T12:23:53.666] debug2: Finish processing RPC: REQUEST_PING
[2025-09-15T12:27:13.913] debug2: Start processing RPC: REQUEST_NODE_REGISTRATION_STATUS
[2025-09-15T12:27:13.913] debug2: Start processing RPC: REQUEST_NODE_REGISTRATION_STATUS
[2025-09-15T12:27:13.913] debug2: Processing RPC: REQUEST_NODE_REGISTRATION_STATUS
[2025-09-15T12:27:13.913] debug2: Processing RPC: REQUEST_NODE_REGISTRATION_STATUS
[2025-09-15T12:27:13.915] debug:  _handle_node_reg_resp: slurmctld sent back 8 TRES.
[2025-09-15T12:27:13.915] debug:  _handle_node_reg_resp: slurmctld sent back 8 TRES.
[2025-09-15T12:27:13.915] debug2: Finish processing RPC: REQUEST_NODE_REGISTRATION_STATUS
[2025-09-15T12:27:13.915] debug2: Finish processing RPC: REQUEST_NODE_REGISTRATION_STATUS
[2025-09-15T12:30:33.170] debug2: Start processing RPC: REQUEST_PING
[2025-09-15T12:30:33.170] debug2: Processing RPC: REQUEST_PING
[2025-09-15T12:30:33.170] debug2: Start processing RPC: REQUEST_PING
[2025-09-15T12:30:33.170] debug2: Processing RPC: REQUEST_PING
[2025-09-15T12:30:33.171] debug2: Finish processing RPC: REQUEST_PING
[2025-09-15T12:30:33.171] debug2: Finish processing RPC: REQUEST_PING
[2025-09-15T12:33:53.382] debug2: Start processing RPC: REQUEST_PING
[2025-09-15T12:33:53.383] debug2: Processing RPC: REQUEST_PING
[2025-09-15T12:33:53.383] debug2: Start processing RPC: REQUEST_PING
[2025-09-15T12:33:53.383] debug2: Processing RPC: REQUEST_PING
[2025-09-15T12:33:53.383] debug2: Finish processing RPC: REQUEST_PING
[2025-09-15T12:33:53.383] debug2: Finish processing RPC: REQUEST_PING
[2025-09-15T12:37:13.643] debug2: Start processing RPC: REQUEST_PING
[2025-09-15T12:37:13.643] debug2: Processing RPC: REQUEST_PING
[2025-09-15T12:37:13.643] debug2: Start processing RPC: REQUEST_PING
[2025-09-15T12:37:13.643] debug2: Processing RPC: REQUEST_PING
[2025-09-15T12:37:13.643] debug2: Finish processing RPC: REQUEST_PING
[2025-09-15T12:37:13.643] debug2: Finish processing RPC: REQUEST_PING
[2025-09-15T12:40:33.897] debug2: Start processing RPC: REQUEST_PING
[2025-09-15T12:40:33.897] debug2: Start processing RPC: REQUEST_PING
[2025-09-15T12:40:33.897] debug2: Processing RPC: REQUEST_PING
[2025-09-15T12:40:33.897] debug2: Processing RPC: REQUEST_PING
[2025-09-15T12:40:33.897] debug2: Finish processing RPC: REQUEST_PING
[2025-09-15T12:40:33.897] debug2: Finish processing RPC: REQUEST_PING
[2025-09-15T12:43:53.103] debug2: Start processing RPC: REQUEST_PING
[2025-09-15T12:43:53.103] debug2: Start processing RPC: REQUEST_PING
[2025-09-15T12:43:53.103] debug2: Processing RPC: REQUEST_PING
[2025-09-15T12:43:53.103] debug2: Processing RPC: REQUEST_PING
[2025-09-15T12:43:53.104] debug2: Finish processing RPC: REQUEST_PING
[2025-09-15T12:43:53.104] debug2: Finish processing RPC: REQUEST_PING
[2025-09-15T12:47:13.362] debug2: Start processing RPC: REQUEST_PING
[2025-09-15T12:47:13.362] debug2: Processing RPC: REQUEST_PING
[2025-09-15T12:47:13.362] debug2: Start processing RPC: REQUEST_PING
[2025-09-15T12:47:13.362] debug2: Processing RPC: REQUEST_PING
[2025-09-15T12:47:13.362] debug2: Finish processing RPC: REQUEST_PING
[2025-09-15T12:47:13.362] debug2: Finish processing RPC: REQUEST_PING
[2025-09-15T12:50:33.622] debug2: Start processing RPC: REQUEST_PING
[2025-09-15T12:50:33.622] debug2: Processing RPC: REQUEST_PING
[2025-09-15T12:50:33.622] debug2: Start processing RPC: REQUEST_PING
[2025-09-15T12:50:33.622] debug2: Processing RPC: REQUEST_PING
[2025-09-15T12:50:33.622] debug2: Finish processing RPC: REQUEST_PING
[2025-09-15T12:50:33.622] debug2: Finish processing RPC: REQUEST_PING
[2025-09-15T12:53:53.821] debug2: Start processing RPC: REQUEST_PING
[2025-09-15T12:53:53.821] debug2: Start processing RPC: REQUEST_PING
[2025-09-15T12:53:53.821] debug2: Processing RPC: REQUEST_PING
[2025-09-15T12:53:53.821] debug2: Processing RPC: REQUEST_PING
[2025-09-15T12:53:53.822] debug2: Finish processing RPC: REQUEST_PING
[2025-09-15T12:53:53.822] debug2: Finish processing RPC: REQUEST_PING
[2025-09-15T12:57:13.076] debug2: Start processing RPC: REQUEST_PING
[2025-09-15T12:57:13.076] debug2: Processing RPC: REQUEST_PING
[2025-09-15T12:57:13.076] debug2: Start processing RPC: REQUEST_PING
[2025-09-15T12:57:13.076] debug2: Processing RPC: REQUEST_PING
[2025-09-15T12:57:13.077] debug2: Finish processing RPC: REQUEST_PING
[2025-09-15T12:57:13.077] debug2: Finish processing RPC: REQUEST_PING
[2025-09-15T13:00:33.332] debug2: Start processing RPC: REQUEST_NODE_REGISTRATION_STATUS
[2025-09-15T13:00:33.332] debug2: Start processing RPC: REQUEST_NODE_REGISTRATION_STATUS
[2025-09-15T13:00:33.332] debug2: Processing RPC: REQUEST_NODE_REGISTRATION_STATUS
[2025-09-15T13:00:33.332] debug2: Processing RPC: REQUEST_NODE_REGISTRATION_STATUS
[2025-09-15T13:00:33.334] debug:  _handle_node_reg_resp: slurmctld sent back 8 TRES.
[2025-09-15T13:00:33.334] debug:  _handle_node_reg_resp: slurmctld sent back 8 TRES.
[2025-09-15T13:00:33.334] debug2: Finish processing RPC: REQUEST_NODE_REGISTRATION_STATUS
[2025-09-15T13:00:33.335] debug2: Finish processing RPC: REQUEST_NODE_REGISTRATION_STATUS
[2025-09-15T13:03:53.536] debug2: Start processing RPC: REQUEST_PING
[2025-09-15T13:03:53.536] debug2: Processing RPC: REQUEST_PING
[2025-09-15T13:03:53.536] debug2: Start processing RPC: REQUEST_PING
[2025-09-15T13:03:53.536] debug2: Processing RPC: REQUEST_PING
[2025-09-15T13:03:53.536] debug2: Finish processing RPC: REQUEST_PING
[2025-09-15T13:03:53.536] debug2: Finish processing RPC: REQUEST_PING
[2025-09-15T13:07:13.790] debug2: Start processing RPC: REQUEST_PING
[2025-09-15T13:07:13.790] debug2: Start processing RPC: REQUEST_PING
[2025-09-15T13:07:13.790] debug2: Processing RPC: REQUEST_PING
[2025-09-15T13:07:13.790] debug2: Processing RPC: REQUEST_PING
[2025-09-15T13:07:13.790] debug2: Finish processing RPC: REQUEST_PING
[2025-09-15T13:07:13.790] debug2: Finish processing RPC: REQUEST_PING
[2025-09-15T13:10:33.048] debug2: Start processing RPC: REQUEST_PING
[2025-09-15T13:10:33.048] debug2: Start processing RPC: REQUEST_PING
[2025-09-15T13:10:33.048] debug2: Processing RPC: REQUEST_PING
[2025-09-15T13:10:33.048] debug2: Processing RPC: REQUEST_PING
[2025-09-15T13:10:33.049] debug2: Finish processing RPC: REQUEST_PING
[2025-09-15T13:10:33.049] debug2: Finish processing RPC: REQUEST_PING
[2025-09-15T13:13:53.254] debug2: Start processing RPC: REQUEST_PING
[2025-09-15T13:13:53.254] debug2: Processing RPC: REQUEST_PING
[2025-09-15T13:13:53.254] debug2: Start processing RPC: REQUEST_PING
[2025-09-15T13:13:53.254] debug2: Processing RPC: REQUEST_PING
[2025-09-15T13:13:53.255] debug2: Finish processing RPC: REQUEST_PING
[2025-09-15T13:13:53.255] debug2: Finish processing RPC: REQUEST_PING
[2025-09-15T13:17:13.501] debug2: Start processing RPC: REQUEST_PING
[2025-09-15T13:17:13.501] debug2: Processing RPC: REQUEST_PING
[2025-09-15T13:17:13.501] debug2: Start processing RPC: REQUEST_PING
[2025-09-15T13:17:13.501] debug2: Processing RPC: REQUEST_PING
[2025-09-15T13:17:13.501] debug2: Finish processing RPC: REQUEST_PING
[2025-09-15T13:17:13.501] debug2: Finish processing RPC: REQUEST_PING
[2025-09-15T13:20:33.758] debug2: Start processing RPC: REQUEST_PING
[2025-09-15T13:20:33.758] debug2: Processing RPC: REQUEST_PING
[2025-09-15T13:20:33.758] debug2: Start processing RPC: REQUEST_PING
[2025-09-15T13:20:33.758] debug2: Processing RPC: REQUEST_PING
[2025-09-15T13:20:33.758] debug2: Finish processing RPC: REQUEST_PING
[2025-09-15T13:20:33.758] debug2: Finish processing RPC: REQUEST_PING
[2025-09-15T13:23:53.970] debug2: Start processing RPC: REQUEST_PING
[2025-09-15T13:23:53.970] debug2: Processing RPC: REQUEST_PING
[2025-09-15T13:23:53.970] debug2: Start processing RPC: REQUEST_PING
[2025-09-15T13:23:53.970] debug2: Processing RPC: REQUEST_PING
[2025-09-15T13:23:53.970] debug2: Finish processing RPC: REQUEST_PING
[2025-09-15T13:23:53.970] debug2: Finish processing RPC: REQUEST_PING
[2025-09-15T13:27:13.222] debug2: Start processing RPC: REQUEST_PING
[2025-09-15T13:27:13.222] debug2: Processing RPC: REQUEST_PING
[2025-09-15T13:27:13.222] debug2: Start processing RPC: REQUEST_PING
[2025-09-15T13:27:13.222] debug2: Processing RPC: REQUEST_PING
[2025-09-15T13:27:13.222] debug2: Finish processing RPC: REQUEST_PING
[2025-09-15T13:27:13.222] debug2: Finish processing RPC: REQUEST_PING
[2025-09-15T13:30:33.460] debug2: Start processing RPC: REQUEST_PING
[2025-09-15T13:30:33.460] debug2: Start processing RPC: REQUEST_PING
[2025-09-15T13:30:33.460] debug2: Processing RPC: REQUEST_PING
[2025-09-15T13:30:33.460] debug2: Processing RPC: REQUEST_PING
[2025-09-15T13:30:33.460] debug2: Finish processing RPC: REQUEST_PING
[2025-09-15T13:30:33.460] debug2: Finish processing RPC: REQUEST_PING
[2025-09-15T13:33:53.664] debug2: Start processing RPC: REQUEST_NODE_REGISTRATION_STATUS
[2025-09-15T13:33:53.664] debug2: Start processing RPC: REQUEST_NODE_REGISTRATION_STATUS
[2025-09-15T13:33:53.664] debug2: Processing RPC: REQUEST_NODE_REGISTRATION_STATUS
[2025-09-15T13:33:53.665] debug2: Processing RPC: REQUEST_NODE_REGISTRATION_STATUS
[2025-09-15T13:33:53.666] debug:  _handle_node_reg_resp: slurmctld sent back 8 TRES.
[2025-09-15T13:33:53.666] debug:  _handle_node_reg_resp: slurmctld sent back 8 TRES.
[2025-09-15T13:33:53.666] debug2: Finish processing RPC: REQUEST_NODE_REGISTRATION_STATUS
[2025-09-15T13:33:53.667] debug2: Finish processing RPC: REQUEST_NODE_REGISTRATION_STATUS
[2025-09-15T13:37:13.929] debug2: Start processing RPC: REQUEST_PING
[2025-09-15T13:37:13.929] debug2: Start processing RPC: REQUEST_PING
[2025-09-15T13:37:13.929] debug2: Processing RPC: REQUEST_PING
[2025-09-15T13:37:13.929] debug2: Processing RPC: REQUEST_PING
[2025-09-15T13:37:13.929] debug2: Finish processing RPC: REQUEST_PING
[2025-09-15T13:37:13.929] debug2: Finish processing RPC: REQUEST_PING
[2025-09-15T13:40:33.179] debug2: Start processing RPC: REQUEST_PING
[2025-09-15T13:40:33.179] debug2: Processing RPC: REQUEST_PING
[2025-09-15T13:40:33.179] debug2: Start processing RPC: REQUEST_PING
[2025-09-15T13:40:33.179] debug2: Processing RPC: REQUEST_PING
[2025-09-15T13:40:33.179] debug2: Finish processing RPC: REQUEST_PING
[2025-09-15T13:40:33.179] debug2: Finish processing RPC: REQUEST_PING
[2025-09-15T13:43:53.390] debug2: Start processing RPC: REQUEST_PING
[2025-09-15T13:43:53.390] debug2: Processing RPC: REQUEST_PING
[2025-09-15T13:43:53.390] debug2: Start processing RPC: REQUEST_PING
[2025-09-15T13:43:53.390] debug2: Processing RPC: REQUEST_PING
[2025-09-15T13:43:53.391] debug2: Finish processing RPC: REQUEST_PING
[2025-09-15T13:43:53.391] debug2: Finish processing RPC: REQUEST_PING
[2025-09-15T13:47:13.649] debug2: Start processing RPC: REQUEST_PING
[2025-09-15T13:47:13.649] debug2: Processing RPC: REQUEST_PING
[2025-09-15T13:47:13.649] debug2: Start processing RPC: REQUEST_PING
[2025-09-15T13:47:13.649] debug2: Processing RPC: REQUEST_PING
[2025-09-15T13:47:13.649] debug2: Finish processing RPC: REQUEST_PING
[2025-09-15T13:47:13.649] debug2: Finish processing RPC: REQUEST_PING
[2025-09-15T13:50:33.918] debug2: Start processing RPC: REQUEST_PING
[2025-09-15T13:50:33.918] debug2: Start processing RPC: REQUEST_PING
[2025-09-15T13:50:33.918] debug2: Processing RPC: REQUEST_PING
[2025-09-15T13:50:33.918] debug2: Processing RPC: REQUEST_PING
[2025-09-15T13:50:33.918] debug2: Finish processing RPC: REQUEST_PING
[2025-09-15T13:50:33.918] debug2: Finish processing RPC: REQUEST_PING
[2025-09-15T13:53:53.126] debug2: Start processing RPC: REQUEST_PING
[2025-09-15T13:53:53.126] debug2: Start processing RPC: REQUEST_PING
[2025-09-15T13:53:53.126] debug2: Processing RPC: REQUEST_PING
[2025-09-15T13:53:53.126] debug2: Processing RPC: REQUEST_PING
[2025-09-15T13:53:53.126] debug2: Finish processing RPC: REQUEST_PING
[2025-09-15T13:53:53.126] debug2: Finish processing RPC: REQUEST_PING
[2025-09-15T13:57:13.388] debug2: Start processing RPC: REQUEST_PING
[2025-09-15T13:57:13.388] debug2: Start processing RPC: REQUEST_PING
[2025-09-15T13:57:13.388] debug2: Processing RPC: REQUEST_PING
[2025-09-15T13:57:13.388] debug2: Processing RPC: REQUEST_PING
[2025-09-15T13:57:13.388] debug2: Finish processing RPC: REQUEST_PING
[2025-09-15T13:57:13.388] debug2: Finish processing RPC: REQUEST_PING
[2025-09-15T14:00:33.649] debug2: Start processing RPC: REQUEST_PING
[2025-09-15T14:00:33.649] debug2: Start processing RPC: REQUEST_PING
[2025-09-15T14:00:33.649] debug2: Processing RPC: REQUEST_PING
[2025-09-15T14:00:33.649] debug2: Processing RPC: REQUEST_PING
[2025-09-15T14:00:33.649] debug2: Finish processing RPC: REQUEST_PING
[2025-09-15T14:00:33.649] debug2: Finish processing RPC: REQUEST_PING
[2025-09-15T14:03:53.851] debug2: Start processing RPC: REQUEST_PING
[2025-09-15T14:03:53.851] debug2: Processing RPC: REQUEST_PING
[2025-09-15T14:03:53.851] debug2: Start processing RPC: REQUEST_PING
[2025-09-15T14:03:53.851] debug2: Processing RPC: REQUEST_PING
[2025-09-15T14:03:53.851] debug2: Finish processing RPC: REQUEST_PING
[2025-09-15T14:03:53.851] debug2: Finish processing RPC: REQUEST_PING
[2025-09-15T14:07:13.097] debug2: Start processing RPC: REQUEST_NODE_REGISTRATION_STATUS
[2025-09-15T14:07:13.097] debug2: Processing RPC: REQUEST_NODE_REGISTRATION_STATUS
[2025-09-15T14:07:13.097] debug2: Start processing RPC: REQUEST_NODE_REGISTRATION_STATUS
[2025-09-15T14:07:13.097] debug2: Processing RPC: REQUEST_NODE_REGISTRATION_STATUS
[2025-09-15T14:07:13.099] debug:  _handle_node_reg_resp: slurmctld sent back 8 TRES.
[2025-09-15T14:07:13.099] debug:  _handle_node_reg_resp: slurmctld sent back 8 TRES.
[2025-09-15T14:07:13.099] debug2: Finish processing RPC: REQUEST_NODE_REGISTRATION_STATUS
[2025-09-15T14:07:13.099] debug2: Finish processing RPC: REQUEST_NODE_REGISTRATION_STATUS
[2025-09-15T14:10:33.349] debug2: Start processing RPC: REQUEST_PING
[2025-09-15T14:10:33.349] debug2: Processing RPC: REQUEST_PING
[2025-09-15T14:10:33.349] debug2: Start processing RPC: REQUEST_PING
[2025-09-15T14:10:33.349] debug2: Processing RPC: REQUEST_PING
[2025-09-15T14:10:33.349] debug2: Finish processing RPC: REQUEST_PING
[2025-09-15T14:10:33.349] debug2: Finish processing RPC: REQUEST_PING
[2025-09-15T14:13:53.556] debug2: Start processing RPC: REQUEST_PING
[2025-09-15T14:13:53.556] debug2: Start processing RPC: REQUEST_PING
[2025-09-15T14:13:53.556] debug2: Processing RPC: REQUEST_PING
[2025-09-15T14:13:53.556] debug2: Processing RPC: REQUEST_PING
[2025-09-15T14:13:53.556] debug2: Finish processing RPC: REQUEST_PING
[2025-09-15T14:13:53.556] debug2: Finish processing RPC: REQUEST_PING
[2025-09-15T14:17:13.807] debug2: Start processing RPC: REQUEST_PING
[2025-09-15T14:17:13.807] debug2: Start processing RPC: REQUEST_PING
[2025-09-15T14:17:13.807] debug2: Processing RPC: REQUEST_PING
[2025-09-15T14:17:13.807] debug2: Processing RPC: REQUEST_PING
[2025-09-15T14:17:13.807] debug2: Finish processing RPC: REQUEST_PING
[2025-09-15T14:17:13.807] debug2: Finish processing RPC: REQUEST_PING
[2025-09-15T14:20:33.061] debug2: Start processing RPC: REQUEST_PING
[2025-09-15T14:20:33.061] debug2: Processing RPC: REQUEST_PING
[2025-09-15T14:20:33.061] debug2: Start processing RPC: REQUEST_PING
[2025-09-15T14:20:33.061] debug2: Processing RPC: REQUEST_PING
[2025-09-15T14:20:33.061] debug2: Finish processing RPC: REQUEST_PING
[2025-09-15T14:20:33.061] debug2: Finish processing RPC: REQUEST_PING
[2025-09-15T14:23:53.259] debug2: Start processing RPC: REQUEST_PING
[2025-09-15T14:23:53.259] debug2: Start processing RPC: REQUEST_PING
[2025-09-15T14:23:53.259] debug2: Processing RPC: REQUEST_PING
[2025-09-15T14:23:53.259] debug2: Processing RPC: REQUEST_PING
[2025-09-15T14:23:53.259] debug2: Finish processing RPC: REQUEST_PING
[2025-09-15T14:23:53.259] debug2: Finish processing RPC: REQUEST_PING
[2025-09-15T14:27:13.519] debug2: Start processing RPC: REQUEST_PING
[2025-09-15T14:27:13.519] debug2: Processing RPC: REQUEST_PING
[2025-09-15T14:27:13.519] debug2: Start processing RPC: REQUEST_PING
[2025-09-15T14:27:13.519] debug2: Processing RPC: REQUEST_PING
[2025-09-15T14:27:13.520] debug2: Finish processing RPC: REQUEST_PING
[2025-09-15T14:27:13.520] debug2: Finish processing RPC: REQUEST_PING
[2025-09-15T14:30:33.778] debug2: Start processing RPC: REQUEST_PING
[2025-09-15T14:30:33.778] debug2: Start processing RPC: REQUEST_PING
[2025-09-15T14:30:33.778] debug2: Processing RPC: REQUEST_PING
[2025-09-15T14:30:33.778] debug2: Processing RPC: REQUEST_PING
[2025-09-15T14:30:33.779] debug2: Finish processing RPC: REQUEST_PING
[2025-09-15T14:30:33.779] debug2: Finish processing RPC: REQUEST_PING
[2025-09-15T14:33:53.980] debug2: Start processing RPC: REQUEST_PING
[2025-09-15T14:33:53.980] debug2: Processing RPC: REQUEST_PING
[2025-09-15T14:33:53.980] debug2: Start processing RPC: REQUEST_PING
[2025-09-15T14:33:53.980] debug2: Processing RPC: REQUEST_PING
[2025-09-15T14:33:53.981] debug2: Finish processing RPC: REQUEST_PING
[2025-09-15T14:33:53.981] debug2: Finish processing RPC: REQUEST_PING
[2025-09-15T14:37:13.235] debug2: Start processing RPC: REQUEST_PING
[2025-09-15T14:37:13.235] debug2: Start processing RPC: REQUEST_PING
[2025-09-15T14:37:13.235] debug2: Processing RPC: REQUEST_PING
[2025-09-15T14:37:13.235] debug2: Processing RPC: REQUEST_PING
[2025-09-15T14:37:13.236] debug2: Finish processing RPC: REQUEST_PING
[2025-09-15T14:37:13.236] debug2: Finish processing RPC: REQUEST_PING
[2025-09-15T14:40:33.492] debug2: Start processing RPC: REQUEST_NODE_REGISTRATION_STATUS
[2025-09-15T14:40:33.492] debug2: Start processing RPC: REQUEST_NODE_REGISTRATION_STATUS
[2025-09-15T14:40:33.492] debug2: Processing RPC: REQUEST_NODE_REGISTRATION_STATUS
[2025-09-15T14:40:33.492] debug2: Processing RPC: REQUEST_NODE_REGISTRATION_STATUS
[2025-09-15T14:40:33.493] debug:  _handle_node_reg_resp: slurmctld sent back 8 TRES.
[2025-09-15T14:40:33.494] debug2: Finish processing RPC: REQUEST_NODE_REGISTRATION_STATUS
[2025-09-15T14:40:33.494] debug:  _handle_node_reg_resp: slurmctld sent back 8 TRES.
[2025-09-15T14:40:33.494] debug2: Finish processing RPC: REQUEST_NODE_REGISTRATION_STATUS
[2025-09-15T14:43:53.698] debug2: Start processing RPC: REQUEST_PING
[2025-09-15T14:43:53.698] debug2: Processing RPC: REQUEST_PING
[2025-09-15T14:43:53.698] debug2: Start processing RPC: REQUEST_PING
[2025-09-15T14:43:53.699] debug2: Processing RPC: REQUEST_PING
[2025-09-15T14:43:53.699] debug2: Finish processing RPC: REQUEST_PING
[2025-09-15T14:43:53.699] debug2: Finish processing RPC: REQUEST_PING
[2025-09-15T14:47:13.955] debug2: Start processing RPC: REQUEST_PING
[2025-09-15T14:47:13.955] debug2: Processing RPC: REQUEST_PING
[2025-09-15T14:47:13.955] debug2: Start processing RPC: REQUEST_PING
[2025-09-15T14:47:13.955] debug2: Processing RPC: REQUEST_PING
[2025-09-15T14:47:13.955] debug2: Finish processing RPC: REQUEST_PING
[2025-09-15T14:47:13.955] debug2: Finish processing RPC: REQUEST_PING
[2025-09-15T14:50:33.209] debug2: Start processing RPC: REQUEST_PING
[2025-09-15T14:50:33.209] debug2: Processing RPC: REQUEST_PING
[2025-09-15T14:50:33.209] debug2: Start processing RPC: REQUEST_PING
[2025-09-15T14:50:33.209] debug2: Processing RPC: REQUEST_PING
[2025-09-15T14:50:33.209] debug2: Finish processing RPC: REQUEST_PING
[2025-09-15T14:50:33.209] debug2: Finish processing RPC: REQUEST_PING
[2025-09-15T14:53:53.410] debug2: Start processing RPC: REQUEST_PING
[2025-09-15T14:53:53.410] debug2: Start processing RPC: REQUEST_PING
[2025-09-15T14:53:53.410] debug2: Processing RPC: REQUEST_PING
[2025-09-15T14:53:53.410] debug2: Processing RPC: REQUEST_PING
[2025-09-15T14:53:53.410] debug2: Finish processing RPC: REQUEST_PING
[2025-09-15T14:53:53.410] debug2: Finish processing RPC: REQUEST_PING
[2025-09-15T14:57:13.666] debug2: Start processing RPC: REQUEST_PING
[2025-09-15T14:57:13.666] debug2: Start processing RPC: REQUEST_PING
[2025-09-15T14:57:13.666] debug2: Processing RPC: REQUEST_PING
[2025-09-15T14:57:13.666] debug2: Processing RPC: REQUEST_PING
[2025-09-15T14:57:13.666] debug2: Finish processing RPC: REQUEST_PING
[2025-09-15T14:57:13.667] debug2: Finish processing RPC: REQUEST_PING
[2025-09-15T15:00:33.925] debug2: Start processing RPC: REQUEST_PING
[2025-09-15T15:00:33.925] debug2: Start processing RPC: REQUEST_PING
[2025-09-15T15:00:33.926] debug2: Processing RPC: REQUEST_PING
[2025-09-15T15:00:33.926] debug2: Processing RPC: REQUEST_PING
[2025-09-15T15:00:33.926] debug2: Finish processing RPC: REQUEST_PING
[2025-09-15T15:00:33.926] debug2: Finish processing RPC: REQUEST_PING
[2025-09-15T15:03:53.120] debug2: Start processing RPC: REQUEST_PING
[2025-09-15T15:03:53.120] debug2: Start processing RPC: REQUEST_PING
[2025-09-15T15:03:53.120] debug2: Processing RPC: REQUEST_PING
[2025-09-15T15:03:53.120] debug2: Processing RPC: REQUEST_PING
[2025-09-15T15:03:53.120] debug2: Finish processing RPC: REQUEST_PING
[2025-09-15T15:03:53.120] debug2: Finish processing RPC: REQUEST_PING
[2025-09-15T15:07:13.378] debug2: Start processing RPC: REQUEST_PING
[2025-09-15T15:07:13.379] debug2: Processing RPC: REQUEST_PING
[2025-09-15T15:07:13.379] debug2: Start processing RPC: REQUEST_PING
[2025-09-15T15:07:13.379] debug2: Processing RPC: REQUEST_PING
[2025-09-15T15:07:13.379] debug2: Finish processing RPC: REQUEST_PING
[2025-09-15T15:07:13.379] debug2: Finish processing RPC: REQUEST_PING
[2025-09-15T15:10:33.635] debug2: Start processing RPC: REQUEST_PING
[2025-09-15T15:10:33.635] debug2: Processing RPC: REQUEST_PING
[2025-09-15T15:10:33.635] debug2: Start processing RPC: REQUEST_PING
[2025-09-15T15:10:33.635] debug2: Processing RPC: REQUEST_PING
[2025-09-15T15:10:33.635] debug2: Finish processing RPC: REQUEST_PING
[2025-09-15T15:10:33.635] debug2: Finish processing RPC: REQUEST_PING
[2025-09-15T15:13:53.830] debug2: Start processing RPC: REQUEST_NODE_REGISTRATION_STATUS
[2025-09-15T15:13:53.830] debug2: Processing RPC: REQUEST_NODE_REGISTRATION_STATUS
[2025-09-15T15:13:53.830] debug2: Start processing RPC: REQUEST_NODE_REGISTRATION_STATUS
[2025-09-15T15:13:53.830] debug2: Processing RPC: REQUEST_NODE_REGISTRATION_STATUS
[2025-09-15T15:13:53.832] debug:  _handle_node_reg_resp: slurmctld sent back 8 TRES.
[2025-09-15T15:13:53.832] debug:  _handle_node_reg_resp: slurmctld sent back 8 TRES.
[2025-09-15T15:13:53.832] debug2: Finish processing RPC: REQUEST_NODE_REGISTRATION_STATUS
[2025-09-15T15:13:53.832] debug2: Finish processing RPC: REQUEST_NODE_REGISTRATION_STATUS
[2025-09-15T15:17:13.076] debug2: Start processing RPC: REQUEST_PING
[2025-09-15T15:17:13.076] debug2: Start processing RPC: REQUEST_PING
[2025-09-15T15:17:13.076] debug2: Processing RPC: REQUEST_PING
[2025-09-15T15:17:13.076] debug2: Processing RPC: REQUEST_PING
[2025-09-15T15:17:13.077] debug2: Finish processing RPC: REQUEST_PING
[2025-09-15T15:17:13.077] debug2: Finish processing RPC: REQUEST_PING
[2025-09-15T15:20:33.323] debug2: Start processing RPC: REQUEST_PING
[2025-09-15T15:20:33.323] debug2: Processing RPC: REQUEST_PING
[2025-09-15T15:20:33.323] debug2: Start processing RPC: REQUEST_PING
[2025-09-15T15:20:33.323] debug2: Processing RPC: REQUEST_PING
[2025-09-15T15:20:33.323] debug2: Finish processing RPC: REQUEST_PING
[2025-09-15T15:20:33.323] debug2: Finish processing RPC: REQUEST_PING
[2025-09-15T15:23:53.525] debug2: Start processing RPC: REQUEST_PING
[2025-09-15T15:23:53.525] debug2: Processing RPC: REQUEST_PING
[2025-09-15T15:23:53.525] debug2: Start processing RPC: REQUEST_PING
[2025-09-15T15:23:53.525] debug2: Processing RPC: REQUEST_PING
[2025-09-15T15:23:53.525] debug2: Finish processing RPC: REQUEST_PING
[2025-09-15T15:23:53.525] debug2: Finish processing RPC: REQUEST_PING
[2025-09-15T15:27:13.774] debug2: Start processing RPC: REQUEST_PING
[2025-09-15T15:27:13.774] debug2: Processing RPC: REQUEST_PING
[2025-09-15T15:27:13.774] debug2: Start processing RPC: REQUEST_PING
[2025-09-15T15:27:13.774] debug2: Processing RPC: REQUEST_PING
[2025-09-15T15:27:13.774] debug2: Finish processing RPC: REQUEST_PING
[2025-09-15T15:27:13.774] debug2: Finish processing RPC: REQUEST_PING
[2025-09-15T15:30:33.030] debug2: Start processing RPC: REQUEST_PING
[2025-09-15T15:30:33.030] debug2: Start processing RPC: REQUEST_PING
[2025-09-15T15:30:33.030] debug2: Processing RPC: REQUEST_PING
[2025-09-15T15:30:33.030] debug2: Processing RPC: REQUEST_PING
[2025-09-15T15:30:33.030] debug2: Finish processing RPC: REQUEST_PING
[2025-09-15T15:30:33.030] debug2: Finish processing RPC: REQUEST_PING
[2025-09-15T15:33:53.228] debug2: Start processing RPC: REQUEST_PING
[2025-09-15T15:33:53.228] debug2: Processing RPC: REQUEST_PING
[2025-09-15T15:33:53.228] debug2: Start processing RPC: REQUEST_PING
[2025-09-15T15:33:53.228] debug2: Processing RPC: REQUEST_PING
[2025-09-15T15:33:53.228] debug2: Finish processing RPC: REQUEST_PING
[2025-09-15T15:33:53.228] debug2: Finish processing RPC: REQUEST_PING
[2025-09-15T15:37:13.484] debug2: Start processing RPC: REQUEST_PING
[2025-09-15T15:37:13.484] debug2: Start processing RPC: REQUEST_PING
[2025-09-15T15:37:13.484] debug2: Processing RPC: REQUEST_PING
[2025-09-15T15:37:13.484] debug2: Processing RPC: REQUEST_PING
[2025-09-15T15:37:13.484] debug2: Finish processing RPC: REQUEST_PING
[2025-09-15T15:37:13.484] debug2: Finish processing RPC: REQUEST_PING
[2025-09-15T15:40:33.743] debug2: Start processing RPC: REQUEST_PING
[2025-09-15T15:40:33.743] debug2: Processing RPC: REQUEST_PING
[2025-09-15T15:40:33.743] debug2: Start processing RPC: REQUEST_PING
[2025-09-15T15:40:33.743] debug2: Processing RPC: REQUEST_PING
[2025-09-15T15:40:33.743] debug2: Finish processing RPC: REQUEST_PING
[2025-09-15T15:40:33.743] debug2: Finish processing RPC: REQUEST_PING
[2025-09-15T15:43:53.939] debug2: Start processing RPC: REQUEST_PING
[2025-09-15T15:43:53.939] debug2: Processing RPC: REQUEST_PING
[2025-09-15T15:43:53.939] debug2: Start processing RPC: REQUEST_PING
[2025-09-15T15:43:53.940] debug2: Processing RPC: REQUEST_PING
[2025-09-15T15:43:53.940] debug2: Finish processing RPC: REQUEST_PING
[2025-09-15T15:43:53.940] debug2: Finish processing RPC: REQUEST_PING
[2025-09-15T15:47:13.191] debug2: Start processing RPC: REQUEST_NODE_REGISTRATION_STATUS
[2025-09-15T15:47:13.191] debug2: Start processing RPC: REQUEST_NODE_REGISTRATION_STATUS
[2025-09-15T15:47:13.191] debug2: Processing RPC: REQUEST_NODE_REGISTRATION_STATUS
[2025-09-15T15:47:13.191] debug2: Processing RPC: REQUEST_NODE_REGISTRATION_STATUS
[2025-09-15T15:47:13.193] debug:  _handle_node_reg_resp: slurmctld sent back 8 TRES.
[2025-09-15T15:47:13.193] debug:  _handle_node_reg_resp: slurmctld sent back 8 TRES.
[2025-09-15T15:47:13.193] debug2: Finish processing RPC: REQUEST_NODE_REGISTRATION_STATUS
[2025-09-15T15:47:13.193] debug2: Finish processing RPC: REQUEST_NODE_REGISTRATION_STATUS
[2025-09-15T15:50:33.443] debug2: Start processing RPC: REQUEST_PING
[2025-09-15T15:50:33.443] debug2: Start processing RPC: REQUEST_PING
[2025-09-15T15:50:33.443] debug2: Processing RPC: REQUEST_PING
[2025-09-15T15:50:33.443] debug2: Processing RPC: REQUEST_PING
[2025-09-15T15:50:33.443] debug2: Finish processing RPC: REQUEST_PING
[2025-09-15T15:50:33.443] debug2: Finish processing RPC: REQUEST_PING
[2025-09-15T15:53:53.635] debug2: Start processing RPC: REQUEST_PING
[2025-09-15T15:53:53.635] debug2: Start processing RPC: REQUEST_PING
[2025-09-15T15:53:53.635] debug2: Processing RPC: REQUEST_PING
[2025-09-15T15:53:53.635] debug2: Processing RPC: REQUEST_PING
[2025-09-15T15:53:53.636] debug2: Finish processing RPC: REQUEST_PING
[2025-09-15T15:53:53.636] debug2: Finish processing RPC: REQUEST_PING
[2025-09-15T15:57:13.889] debug2: Start processing RPC: REQUEST_PING
[2025-09-15T15:57:13.889] debug2: Start processing RPC: REQUEST_PING
[2025-09-15T15:57:13.889] debug2: Processing RPC: REQUEST_PING
[2025-09-15T15:57:13.889] debug2: Processing RPC: REQUEST_PING
[2025-09-15T15:57:13.890] debug2: Finish processing RPC: REQUEST_PING
[2025-09-15T15:57:13.890] debug2: Finish processing RPC: REQUEST_PING
[2025-09-15T16:00:33.141] debug2: Start processing RPC: REQUEST_PING
[2025-09-15T16:00:33.141] debug2: Processing RPC: REQUEST_PING
[2025-09-15T16:00:33.141] debug2: Start processing RPC: REQUEST_PING
[2025-09-15T16:00:33.141] debug2: Processing RPC: REQUEST_PING
[2025-09-15T16:00:33.141] debug2: Finish processing RPC: REQUEST_PING
[2025-09-15T16:00:33.141] debug2: Finish processing RPC: REQUEST_PING
[2025-09-15T16:03:53.333] debug2: Start processing RPC: REQUEST_PING
[2025-09-15T16:03:53.333] debug2: Start processing RPC: REQUEST_PING
[2025-09-15T16:03:53.333] debug2: Processing RPC: REQUEST_PING
[2025-09-15T16:03:53.333] debug2: Processing RPC: REQUEST_PING
[2025-09-15T16:03:53.333] debug2: Finish processing RPC: REQUEST_PING
[2025-09-15T16:03:53.333] debug2: Finish processing RPC: REQUEST_PING
[2025-09-15T16:07:13.589] debug2: Start processing RPC: REQUEST_PING
[2025-09-15T16:07:13.589] debug2: Start processing RPC: REQUEST_PING
[2025-09-15T16:07:13.589] debug2: Processing RPC: REQUEST_PING
[2025-09-15T16:07:13.589] debug2: Processing RPC: REQUEST_PING
[2025-09-15T16:07:13.590] debug2: Finish processing RPC: REQUEST_PING
[2025-09-15T16:07:13.590] debug2: Finish processing RPC: REQUEST_PING
[2025-09-15T16:10:33.837] debug2: Start processing RPC: REQUEST_PING
[2025-09-15T16:10:33.837] debug2: Start processing RPC: REQUEST_PING
[2025-09-15T16:10:33.837] debug2: Processing RPC: REQUEST_PING
[2025-09-15T16:10:33.837] debug2: Processing RPC: REQUEST_PING
[2025-09-15T16:10:33.837] debug2: Finish processing RPC: REQUEST_PING
[2025-09-15T16:10:33.837] debug2: Finish processing RPC: REQUEST_PING
[2025-09-15T16:13:53.029] debug2: Start processing RPC: REQUEST_PING
[2025-09-15T16:13:53.029] debug2: Start processing RPC: REQUEST_PING
[2025-09-15T16:13:53.029] debug2: Processing RPC: REQUEST_PING
[2025-09-15T16:13:53.029] debug2: Processing RPC: REQUEST_PING
[2025-09-15T16:13:53.030] debug2: Finish processing RPC: REQUEST_PING
[2025-09-15T16:13:53.030] debug2: Finish processing RPC: REQUEST_PING
[2025-09-15T16:17:13.288] debug2: Start processing RPC: REQUEST_PING
[2025-09-15T16:17:13.288] debug2: Start processing RPC: REQUEST_PING
[2025-09-15T16:17:13.288] debug2: Processing RPC: REQUEST_PING
[2025-09-15T16:17:13.288] debug2: Processing RPC: REQUEST_PING
[2025-09-15T16:17:13.289] debug2: Finish processing RPC: REQUEST_PING
[2025-09-15T16:17:13.289] debug2: Finish processing RPC: REQUEST_PING
[2025-09-15T16:20:33.546] debug2: Start processing RPC: REQUEST_NODE_REGISTRATION_STATUS
[2025-09-15T16:20:33.546] debug2: Processing RPC: REQUEST_NODE_REGISTRATION_STATUS
[2025-09-15T16:20:33.546] debug2: Start processing RPC: REQUEST_NODE_REGISTRATION_STATUS
[2025-09-15T16:20:33.546] debug2: Processing RPC: REQUEST_NODE_REGISTRATION_STATUS
[2025-09-15T16:20:33.548] debug:  _handle_node_reg_resp: slurmctld sent back 8 TRES.
[2025-09-15T16:20:33.548] debug:  _handle_node_reg_resp: slurmctld sent back 8 TRES.
[2025-09-15T16:20:33.548] debug2: Finish processing RPC: REQUEST_NODE_REGISTRATION_STATUS
[2025-09-15T16:20:33.548] debug2: Finish processing RPC: REQUEST_NODE_REGISTRATION_STATUS
[2025-09-15T16:23:53.747] debug2: Start processing RPC: REQUEST_PING
[2025-09-15T16:23:53.747] debug2: Start processing RPC: REQUEST_PING
[2025-09-15T16:23:53.747] debug2: Processing RPC: REQUEST_PING
[2025-09-15T16:23:53.747] debug2: Processing RPC: REQUEST_PING
[2025-09-15T16:23:53.747] debug2: Finish processing RPC: REQUEST_PING
[2025-09-15T16:23:53.747] debug2: Finish processing RPC: REQUEST_PING
[2025-09-15T16:27:14.001] debug2: Start processing RPC: REQUEST_PING
[2025-09-15T16:27:14.001] debug2: Processing RPC: REQUEST_PING
[2025-09-15T16:27:14.001] debug2: Start processing RPC: REQUEST_PING
[2025-09-15T16:27:14.001] debug2: Processing RPC: REQUEST_PING
[2025-09-15T16:27:14.002] debug2: Finish processing RPC: REQUEST_PING
[2025-09-15T16:27:14.002] debug2: Finish processing RPC: REQUEST_PING
[2025-09-15T16:30:33.263] debug2: Start processing RPC: REQUEST_PING
[2025-09-15T16:30:33.263] debug2: Start processing RPC: REQUEST_PING
[2025-09-15T16:30:33.263] debug2: Processing RPC: REQUEST_PING
[2025-09-15T16:30:33.263] debug2: Processing RPC: REQUEST_PING
[2025-09-15T16:30:33.264] debug2: Finish processing RPC: REQUEST_PING
[2025-09-15T16:30:33.264] debug2: Finish processing RPC: REQUEST_PING
[2025-09-15T16:33:53.455] debug2: Start processing RPC: REQUEST_PING
[2025-09-15T16:33:53.455] debug2: Start processing RPC: REQUEST_PING
[2025-09-15T16:33:53.455] debug2: Processing RPC: REQUEST_PING
[2025-09-15T16:33:53.455] debug2: Processing RPC: REQUEST_PING
[2025-09-15T16:33:53.455] debug2: Finish processing RPC: REQUEST_PING
[2025-09-15T16:33:53.455] debug2: Finish processing RPC: REQUEST_PING
[2025-09-15T16:37:13.703] debug2: Start processing RPC: REQUEST_PING
[2025-09-15T16:37:13.703] debug2: Start processing RPC: REQUEST_PING
[2025-09-15T16:37:13.703] debug2: Processing RPC: REQUEST_PING
[2025-09-15T16:37:13.703] debug2: Processing RPC: REQUEST_PING
[2025-09-15T16:37:13.703] debug2: Finish processing RPC: REQUEST_PING
[2025-09-15T16:37:13.703] debug2: Finish processing RPC: REQUEST_PING
[2025-09-15T16:40:33.965] debug2: Start processing RPC: REQUEST_PING
[2025-09-15T16:40:33.965] debug2: Start processing RPC: REQUEST_PING
[2025-09-15T16:40:33.965] debug2: Processing RPC: REQUEST_PING
[2025-09-15T16:40:33.965] debug2: Processing RPC: REQUEST_PING
[2025-09-15T16:40:33.965] debug2: Finish processing RPC: REQUEST_PING
[2025-09-15T16:40:33.965] debug2: Finish processing RPC: REQUEST_PING
[2025-09-15T16:43:53.157] debug2: Start processing RPC: REQUEST_PING
[2025-09-15T16:43:53.157] debug2: Start processing RPC: REQUEST_PING
[2025-09-15T16:43:53.157] debug2: Processing RPC: REQUEST_PING
[2025-09-15T16:43:53.157] debug2: Processing RPC: REQUEST_PING
[2025-09-15T16:43:53.158] debug2: Finish processing RPC: REQUEST_PING
[2025-09-15T16:43:53.158] debug2: Finish processing RPC: REQUEST_PING
[2025-09-15T16:47:13.416] debug2: Start processing RPC: REQUEST_PING
[2025-09-15T16:47:13.416] debug2: Start processing RPC: REQUEST_PING
[2025-09-15T16:47:13.416] debug2: Processing RPC: REQUEST_PING
[2025-09-15T16:47:13.416] debug2: Processing RPC: REQUEST_PING
[2025-09-15T16:47:13.417] debug2: Finish processing RPC: REQUEST_PING
[2025-09-15T16:47:13.417] debug2: Finish processing RPC: REQUEST_PING
[2025-09-15T16:50:33.665] debug2: Start processing RPC: REQUEST_PING
[2025-09-15T16:50:33.665] debug2: Start processing RPC: REQUEST_PING
[2025-09-15T16:50:33.665] debug2: Processing RPC: REQUEST_PING
[2025-09-15T16:50:33.665] debug2: Processing RPC: REQUEST_PING
[2025-09-15T16:50:33.665] debug2: Finish processing RPC: REQUEST_PING
[2025-09-15T16:50:33.665] debug2: Finish processing RPC: REQUEST_PING
[2025-09-15T16:53:53.860] debug2: Start processing RPC: REQUEST_NODE_REGISTRATION_STATUS
[2025-09-15T16:53:53.860] debug2: Processing RPC: REQUEST_NODE_REGISTRATION_STATUS
[2025-09-15T16:53:53.860] debug2: Start processing RPC: REQUEST_NODE_REGISTRATION_STATUS
[2025-09-15T16:53:53.860] debug2: Processing RPC: REQUEST_NODE_REGISTRATION_STATUS
[2025-09-15T16:53:53.862] debug:  _handle_node_reg_resp: slurmctld sent back 8 TRES.
[2025-09-15T16:53:53.862] debug:  _handle_node_reg_resp: slurmctld sent back 8 TRES.
[2025-09-15T16:53:53.862] debug2: Finish processing RPC: REQUEST_NODE_REGISTRATION_STATUS
[2025-09-15T16:53:53.862] debug2: Finish processing RPC: REQUEST_NODE_REGISTRATION_STATUS
[2025-09-15T16:57:13.102] debug2: Start processing RPC: REQUEST_PING
[2025-09-15T16:57:13.102] debug2: Processing RPC: REQUEST_PING
[2025-09-15T16:57:13.102] debug2: Start processing RPC: REQUEST_PING
[2025-09-15T16:57:13.102] debug2: Processing RPC: REQUEST_PING
[2025-09-15T16:57:13.102] debug2: Finish processing RPC: REQUEST_PING
[2025-09-15T16:57:13.102] debug2: Finish processing RPC: REQUEST_PING
[2025-09-15T17:00:33.356] debug2: Start processing RPC: REQUEST_PING
[2025-09-15T17:00:33.356] debug2: Start processing RPC: REQUEST_PING
[2025-09-15T17:00:33.356] debug2: Processing RPC: REQUEST_PING
[2025-09-15T17:00:33.356] debug2: Processing RPC: REQUEST_PING
[2025-09-15T17:00:33.356] debug2: Finish processing RPC: REQUEST_PING
[2025-09-15T17:00:33.356] debug2: Finish processing RPC: REQUEST_PING
[2025-09-15T17:03:53.555] debug2: Start processing RPC: REQUEST_PING
[2025-09-15T17:03:53.555] debug2: Start processing RPC: REQUEST_PING
[2025-09-15T17:03:53.555] debug2: Processing RPC: REQUEST_PING
[2025-09-15T17:03:53.555] debug2: Processing RPC: REQUEST_PING
[2025-09-15T17:03:53.555] debug2: Finish processing RPC: REQUEST_PING
[2025-09-15T17:03:53.555] debug2: Finish processing RPC: REQUEST_PING
[2025-09-15T17:07:13.802] debug2: Start processing RPC: REQUEST_PING
[2025-09-15T17:07:13.802] debug2: Start processing RPC: REQUEST_PING
[2025-09-15T17:07:13.802] debug2: Processing RPC: REQUEST_PING
[2025-09-15T17:07:13.802] debug2: Processing RPC: REQUEST_PING
[2025-09-15T17:07:13.803] debug2: Finish processing RPC: REQUEST_PING
[2025-09-15T17:07:13.803] debug2: Finish processing RPC: REQUEST_PING
[2025-09-15T17:10:33.049] debug2: Start processing RPC: REQUEST_PING
[2025-09-15T17:10:33.049] debug2: Start processing RPC: REQUEST_PING
[2025-09-15T17:10:33.049] debug2: Processing RPC: REQUEST_PING
[2025-09-15T17:10:33.049] debug2: Processing RPC: REQUEST_PING
[2025-09-15T17:10:33.050] debug2: Finish processing RPC: REQUEST_PING
[2025-09-15T17:10:33.050] debug2: Finish processing RPC: REQUEST_PING
[2025-09-15T17:13:53.249] debug2: Start processing RPC: REQUEST_PING
[2025-09-15T17:13:53.249] debug2: Processing RPC: REQUEST_PING
[2025-09-15T17:13:53.249] debug2: Start processing RPC: REQUEST_PING
[2025-09-15T17:13:53.249] debug2: Processing RPC: REQUEST_PING
[2025-09-15T17:13:53.250] debug2: Finish processing RPC: REQUEST_PING
[2025-09-15T17:13:53.250] debug2: Finish processing RPC: REQUEST_PING
[2025-09-15T17:17:13.502] debug2: Start processing RPC: REQUEST_PING
[2025-09-15T17:17:13.502] debug2: Processing RPC: REQUEST_PING
[2025-09-15T17:17:13.502] debug2: Start processing RPC: REQUEST_PING
[2025-09-15T17:17:13.502] debug2: Processing RPC: REQUEST_PING
[2025-09-15T17:17:13.502] debug2: Finish processing RPC: REQUEST_PING
[2025-09-15T17:17:13.502] debug2: Finish processing RPC: REQUEST_PING
[2025-09-15T17:20:33.748] debug2: Start processing RPC: REQUEST_PING
[2025-09-15T17:20:33.748] debug2: Start processing RPC: REQUEST_PING
[2025-09-15T17:20:33.748] debug2: Processing RPC: REQUEST_PING
[2025-09-15T17:20:33.748] debug2: Processing RPC: REQUEST_PING
[2025-09-15T17:20:33.749] debug2: Finish processing RPC: REQUEST_PING
[2025-09-15T17:20:33.749] debug2: Finish processing RPC: REQUEST_PING
[2025-09-15T17:23:53.956] debug2: Start processing RPC: REQUEST_PING
[2025-09-15T17:23:53.956] debug2: Processing RPC: REQUEST_PING
[2025-09-15T17:23:53.956] debug2: Start processing RPC: REQUEST_PING
[2025-09-15T17:23:53.956] debug2: Processing RPC: REQUEST_PING
[2025-09-15T17:23:53.957] debug2: Finish processing RPC: REQUEST_PING
[2025-09-15T17:23:53.957] debug2: Finish processing RPC: REQUEST_PING
[2025-09-15T17:27:13.217] debug2: Start processing RPC: REQUEST_NODE_REGISTRATION_STATUS
[2025-09-15T17:27:13.217] debug2: Start processing RPC: REQUEST_NODE_REGISTRATION_STATUS
[2025-09-15T17:27:13.217] debug2: Processing RPC: REQUEST_NODE_REGISTRATION_STATUS
[2025-09-15T17:27:13.217] debug2: Processing RPC: REQUEST_NODE_REGISTRATION_STATUS
[2025-09-15T17:27:13.219] debug:  _handle_node_reg_resp: slurmctld sent back 8 TRES.
[2025-09-15T17:27:13.219] debug:  _handle_node_reg_resp: slurmctld sent back 8 TRES.
[2025-09-15T17:27:13.219] debug2: Finish processing RPC: REQUEST_NODE_REGISTRATION_STATUS
[2025-09-15T17:27:13.219] debug2: Finish processing RPC: REQUEST_NODE_REGISTRATION_STATUS
[2025-09-15T17:30:33.471] debug2: Start processing RPC: REQUEST_PING
[2025-09-15T17:30:33.471] debug2: Start processing RPC: REQUEST_PING
[2025-09-15T17:30:33.471] debug2: Processing RPC: REQUEST_PING
[2025-09-15T17:30:33.471] debug2: Processing RPC: REQUEST_PING
[2025-09-15T17:30:33.471] debug2: Finish processing RPC: REQUEST_PING
[2025-09-15T17:30:33.471] debug2: Finish processing RPC: REQUEST_PING
[2025-09-15T17:33:53.672] debug2: Start processing RPC: REQUEST_PING
[2025-09-15T17:33:53.672] debug2: Start processing RPC: REQUEST_PING
[2025-09-15T17:33:53.672] debug2: Processing RPC: REQUEST_PING
[2025-09-15T17:33:53.672] debug2: Processing RPC: REQUEST_PING
[2025-09-15T17:33:53.673] debug2: Finish processing RPC: REQUEST_PING
[2025-09-15T17:33:53.673] debug2: Finish processing RPC: REQUEST_PING
[2025-09-15T17:37:13.928] debug2: Start processing RPC: REQUEST_PING
[2025-09-15T17:37:13.928] debug2: Start processing RPC: REQUEST_PING
[2025-09-15T17:37:13.928] debug2: Processing RPC: REQUEST_PING
[2025-09-15T17:37:13.928] debug2: Processing RPC: REQUEST_PING
[2025-09-15T17:37:13.928] debug2: Finish processing RPC: REQUEST_PING
[2025-09-15T17:37:13.928] debug2: Finish processing RPC: REQUEST_PING
[2025-09-15T17:40:33.185] debug2: Start processing RPC: REQUEST_PING
[2025-09-15T17:40:33.185] debug2: Start processing RPC: REQUEST_PING
[2025-09-15T17:40:33.185] debug2: Processing RPC: REQUEST_PING
[2025-09-15T17:40:33.185] debug2: Processing RPC: REQUEST_PING
[2025-09-15T17:40:33.186] debug2: Finish processing RPC: REQUEST_PING
[2025-09-15T17:40:33.186] debug2: Finish processing RPC: REQUEST_PING
[2025-09-15T17:43:53.371] debug2: Start processing RPC: REQUEST_PING
[2025-09-15T17:43:53.371] debug2: Start processing RPC: REQUEST_PING
[2025-09-15T17:43:53.371] debug2: Processing RPC: REQUEST_PING
[2025-09-15T17:43:53.371] debug2: Processing RPC: REQUEST_PING
[2025-09-15T17:43:53.371] debug2: Finish processing RPC: REQUEST_PING
[2025-09-15T17:43:53.371] debug2: Finish processing RPC: REQUEST_PING
[2025-09-15T17:47:13.613] debug2: Start processing RPC: REQUEST_PING
[2025-09-15T17:47:13.613] debug2: Processing RPC: REQUEST_PING
[2025-09-15T17:47:13.613] debug2: Start processing RPC: REQUEST_PING
[2025-09-15T17:47:13.613] debug2: Processing RPC: REQUEST_PING
[2025-09-15T17:47:13.614] debug2: Finish processing RPC: REQUEST_PING
[2025-09-15T17:47:13.614] debug2: Finish processing RPC: REQUEST_PING
[2025-09-15T17:50:33.860] debug2: Start processing RPC: REQUEST_PING
[2025-09-15T17:50:33.860] debug2: Start processing RPC: REQUEST_PING
[2025-09-15T17:50:33.860] debug2: Processing RPC: REQUEST_PING
[2025-09-15T17:50:33.860] debug2: Processing RPC: REQUEST_PING
[2025-09-15T17:50:33.861] debug2: Finish processing RPC: REQUEST_PING
[2025-09-15T17:50:33.861] debug2: Finish processing RPC: REQUEST_PING
[2025-09-15T17:53:53.060] debug2: Start processing RPC: REQUEST_PING
[2025-09-15T17:53:53.060] debug2: Processing RPC: REQUEST_PING
[2025-09-15T17:53:53.060] debug2: Start processing RPC: REQUEST_PING
[2025-09-15T17:53:53.060] debug2: Processing RPC: REQUEST_PING
[2025-09-15T17:53:53.060] debug2: Finish processing RPC: REQUEST_PING
[2025-09-15T17:53:53.060] debug2: Finish processing RPC: REQUEST_PING
[2025-09-15T17:57:13.304] debug2: Start processing RPC: REQUEST_PING
[2025-09-15T17:57:13.304] debug2: Processing RPC: REQUEST_PING
[2025-09-15T17:57:13.304] debug2: Start processing RPC: REQUEST_PING
[2025-09-15T17:57:13.304] debug2: Processing RPC: REQUEST_PING
[2025-09-15T17:57:13.304] debug2: Finish processing RPC: REQUEST_PING
[2025-09-15T17:57:13.304] debug2: Finish processing RPC: REQUEST_PING
[2025-09-15T18:00:33.561] debug2: Start processing RPC: REQUEST_NODE_REGISTRATION_STATUS
[2025-09-15T18:00:33.561] debug2: Processing RPC: REQUEST_NODE_REGISTRATION_STATUS
[2025-09-15T18:00:33.561] debug2: Start processing RPC: REQUEST_NODE_REGISTRATION_STATUS
[2025-09-15T18:00:33.561] debug2: Processing RPC: REQUEST_NODE_REGISTRATION_STATUS
[2025-09-15T18:00:33.563] debug:  _handle_node_reg_resp: slurmctld sent back 8 TRES.
[2025-09-15T18:00:33.563] debug2: Finish processing RPC: REQUEST_NODE_REGISTRATION_STATUS
[2025-09-15T18:00:33.563] debug:  _handle_node_reg_resp: slurmctld sent back 8 TRES.
[2025-09-15T18:00:33.563] debug2: Finish processing RPC: REQUEST_NODE_REGISTRATION_STATUS
[2025-09-15T18:03:53.757] debug2: Start processing RPC: REQUEST_PING
[2025-09-15T18:03:53.757] debug2: Start processing RPC: REQUEST_PING
[2025-09-15T18:03:53.757] debug2: Processing RPC: REQUEST_PING
[2025-09-15T18:03:53.757] debug2: Processing RPC: REQUEST_PING
[2025-09-15T18:03:53.757] debug2: Finish processing RPC: REQUEST_PING
[2025-09-15T18:03:53.758] debug2: Finish processing RPC: REQUEST_PING
[2025-09-15T18:07:13.013] debug2: Start processing RPC: REQUEST_PING
[2025-09-15T18:07:13.013] debug2: Start processing RPC: REQUEST_PING
[2025-09-15T18:07:13.013] debug2: Processing RPC: REQUEST_PING
[2025-09-15T18:07:13.013] debug2: Processing RPC: REQUEST_PING
[2025-09-15T18:07:13.013] debug2: Finish processing RPC: REQUEST_PING
[2025-09-15T18:07:13.013] debug2: Finish processing RPC: REQUEST_PING
[2025-09-15T18:10:33.260] debug2: Start processing RPC: REQUEST_PING
[2025-09-15T18:10:33.260] debug2: Start processing RPC: REQUEST_PING
[2025-09-15T18:10:33.260] debug2: Processing RPC: REQUEST_PING
[2025-09-15T18:10:33.260] debug2: Processing RPC: REQUEST_PING
[2025-09-15T18:10:33.261] debug2: Finish processing RPC: REQUEST_PING
[2025-09-15T18:10:33.261] debug2: Finish processing RPC: REQUEST_PING
[2025-09-15T18:13:53.460] debug2: Start processing RPC: REQUEST_PING
[2025-09-15T18:13:53.460] debug2: Processing RPC: REQUEST_PING
[2025-09-15T18:13:53.460] debug2: Start processing RPC: REQUEST_PING
[2025-09-15T18:13:53.460] debug2: Processing RPC: REQUEST_PING
[2025-09-15T18:13:53.461] debug2: Finish processing RPC: REQUEST_PING
[2025-09-15T18:13:53.461] debug2: Finish processing RPC: REQUEST_PING
[2025-09-15T18:17:13.725] debug2: Start processing RPC: REQUEST_PING
[2025-09-15T18:17:13.725] debug2: Processing RPC: REQUEST_PING
[2025-09-15T18:17:13.725] debug2: Start processing RPC: REQUEST_PING
[2025-09-15T18:17:13.725] debug2: Processing RPC: REQUEST_PING
[2025-09-15T18:17:13.726] debug2: Finish processing RPC: REQUEST_PING
[2025-09-15T18:17:13.726] debug2: Finish processing RPC: REQUEST_PING
[2025-09-15T18:20:33.985] debug2: Start processing RPC: REQUEST_PING
[2025-09-15T18:20:33.985] debug2: Start processing RPC: REQUEST_PING
[2025-09-15T18:20:33.985] debug2: Processing RPC: REQUEST_PING
[2025-09-15T18:20:33.985] debug2: Processing RPC: REQUEST_PING
[2025-09-15T18:20:33.986] debug2: Finish processing RPC: REQUEST_PING
[2025-09-15T18:20:33.986] debug2: Finish processing RPC: REQUEST_PING
[2025-09-15T18:23:53.180] debug2: Start processing RPC: REQUEST_PING
[2025-09-15T18:23:53.180] debug2: Processing RPC: REQUEST_PING
[2025-09-15T18:23:53.180] debug2: Start processing RPC: REQUEST_PING
[2025-09-15T18:23:53.180] debug2: Processing RPC: REQUEST_PING
[2025-09-15T18:23:53.180] debug2: Finish processing RPC: REQUEST_PING
[2025-09-15T18:23:53.180] debug2: Finish processing RPC: REQUEST_PING
[2025-09-15T18:27:13.436] debug2: Start processing RPC: REQUEST_PING
[2025-09-15T18:27:13.436] debug2: Processing RPC: REQUEST_PING
[2025-09-15T18:27:13.436] debug2: Start processing RPC: REQUEST_PING
[2025-09-15T18:27:13.436] debug2: Processing RPC: REQUEST_PING
[2025-09-15T18:27:13.436] debug2: Finish processing RPC: REQUEST_PING
[2025-09-15T18:27:13.436] debug2: Finish processing RPC: REQUEST_PING
[2025-09-15T18:30:33.694] debug2: Start processing RPC: REQUEST_PING
[2025-09-15T18:30:33.694] debug2: Start processing RPC: REQUEST_PING
[2025-09-15T18:30:33.694] debug2: Processing RPC: REQUEST_PING
[2025-09-15T18:30:33.694] debug2: Processing RPC: REQUEST_PING
[2025-09-15T18:30:33.695] debug2: Finish processing RPC: REQUEST_PING
[2025-09-15T18:30:33.695] debug2: Finish processing RPC: REQUEST_PING
[2025-09-15T18:33:53.887] debug2: Start processing RPC: REQUEST_NODE_REGISTRATION_STATUS
[2025-09-15T18:33:53.887] debug2: Start processing RPC: REQUEST_NODE_REGISTRATION_STATUS
[2025-09-15T18:33:53.887] debug2: Processing RPC: REQUEST_NODE_REGISTRATION_STATUS
[2025-09-15T18:33:53.887] debug2: Processing RPC: REQUEST_NODE_REGISTRATION_STATUS
[2025-09-15T18:33:53.889] debug:  _handle_node_reg_resp: slurmctld sent back 8 TRES.
[2025-09-15T18:33:53.889] debug2: Finish processing RPC: REQUEST_NODE_REGISTRATION_STATUS
[2025-09-15T18:33:53.889] debug:  _handle_node_reg_resp: slurmctld sent back 8 TRES.
[2025-09-15T18:33:53.889] debug2: Finish processing RPC: REQUEST_NODE_REGISTRATION_STATUS
[2025-09-15T18:37:13.139] debug2: Start processing RPC: REQUEST_PING
[2025-09-15T18:37:13.139] debug2: Start processing RPC: REQUEST_PING
[2025-09-15T18:37:13.139] debug2: Processing RPC: REQUEST_PING
[2025-09-15T18:37:13.139] debug2: Processing RPC: REQUEST_PING
[2025-09-15T18:37:13.140] debug2: Finish processing RPC: REQUEST_PING
[2025-09-15T18:37:13.140] debug2: Finish processing RPC: REQUEST_PING
[2025-09-15T18:40:33.391] debug2: Start processing RPC: REQUEST_PING
[2025-09-15T18:40:33.391] debug2: Start processing RPC: REQUEST_PING
[2025-09-15T18:40:33.391] debug2: Processing RPC: REQUEST_PING
[2025-09-15T18:40:33.391] debug2: Processing RPC: REQUEST_PING
[2025-09-15T18:40:33.392] debug2: Finish processing RPC: REQUEST_PING
[2025-09-15T18:40:33.392] debug2: Finish processing RPC: REQUEST_PING
[2025-09-15T18:43:53.585] debug2: Start processing RPC: REQUEST_PING
[2025-09-15T18:43:53.585] debug2: Processing RPC: REQUEST_PING
[2025-09-15T18:43:53.585] debug2: Start processing RPC: REQUEST_PING
[2025-09-15T18:43:53.585] debug2: Processing RPC: REQUEST_PING
[2025-09-15T18:43:53.585] debug2: Finish processing RPC: REQUEST_PING
[2025-09-15T18:43:53.586] debug2: Finish processing RPC: REQUEST_PING
[2025-09-15T18:47:13.838] debug2: Start processing RPC: REQUEST_PING
[2025-09-15T18:47:13.838] debug2: Processing RPC: REQUEST_PING
[2025-09-15T18:47:13.838] debug2: Start processing RPC: REQUEST_PING
[2025-09-15T18:47:13.838] debug2: Processing RPC: REQUEST_PING
[2025-09-15T18:47:13.838] debug2: Finish processing RPC: REQUEST_PING
[2025-09-15T18:47:13.838] debug2: Finish processing RPC: REQUEST_PING
[2025-09-15T18:50:33.095] debug2: Start processing RPC: REQUEST_PING
[2025-09-15T18:50:33.095] debug2: Start processing RPC: REQUEST_PING
[2025-09-15T18:50:33.095] debug2: Processing RPC: REQUEST_PING
[2025-09-15T18:50:33.095] debug2: Processing RPC: REQUEST_PING
[2025-09-15T18:50:33.096] debug2: Finish processing RPC: REQUEST_PING
[2025-09-15T18:50:33.096] debug2: Finish processing RPC: REQUEST_PING
[2025-09-15T18:53:53.288] debug2: Start processing RPC: REQUEST_PING
[2025-09-15T18:53:53.288] debug2: Processing RPC: REQUEST_PING
[2025-09-15T18:53:53.288] debug2: Start processing RPC: REQUEST_PING
[2025-09-15T18:53:53.288] debug2: Processing RPC: REQUEST_PING
[2025-09-15T18:53:53.288] debug2: Finish processing RPC: REQUEST_PING
[2025-09-15T18:53:53.288] debug2: Finish processing RPC: REQUEST_PING
[2025-09-15T18:57:13.538] debug2: Start processing RPC: REQUEST_PING
[2025-09-15T18:57:13.538] debug2: Start processing RPC: REQUEST_PING
[2025-09-15T18:57:13.538] debug2: Processing RPC: REQUEST_PING
[2025-09-15T18:57:13.538] debug2: Processing RPC: REQUEST_PING
[2025-09-15T18:57:13.538] debug2: Finish processing RPC: REQUEST_PING
[2025-09-15T18:57:13.538] debug2: Finish processing RPC: REQUEST_PING
[2025-09-15T19:00:33.789] debug2: Start processing RPC: REQUEST_PING
[2025-09-15T19:00:33.789] debug2: Start processing RPC: REQUEST_PING
[2025-09-15T19:00:33.789] debug2: Processing RPC: REQUEST_PING
[2025-09-15T19:00:33.789] debug2: Processing RPC: REQUEST_PING
[2025-09-15T19:00:33.790] debug2: Finish processing RPC: REQUEST_PING
[2025-09-15T19:00:33.790] debug2: Finish processing RPC: REQUEST_PING
[2025-09-15T19:03:53.991] debug2: Start processing RPC: REQUEST_PING
[2025-09-15T19:03:53.991] debug2: Processing RPC: REQUEST_PING
[2025-09-15T19:03:53.991] debug2: Start processing RPC: REQUEST_PING
[2025-09-15T19:03:53.991] debug2: Processing RPC: REQUEST_PING
[2025-09-15T19:03:53.991] debug2: Finish processing RPC: REQUEST_PING
[2025-09-15T19:03:53.991] debug2: Finish processing RPC: REQUEST_PING
[2025-09-15T19:07:13.238] debug2: Start processing RPC: REQUEST_NODE_REGISTRATION_STATUS
[2025-09-15T19:07:13.238] debug2: Start processing RPC: REQUEST_NODE_REGISTRATION_STATUS
[2025-09-15T19:07:13.238] debug2: Processing RPC: REQUEST_NODE_REGISTRATION_STATUS
[2025-09-15T19:07:13.238] debug2: Processing RPC: REQUEST_NODE_REGISTRATION_STATUS
[2025-09-15T19:07:13.240] debug:  _handle_node_reg_resp: slurmctld sent back 8 TRES.
[2025-09-15T19:07:13.240] debug:  _handle_node_reg_resp: slurmctld sent back 8 TRES.
[2025-09-15T19:07:13.240] debug2: Finish processing RPC: REQUEST_NODE_REGISTRATION_STATUS
[2025-09-15T19:07:13.240] debug2: Finish processing RPC: REQUEST_NODE_REGISTRATION_STATUS
[2025-09-15T19:10:33.498] debug2: Start processing RPC: REQUEST_PING
[2025-09-15T19:10:33.498] debug2: Start processing RPC: REQUEST_PING
[2025-09-15T19:10:33.498] debug2: Processing RPC: REQUEST_PING
[2025-09-15T19:10:33.498] debug2: Processing RPC: REQUEST_PING
[2025-09-15T19:10:33.498] debug2: Finish processing RPC: REQUEST_PING
[2025-09-15T19:10:33.498] debug2: Finish processing RPC: REQUEST_PING
[2025-09-15T19:13:53.703] debug2: Start processing RPC: REQUEST_PING
[2025-09-15T19:13:53.703] debug2: Start processing RPC: REQUEST_PING
[2025-09-15T19:13:53.703] debug2: Processing RPC: REQUEST_PING
[2025-09-15T19:13:53.703] debug2: Processing RPC: REQUEST_PING
[2025-09-15T19:13:53.703] debug2: Finish processing RPC: REQUEST_PING
[2025-09-15T19:13:53.703] debug2: Finish processing RPC: REQUEST_PING
[2025-09-15T19:17:13.955] debug2: Start processing RPC: REQUEST_PING
[2025-09-15T19:17:13.955] debug2: Processing RPC: REQUEST_PING
[2025-09-15T19:17:13.955] debug2: Start processing RPC: REQUEST_PING
[2025-09-15T19:17:13.955] debug2: Processing RPC: REQUEST_PING
[2025-09-15T19:17:13.955] debug2: Finish processing RPC: REQUEST_PING
[2025-09-15T19:17:13.955] debug2: Finish processing RPC: REQUEST_PING
[2025-09-15T19:20:33.206] debug2: Start processing RPC: REQUEST_PING
[2025-09-15T19:20:33.206] debug2: Processing RPC: REQUEST_PING
[2025-09-15T19:20:33.206] debug2: Start processing RPC: REQUEST_PING
[2025-09-15T19:20:33.206] debug2: Processing RPC: REQUEST_PING
[2025-09-15T19:20:33.206] debug2: Finish processing RPC: REQUEST_PING
[2025-09-15T19:20:33.206] debug2: Finish processing RPC: REQUEST_PING
[2025-09-15T19:23:53.402] debug2: Start processing RPC: REQUEST_PING
[2025-09-15T19:23:53.402] debug2: Processing RPC: REQUEST_PING
[2025-09-15T19:23:53.402] debug2: Start processing RPC: REQUEST_PING
[2025-09-15T19:23:53.402] debug2: Processing RPC: REQUEST_PING
[2025-09-15T19:23:53.402] debug2: Finish processing RPC: REQUEST_PING
[2025-09-15T19:23:53.402] debug2: Finish processing RPC: REQUEST_PING
[2025-09-15T19:27:13.640] debug2: Start processing RPC: REQUEST_PING
[2025-09-15T19:27:13.640] debug2: Start processing RPC: REQUEST_PING
[2025-09-15T19:27:13.640] debug2: Processing RPC: REQUEST_PING
[2025-09-15T19:27:13.640] debug2: Processing RPC: REQUEST_PING
[2025-09-15T19:27:13.640] debug2: Finish processing RPC: REQUEST_PING
[2025-09-15T19:27:13.640] debug2: Finish processing RPC: REQUEST_PING
[2025-09-15T19:30:33.906] debug2: Start processing RPC: REQUEST_PING
[2025-09-15T19:30:33.906] debug2: Processing RPC: REQUEST_PING
[2025-09-15T19:30:33.907] debug2: Start processing RPC: REQUEST_PING
[2025-09-15T19:30:33.907] debug2: Processing RPC: REQUEST_PING
[2025-09-15T19:30:33.907] debug2: Finish processing RPC: REQUEST_PING
[2025-09-15T19:30:33.907] debug2: Finish processing RPC: REQUEST_PING
[2025-09-15T19:33:53.101] debug2: Start processing RPC: REQUEST_PING
[2025-09-15T19:33:53.101] debug2: Start processing RPC: REQUEST_PING
[2025-09-15T19:33:53.101] debug2: Processing RPC: REQUEST_PING
[2025-09-15T19:33:53.101] debug2: Processing RPC: REQUEST_PING
[2025-09-15T19:33:53.101] debug2: Finish processing RPC: REQUEST_PING
[2025-09-15T19:33:53.101] debug2: Finish processing RPC: REQUEST_PING
[2025-09-15T19:37:13.356] debug2: Start processing RPC: REQUEST_PING
[2025-09-15T19:37:13.356] debug2: Processing RPC: REQUEST_PING
[2025-09-15T19:37:13.356] debug2: Start processing RPC: REQUEST_PING
[2025-09-15T19:37:13.356] debug2: Processing RPC: REQUEST_PING
[2025-09-15T19:37:13.356] debug2: Finish processing RPC: REQUEST_PING
[2025-09-15T19:37:13.356] debug2: Finish processing RPC: REQUEST_PING
[2025-09-15T19:40:33.612] debug2: Start processing RPC: REQUEST_NODE_REGISTRATION_STATUS
[2025-09-15T19:40:33.612] debug2: Start processing RPC: REQUEST_NODE_REGISTRATION_STATUS
[2025-09-15T19:40:33.612] debug2: Processing RPC: REQUEST_NODE_REGISTRATION_STATUS
[2025-09-15T19:40:33.613] debug2: Processing RPC: REQUEST_NODE_REGISTRATION_STATUS
[2025-09-15T19:40:33.615] debug:  _handle_node_reg_resp: slurmctld sent back 8 TRES.
[2025-09-15T19:40:33.615] debug:  _handle_node_reg_resp: slurmctld sent back 8 TRES.
[2025-09-15T19:40:33.615] debug2: Finish processing RPC: REQUEST_NODE_REGISTRATION_STATUS
[2025-09-15T19:40:33.615] debug2: Finish processing RPC: REQUEST_NODE_REGISTRATION_STATUS
[2025-09-15T19:43:53.811] debug2: Start processing RPC: REQUEST_PING
[2025-09-15T19:43:53.811] debug2: Start processing RPC: REQUEST_PING
[2025-09-15T19:43:53.811] debug2: Processing RPC: REQUEST_PING
[2025-09-15T19:43:53.811] debug2: Processing RPC: REQUEST_PING
[2025-09-15T19:43:53.811] debug2: Finish processing RPC: REQUEST_PING
[2025-09-15T19:43:53.811] debug2: Finish processing RPC: REQUEST_PING
[2025-09-15T19:47:13.063] debug2: Start processing RPC: REQUEST_PING
[2025-09-15T19:47:13.063] debug2: Processing RPC: REQUEST_PING
[2025-09-15T19:47:13.063] debug2: Start processing RPC: REQUEST_PING
[2025-09-15T19:47:13.063] debug2: Processing RPC: REQUEST_PING
[2025-09-15T19:47:13.063] debug2: Finish processing RPC: REQUEST_PING
[2025-09-15T19:47:13.064] debug2: Finish processing RPC: REQUEST_PING
[2025-09-15T19:50:33.322] debug2: Start processing RPC: REQUEST_PING
[2025-09-15T19:50:33.322] debug2: Start processing RPC: REQUEST_PING
[2025-09-15T19:50:33.322] debug2: Processing RPC: REQUEST_PING
[2025-09-15T19:50:33.322] debug2: Processing RPC: REQUEST_PING
[2025-09-15T19:50:33.322] debug2: Finish processing RPC: REQUEST_PING
[2025-09-15T19:50:33.322] debug2: Finish processing RPC: REQUEST_PING
[2025-09-15T19:53:53.513] debug2: Start processing RPC: REQUEST_PING
[2025-09-15T19:53:53.513] debug2: Start processing RPC: REQUEST_PING
[2025-09-15T19:53:53.513] debug2: Processing RPC: REQUEST_PING
[2025-09-15T19:53:53.513] debug2: Processing RPC: REQUEST_PING
[2025-09-15T19:53:53.513] debug2: Finish processing RPC: REQUEST_PING
[2025-09-15T19:53:53.513] debug2: Finish processing RPC: REQUEST_PING
[2025-09-15T19:57:13.762] debug2: Start processing RPC: REQUEST_PING
[2025-09-15T19:57:13.762] debug2: Start processing RPC: REQUEST_PING
[2025-09-15T19:57:13.762] debug2: Processing RPC: REQUEST_PING
[2025-09-15T19:57:13.762] debug2: Processing RPC: REQUEST_PING
[2025-09-15T19:57:13.763] debug2: Finish processing RPC: REQUEST_PING
[2025-09-15T19:57:13.763] debug2: Finish processing RPC: REQUEST_PING
[2025-09-15T20:00:33.022] debug2: Start processing RPC: REQUEST_PING
[2025-09-15T20:00:33.022] debug2: Start processing RPC: REQUEST_PING
[2025-09-15T20:00:33.022] debug2: Processing RPC: REQUEST_PING
[2025-09-15T20:00:33.022] debug2: Processing RPC: REQUEST_PING
[2025-09-15T20:00:33.023] debug2: Finish processing RPC: REQUEST_PING
[2025-09-15T20:00:33.023] debug2: Finish processing RPC: REQUEST_PING
[2025-09-15T20:03:53.227] debug2: Start processing RPC: REQUEST_PING
[2025-09-15T20:03:53.227] debug2: Processing RPC: REQUEST_PING
[2025-09-15T20:03:53.227] debug2: Start processing RPC: REQUEST_PING
[2025-09-15T20:03:53.227] debug2: Processing RPC: REQUEST_PING
[2025-09-15T20:03:53.227] debug2: Finish processing RPC: REQUEST_PING
[2025-09-15T20:03:53.227] debug2: Finish processing RPC: REQUEST_PING
[2025-09-15T20:07:13.481] debug2: Start processing RPC: REQUEST_PING
[2025-09-15T20:07:13.481] debug2: Processing RPC: REQUEST_PING
[2025-09-15T20:07:13.481] debug2: Start processing RPC: REQUEST_PING
[2025-09-15T20:07:13.481] debug2: Processing RPC: REQUEST_PING
[2025-09-15T20:07:13.481] debug2: Finish processing RPC: REQUEST_PING
[2025-09-15T20:07:13.481] debug2: Finish processing RPC: REQUEST_PING
[2025-09-15T20:10:33.733] debug2: Start processing RPC: REQUEST_PING
[2025-09-15T20:10:33.733] debug2: Start processing RPC: REQUEST_PING
[2025-09-15T20:10:33.733] debug2: Processing RPC: REQUEST_PING
[2025-09-15T20:10:33.733] debug2: Processing RPC: REQUEST_PING
[2025-09-15T20:10:33.733] debug2: Finish processing RPC: REQUEST_PING
[2025-09-15T20:10:33.733] debug2: Finish processing RPC: REQUEST_PING
[2025-09-15T20:13:53.933] debug2: Start processing RPC: REQUEST_NODE_REGISTRATION_STATUS
[2025-09-15T20:13:53.933] debug2: Start processing RPC: REQUEST_NODE_REGISTRATION_STATUS
[2025-09-15T20:13:53.933] debug2: Processing RPC: REQUEST_NODE_REGISTRATION_STATUS
[2025-09-15T20:13:53.933] debug2: Processing RPC: REQUEST_NODE_REGISTRATION_STATUS
[2025-09-15T20:13:53.934] debug:  _handle_node_reg_resp: slurmctld sent back 8 TRES.
[2025-09-15T20:13:53.934] debug:  _handle_node_reg_resp: slurmctld sent back 8 TRES.
[2025-09-15T20:13:53.934] debug2: Finish processing RPC: REQUEST_NODE_REGISTRATION_STATUS
[2025-09-15T20:13:53.934] debug2: Finish processing RPC: REQUEST_NODE_REGISTRATION_STATUS
[2025-09-15T20:17:13.177] debug2: Start processing RPC: REQUEST_PING
[2025-09-15T20:17:13.177] debug2: Start processing RPC: REQUEST_PING
[2025-09-15T20:17:13.177] debug2: Processing RPC: REQUEST_PING
[2025-09-15T20:17:13.177] debug2: Processing RPC: REQUEST_PING
[2025-09-15T20:17:13.177] debug2: Finish processing RPC: REQUEST_PING
[2025-09-15T20:17:13.177] debug2: Finish processing RPC: REQUEST_PING
[2025-09-15T20:20:33.437] debug2: Start processing RPC: REQUEST_PING
[2025-09-15T20:20:33.437] debug2: Processing RPC: REQUEST_PING
[2025-09-15T20:20:33.437] debug2: Start processing RPC: REQUEST_PING
[2025-09-15T20:20:33.437] debug2: Processing RPC: REQUEST_PING
[2025-09-15T20:20:33.437] debug2: Finish processing RPC: REQUEST_PING
[2025-09-15T20:20:33.437] debug2: Finish processing RPC: REQUEST_PING
[2025-09-15T20:23:53.640] debug2: Start processing RPC: REQUEST_PING
[2025-09-15T20:23:53.640] debug2: Start processing RPC: REQUEST_PING
[2025-09-15T20:23:53.640] debug2: Processing RPC: REQUEST_PING
[2025-09-15T20:23:53.640] debug2: Processing RPC: REQUEST_PING
[2025-09-15T20:23:53.640] debug2: Finish processing RPC: REQUEST_PING
[2025-09-15T20:23:53.640] debug2: Finish processing RPC: REQUEST_PING
[2025-09-15T20:27:13.886] debug2: Start processing RPC: REQUEST_PING
[2025-09-15T20:27:13.886] debug2: Start processing RPC: REQUEST_PING
[2025-09-15T20:27:13.886] debug2: Processing RPC: REQUEST_PING
[2025-09-15T20:27:13.886] debug2: Processing RPC: REQUEST_PING
[2025-09-15T20:27:13.887] debug2: Finish processing RPC: REQUEST_PING
[2025-09-15T20:27:13.887] debug2: Finish processing RPC: REQUEST_PING
[2025-09-15T20:30:33.132] debug2: Start processing RPC: REQUEST_PING
[2025-09-15T20:30:33.132] debug2: Start processing RPC: REQUEST_PING
[2025-09-15T20:30:33.132] debug2: Processing RPC: REQUEST_PING
[2025-09-15T20:30:33.132] debug2: Processing RPC: REQUEST_PING
[2025-09-15T20:30:33.132] debug2: Finish processing RPC: REQUEST_PING
[2025-09-15T20:30:33.133] debug2: Finish processing RPC: REQUEST_PING
[2025-09-15T20:33:53.322] debug2: Start processing RPC: REQUEST_PING
[2025-09-15T20:33:53.322] debug2: Processing RPC: REQUEST_PING
[2025-09-15T20:33:53.322] debug2: Start processing RPC: REQUEST_PING
[2025-09-15T20:33:53.323] debug2: Processing RPC: REQUEST_PING
[2025-09-15T20:33:53.323] debug2: Finish processing RPC: REQUEST_PING
[2025-09-15T20:33:53.323] debug2: Finish processing RPC: REQUEST_PING
[2025-09-15T20:37:13.579] debug2: Start processing RPC: REQUEST_PING
[2025-09-15T20:37:13.579] debug2: Processing RPC: REQUEST_PING
[2025-09-15T20:37:13.579] debug2: Start processing RPC: REQUEST_PING
[2025-09-15T20:37:13.579] debug2: Processing RPC: REQUEST_PING
[2025-09-15T20:37:13.579] debug2: Finish processing RPC: REQUEST_PING
[2025-09-15T20:37:13.579] debug2: Finish processing RPC: REQUEST_PING
[2025-09-15T20:40:33.827] debug2: Start processing RPC: REQUEST_PING
[2025-09-15T20:40:33.827] debug2: Start processing RPC: REQUEST_PING
[2025-09-15T20:40:33.827] debug2: Processing RPC: REQUEST_PING
[2025-09-15T20:40:33.827] debug2: Processing RPC: REQUEST_PING
[2025-09-15T20:40:33.827] debug2: Finish processing RPC: REQUEST_PING
[2025-09-15T20:40:33.827] debug2: Finish processing RPC: REQUEST_PING
[2025-09-15T20:43:53.028] debug2: Start processing RPC: REQUEST_PING
[2025-09-15T20:43:53.029] debug2: Processing RPC: REQUEST_PING
[2025-09-15T20:43:53.029] debug2: Start processing RPC: REQUEST_PING
[2025-09-15T20:43:53.029] debug2: Processing RPC: REQUEST_PING
[2025-09-15T20:43:53.029] debug2: Finish processing RPC: REQUEST_PING
[2025-09-15T20:43:53.029] debug2: Finish processing RPC: REQUEST_PING
[2025-09-15T20:47:13.277] debug2: Start processing RPC: REQUEST_NODE_REGISTRATION_STATUS
[2025-09-15T20:47:13.277] debug2: Start processing RPC: REQUEST_NODE_REGISTRATION_STATUS
[2025-09-15T20:47:13.277] debug2: Processing RPC: REQUEST_NODE_REGISTRATION_STATUS
[2025-09-15T20:47:13.277] debug2: Processing RPC: REQUEST_NODE_REGISTRATION_STATUS
[2025-09-15T20:47:13.279] debug:  _handle_node_reg_resp: slurmctld sent back 8 TRES.
[2025-09-15T20:47:13.279] debug2: Finish processing RPC: REQUEST_NODE_REGISTRATION_STATUS
[2025-09-15T20:47:13.279] debug:  _handle_node_reg_resp: slurmctld sent back 8 TRES.
[2025-09-15T20:47:13.279] debug2: Finish processing RPC: REQUEST_NODE_REGISTRATION_STATUS
[2025-09-15T20:50:33.533] debug2: Start processing RPC: REQUEST_PING
[2025-09-15T20:50:33.534] debug2: Start processing RPC: REQUEST_PING
[2025-09-15T20:50:33.534] debug2: Processing RPC: REQUEST_PING
[2025-09-15T20:50:33.534] debug2: Processing RPC: REQUEST_PING
[2025-09-15T20:50:33.534] debug2: Finish processing RPC: REQUEST_PING
[2025-09-15T20:50:33.534] debug2: Finish processing RPC: REQUEST_PING
[2025-09-15T20:53:53.727] debug2: Start processing RPC: REQUEST_PING
[2025-09-15T20:53:53.727] debug2: Processing RPC: REQUEST_PING
[2025-09-15T20:53:53.727] debug2: Start processing RPC: REQUEST_PING
[2025-09-15T20:53:53.727] debug2: Processing RPC: REQUEST_PING
[2025-09-15T20:53:53.727] debug2: Finish processing RPC: REQUEST_PING
[2025-09-15T20:53:53.727] debug2: Finish processing RPC: REQUEST_PING
[2025-09-15T20:57:13.976] debug2: Start processing RPC: REQUEST_PING
[2025-09-15T20:57:13.976] debug2: Start processing RPC: REQUEST_PING
[2025-09-15T20:57:13.976] debug2: Processing RPC: REQUEST_PING
[2025-09-15T20:57:13.976] debug2: Processing RPC: REQUEST_PING
[2025-09-15T20:57:13.977] debug2: Finish processing RPC: REQUEST_PING
[2025-09-15T20:57:13.977] debug2: Finish processing RPC: REQUEST_PING
[2025-09-15T21:00:33.234] debug2: Start processing RPC: REQUEST_PING
[2025-09-15T21:00:33.234] debug2: Start processing RPC: REQUEST_PING
[2025-09-15T21:00:33.234] debug2: Processing RPC: REQUEST_PING
[2025-09-15T21:00:33.234] debug2: Processing RPC: REQUEST_PING
[2025-09-15T21:00:33.235] debug2: Finish processing RPC: REQUEST_PING
[2025-09-15T21:00:33.235] debug2: Finish processing RPC: REQUEST_PING
[2025-09-15T21:03:53.424] debug2: Start processing RPC: REQUEST_PING
[2025-09-15T21:03:53.424] debug2: Start processing RPC: REQUEST_PING
[2025-09-15T21:03:53.424] debug2: Processing RPC: REQUEST_PING
[2025-09-15T21:03:53.424] debug2: Processing RPC: REQUEST_PING
[2025-09-15T21:03:53.424] debug2: Finish processing RPC: REQUEST_PING
[2025-09-15T21:03:53.424] debug2: Finish processing RPC: REQUEST_PING
[2025-09-15T21:07:13.675] debug2: Start processing RPC: REQUEST_PING
[2025-09-15T21:07:13.675] debug2: Start processing RPC: REQUEST_PING
[2025-09-15T21:07:13.675] debug2: Processing RPC: REQUEST_PING
[2025-09-15T21:07:13.675] debug2: Processing RPC: REQUEST_PING
[2025-09-15T21:07:13.676] debug2: Finish processing RPC: REQUEST_PING
[2025-09-15T21:07:13.676] debug2: Finish processing RPC: REQUEST_PING
[2025-09-15T21:10:33.933] debug2: Start processing RPC: REQUEST_PING
[2025-09-15T21:10:33.933] debug2: Start processing RPC: REQUEST_PING
[2025-09-15T21:10:33.933] debug2: Processing RPC: REQUEST_PING
[2025-09-15T21:10:33.933] debug2: Processing RPC: REQUEST_PING
[2025-09-15T21:10:33.933] debug2: Finish processing RPC: REQUEST_PING
[2025-09-15T21:10:33.933] debug2: Finish processing RPC: REQUEST_PING
[2025-09-15T21:13:53.129] debug2: Start processing RPC: REQUEST_PING
[2025-09-15T21:13:53.129] debug2: Start processing RPC: REQUEST_PING
[2025-09-15T21:13:53.129] debug2: Processing RPC: REQUEST_PING
[2025-09-15T21:13:53.129] debug2: Processing RPC: REQUEST_PING
[2025-09-15T21:13:53.130] debug2: Finish processing RPC: REQUEST_PING
[2025-09-15T21:13:53.130] debug2: Finish processing RPC: REQUEST_PING
[2025-09-15T21:17:13.379] debug2: Start processing RPC: REQUEST_PING
[2025-09-15T21:17:13.379] debug2: Processing RPC: REQUEST_PING
[2025-09-15T21:17:13.379] debug2: Start processing RPC: REQUEST_PING
[2025-09-15T21:17:13.379] debug2: Processing RPC: REQUEST_PING
[2025-09-15T21:17:13.379] debug2: Finish processing RPC: REQUEST_PING
[2025-09-15T21:17:13.379] debug2: Finish processing RPC: REQUEST_PING
[2025-09-15T21:20:33.634] debug2: Start processing RPC: REQUEST_NODE_REGISTRATION_STATUS
[2025-09-15T21:20:33.634] debug2: Start processing RPC: REQUEST_NODE_REGISTRATION_STATUS
[2025-09-15T21:20:33.634] debug2: Processing RPC: REQUEST_NODE_REGISTRATION_STATUS
[2025-09-15T21:20:33.634] debug2: Processing RPC: REQUEST_NODE_REGISTRATION_STATUS
[2025-09-15T21:20:33.636] debug:  _handle_node_reg_resp: slurmctld sent back 8 TRES.
[2025-09-15T21:20:33.636] debug:  _handle_node_reg_resp: slurmctld sent back 8 TRES.
[2025-09-15T21:20:33.636] debug2: Finish processing RPC: REQUEST_NODE_REGISTRATION_STATUS
[2025-09-15T21:20:33.636] debug2: Finish processing RPC: REQUEST_NODE_REGISTRATION_STATUS
[2025-09-15T21:23:53.841] debug2: Start processing RPC: REQUEST_PING
[2025-09-15T21:23:53.841] debug2: Start processing RPC: REQUEST_PING
[2025-09-15T21:23:53.841] debug2: Processing RPC: REQUEST_PING
[2025-09-15T21:23:53.841] debug2: Processing RPC: REQUEST_PING
[2025-09-15T21:23:53.841] debug2: Finish processing RPC: REQUEST_PING
[2025-09-15T21:23:53.841] debug2: Finish processing RPC: REQUEST_PING
[2025-09-15T21:27:13.095] debug2: Start processing RPC: REQUEST_PING
[2025-09-15T21:27:13.095] debug2: Start processing RPC: REQUEST_PING
[2025-09-15T21:27:13.095] debug2: Processing RPC: REQUEST_PING
[2025-09-15T21:27:13.095] debug2: Processing RPC: REQUEST_PING
[2025-09-15T21:27:13.095] debug2: Finish processing RPC: REQUEST_PING
[2025-09-15T21:27:13.095] debug2: Finish processing RPC: REQUEST_PING
[2025-09-15T21:30:33.345] debug2: Start processing RPC: REQUEST_PING
[2025-09-15T21:30:33.345] debug2: Processing RPC: REQUEST_PING
[2025-09-15T21:30:33.345] debug2: Start processing RPC: REQUEST_PING
[2025-09-15T21:30:33.345] debug2: Processing RPC: REQUEST_PING
[2025-09-15T21:30:33.345] debug2: Finish processing RPC: REQUEST_PING
[2025-09-15T21:30:33.345] debug2: Finish processing RPC: REQUEST_PING
[2025-09-15T21:33:53.546] debug2: Start processing RPC: REQUEST_PING
[2025-09-15T21:33:53.546] debug2: Start processing RPC: REQUEST_PING
[2025-09-15T21:33:53.546] debug2: Processing RPC: REQUEST_PING
[2025-09-15T21:33:53.546] debug2: Processing RPC: REQUEST_PING
[2025-09-15T21:33:53.547] debug2: Finish processing RPC: REQUEST_PING
[2025-09-15T21:33:53.547] debug2: Finish processing RPC: REQUEST_PING
[2025-09-15T21:37:13.807] debug2: Start processing RPC: REQUEST_PING
[2025-09-15T21:37:13.807] debug2: Start processing RPC: REQUEST_PING
[2025-09-15T21:37:13.807] debug2: Processing RPC: REQUEST_PING
[2025-09-15T21:37:13.807] debug2: Processing RPC: REQUEST_PING
[2025-09-15T21:37:13.807] debug2: Finish processing RPC: REQUEST_PING
[2025-09-15T21:37:13.807] debug2: Finish processing RPC: REQUEST_PING
[2025-09-15T21:40:33.063] debug2: Start processing RPC: REQUEST_PING
[2025-09-15T21:40:33.063] debug2: Processing RPC: REQUEST_PING
[2025-09-15T21:40:33.063] debug2: Start processing RPC: REQUEST_PING
[2025-09-15T21:40:33.063] debug2: Processing RPC: REQUEST_PING
[2025-09-15T21:40:33.063] debug2: Finish processing RPC: REQUEST_PING
[2025-09-15T21:40:33.063] debug2: Finish processing RPC: REQUEST_PING
[2025-09-15T21:43:53.263] debug2: Start processing RPC: REQUEST_PING
[2025-09-15T21:43:53.263] debug2: Start processing RPC: REQUEST_PING
[2025-09-15T21:43:53.263] debug2: Processing RPC: REQUEST_PING
[2025-09-15T21:43:53.263] debug2: Processing RPC: REQUEST_PING
[2025-09-15T21:43:53.263] debug2: Finish processing RPC: REQUEST_PING
[2025-09-15T21:43:53.263] debug2: Finish processing RPC: REQUEST_PING
[2025-09-15T21:47:13.516] debug2: Start processing RPC: REQUEST_PING
[2025-09-15T21:47:13.516] debug2: Start processing RPC: REQUEST_PING
[2025-09-15T21:47:13.516] debug2: Processing RPC: REQUEST_PING
[2025-09-15T21:47:13.516] debug2: Processing RPC: REQUEST_PING
[2025-09-15T21:47:13.516] debug2: Finish processing RPC: REQUEST_PING
[2025-09-15T21:47:13.516] debug2: Finish processing RPC: REQUEST_PING
[2025-09-15T21:50:33.771] debug2: Start processing RPC: REQUEST_PING
[2025-09-15T21:50:33.771] debug2: Processing RPC: REQUEST_PING
[2025-09-15T21:50:33.771] debug2: Start processing RPC: REQUEST_PING
[2025-09-15T21:50:33.771] debug2: Processing RPC: REQUEST_PING
[2025-09-15T21:50:33.771] debug2: Finish processing RPC: REQUEST_PING
[2025-09-15T21:50:33.772] debug2: Finish processing RPC: REQUEST_PING
[2025-09-15T21:53:53.972] debug2: Start processing RPC: REQUEST_NODE_REGISTRATION_STATUS
[2025-09-15T21:53:53.972] debug2: Processing RPC: REQUEST_NODE_REGISTRATION_STATUS
[2025-09-15T21:53:53.972] debug2: Start processing RPC: REQUEST_NODE_REGISTRATION_STATUS
[2025-09-15T21:53:53.972] debug2: Processing RPC: REQUEST_NODE_REGISTRATION_STATUS
[2025-09-15T21:53:53.974] debug:  _handle_node_reg_resp: slurmctld sent back 8 TRES.
[2025-09-15T21:53:53.974] debug2: Finish processing RPC: REQUEST_NODE_REGISTRATION_STATUS
[2025-09-15T21:53:53.974] debug:  _handle_node_reg_resp: slurmctld sent back 8 TRES.
[2025-09-15T21:53:53.974] debug2: Finish processing RPC: REQUEST_NODE_REGISTRATION_STATUS
[2025-09-15T21:57:13.219] debug2: Start processing RPC: REQUEST_PING
[2025-09-15T21:57:13.219] debug2: Start processing RPC: REQUEST_PING
[2025-09-15T21:57:13.219] debug2: Processing RPC: REQUEST_PING
[2025-09-15T21:57:13.219] debug2: Processing RPC: REQUEST_PING
[2025-09-15T21:57:13.220] debug2: Finish processing RPC: REQUEST_PING
[2025-09-15T21:57:13.220] debug2: Finish processing RPC: REQUEST_PING
[2025-09-15T22:00:33.472] debug2: Start processing RPC: REQUEST_PING
[2025-09-15T22:00:33.472] debug2: Processing RPC: REQUEST_PING
[2025-09-15T22:00:33.472] debug2: Start processing RPC: REQUEST_PING
[2025-09-15T22:00:33.472] debug2: Processing RPC: REQUEST_PING
[2025-09-15T22:00:33.473] debug2: Finish processing RPC: REQUEST_PING
[2025-09-15T22:00:33.473] debug2: Finish processing RPC: REQUEST_PING
[2025-09-15T22:03:53.672] debug2: Start processing RPC: REQUEST_PING
[2025-09-15T22:03:53.672] debug2: Processing RPC: REQUEST_PING
[2025-09-15T22:03:53.672] debug2: Start processing RPC: REQUEST_PING
[2025-09-15T22:03:53.672] debug2: Processing RPC: REQUEST_PING
[2025-09-15T22:03:53.672] debug2: Finish processing RPC: REQUEST_PING
[2025-09-15T22:03:53.672] debug2: Finish processing RPC: REQUEST_PING
[2025-09-15T22:07:13.923] debug2: Start processing RPC: REQUEST_PING
[2025-09-15T22:07:13.923] debug2: Processing RPC: REQUEST_PING
[2025-09-15T22:07:13.923] debug2: Start processing RPC: REQUEST_PING
[2025-09-15T22:07:13.923] debug2: Processing RPC: REQUEST_PING
[2025-09-15T22:07:13.923] debug2: Finish processing RPC: REQUEST_PING
[2025-09-15T22:07:13.923] debug2: Finish processing RPC: REQUEST_PING
[2025-09-15T22:10:33.173] debug2: Start processing RPC: REQUEST_PING
[2025-09-15T22:10:33.173] debug2: Processing RPC: REQUEST_PING
[2025-09-15T22:10:33.173] debug2: Start processing RPC: REQUEST_PING
[2025-09-15T22:10:33.173] debug2: Processing RPC: REQUEST_PING
[2025-09-15T22:10:33.173] debug2: Finish processing RPC: REQUEST_PING
[2025-09-15T22:10:33.173] debug2: Finish processing RPC: REQUEST_PING
[2025-09-15T22:13:53.376] debug2: Start processing RPC: REQUEST_PING
[2025-09-15T22:13:53.376] debug2: Processing RPC: REQUEST_PING
[2025-09-15T22:13:53.376] debug2: Start processing RPC: REQUEST_PING
[2025-09-15T22:13:53.376] debug2: Processing RPC: REQUEST_PING
[2025-09-15T22:13:53.376] debug2: Finish processing RPC: REQUEST_PING
[2025-09-15T22:13:53.376] debug2: Finish processing RPC: REQUEST_PING
[2025-09-15T22:17:13.628] debug2: Start processing RPC: REQUEST_PING
[2025-09-15T22:17:13.628] debug2: Processing RPC: REQUEST_PING
[2025-09-15T22:17:13.628] debug2: Start processing RPC: REQUEST_PING
[2025-09-15T22:17:13.628] debug2: Processing RPC: REQUEST_PING
[2025-09-15T22:17:13.628] debug2: Finish processing RPC: REQUEST_PING
[2025-09-15T22:17:13.628] debug2: Finish processing RPC: REQUEST_PING
[2025-09-15T22:20:33.886] debug2: Start processing RPC: REQUEST_PING
[2025-09-15T22:20:33.886] debug2: Processing RPC: REQUEST_PING
[2025-09-15T22:20:33.886] debug2: Start processing RPC: REQUEST_PING
[2025-09-15T22:20:33.886] debug2: Processing RPC: REQUEST_PING
[2025-09-15T22:20:33.887] debug2: Finish processing RPC: REQUEST_PING
[2025-09-15T22:20:33.887] debug2: Finish processing RPC: REQUEST_PING
[2025-09-15T22:23:53.093] debug2: Start processing RPC: REQUEST_PING
[2025-09-15T22:23:53.093] debug2: Processing RPC: REQUEST_PING
[2025-09-15T22:23:53.093] debug2: Start processing RPC: REQUEST_PING
[2025-09-15T22:23:53.093] debug2: Processing RPC: REQUEST_PING
[2025-09-15T22:23:53.093] debug2: Finish processing RPC: REQUEST_PING
[2025-09-15T22:23:53.093] debug2: Finish processing RPC: REQUEST_PING
[2025-09-15T22:27:13.350] debug2: Start processing RPC: REQUEST_NODE_REGISTRATION_STATUS
[2025-09-15T22:27:13.350] debug2: Start processing RPC: REQUEST_NODE_REGISTRATION_STATUS
[2025-09-15T22:27:13.350] debug2: Processing RPC: REQUEST_NODE_REGISTRATION_STATUS
[2025-09-15T22:27:13.350] debug2: Processing RPC: REQUEST_NODE_REGISTRATION_STATUS
[2025-09-15T22:27:13.352] debug:  _handle_node_reg_resp: slurmctld sent back 8 TRES.
[2025-09-15T22:27:13.352] debug:  _handle_node_reg_resp: slurmctld sent back 8 TRES.
[2025-09-15T22:27:13.352] debug2: Finish processing RPC: REQUEST_NODE_REGISTRATION_STATUS
[2025-09-15T22:27:13.352] debug2: Finish processing RPC: REQUEST_NODE_REGISTRATION_STATUS
[2025-09-15T22:30:33.615] debug2: Start processing RPC: REQUEST_PING
[2025-09-15T22:30:33.615] debug2: Start processing RPC: REQUEST_PING
[2025-09-15T22:30:33.615] debug2: Processing RPC: REQUEST_PING
[2025-09-15T22:30:33.615] debug2: Processing RPC: REQUEST_PING
[2025-09-15T22:30:33.615] debug2: Finish processing RPC: REQUEST_PING
[2025-09-15T22:30:33.616] debug2: Finish processing RPC: REQUEST_PING
[2025-09-15T22:33:53.818] debug2: Start processing RPC: REQUEST_PING
[2025-09-15T22:33:53.818] debug2: Start processing RPC: REQUEST_PING
[2025-09-15T22:33:53.818] debug2: Processing RPC: REQUEST_PING
[2025-09-15T22:33:53.818] debug2: Processing RPC: REQUEST_PING
[2025-09-15T22:33:53.818] debug2: Finish processing RPC: REQUEST_PING
[2025-09-15T22:33:53.818] debug2: Finish processing RPC: REQUEST_PING
[2025-09-15T22:37:13.062] debug2: Start processing RPC: REQUEST_PING
[2025-09-15T22:37:13.062] debug2: Start processing RPC: REQUEST_PING
[2025-09-15T22:37:13.062] debug2: Processing RPC: REQUEST_PING
[2025-09-15T22:37:13.062] debug2: Processing RPC: REQUEST_PING
[2025-09-15T22:37:13.062] debug2: Finish processing RPC: REQUEST_PING
[2025-09-15T22:37:13.062] debug2: Finish processing RPC: REQUEST_PING
[2025-09-15T22:40:33.319] debug2: Start processing RPC: REQUEST_PING
[2025-09-15T22:40:33.319] debug2: Processing RPC: REQUEST_PING
[2025-09-15T22:40:33.319] debug2: Start processing RPC: REQUEST_PING
[2025-09-15T22:40:33.319] debug2: Processing RPC: REQUEST_PING
[2025-09-15T22:40:33.320] debug2: Finish processing RPC: REQUEST_PING
[2025-09-15T22:40:33.320] debug2: Finish processing RPC: REQUEST_PING
[2025-09-15T22:43:53.524] debug2: Start processing RPC: REQUEST_PING
[2025-09-15T22:43:53.524] debug2: Start processing RPC: REQUEST_PING
[2025-09-15T22:43:53.524] debug2: Processing RPC: REQUEST_PING
[2025-09-15T22:43:53.524] debug2: Processing RPC: REQUEST_PING
[2025-09-15T22:43:53.525] debug2: Finish processing RPC: REQUEST_PING
[2025-09-15T22:43:53.525] debug2: Finish processing RPC: REQUEST_PING
[2025-09-15T22:47:13.783] debug2: Start processing RPC: REQUEST_PING
[2025-09-15T22:47:13.783] debug2: Start processing RPC: REQUEST_PING
[2025-09-15T22:47:13.783] debug2: Processing RPC: REQUEST_PING
[2025-09-15T22:47:13.783] debug2: Processing RPC: REQUEST_PING
[2025-09-15T22:47:13.783] debug2: Finish processing RPC: REQUEST_PING
[2025-09-15T22:47:13.783] debug2: Finish processing RPC: REQUEST_PING
[2025-09-15T22:50:33.031] debug2: Start processing RPC: REQUEST_PING
[2025-09-15T22:50:33.031] debug2: Start processing RPC: REQUEST_PING
[2025-09-15T22:50:33.031] debug2: Processing RPC: REQUEST_PING
[2025-09-15T22:50:33.031] debug2: Processing RPC: REQUEST_PING
[2025-09-15T22:50:33.031] debug2: Finish processing RPC: REQUEST_PING
[2025-09-15T22:50:33.031] debug2: Finish processing RPC: REQUEST_PING
[2025-09-15T22:53:53.231] debug2: Start processing RPC: REQUEST_PING
[2025-09-15T22:53:53.231] debug2: Processing RPC: REQUEST_PING
[2025-09-15T22:53:53.231] debug2: Start processing RPC: REQUEST_PING
[2025-09-15T22:53:53.231] debug2: Processing RPC: REQUEST_PING
[2025-09-15T22:53:53.231] debug2: Finish processing RPC: REQUEST_PING
[2025-09-15T22:53:53.231] debug2: Finish processing RPC: REQUEST_PING
[2025-09-15T22:57:13.485] debug2: Start processing RPC: REQUEST_PING
[2025-09-15T22:57:13.485] debug2: Start processing RPC: REQUEST_PING
[2025-09-15T22:57:13.485] debug2: Processing RPC: REQUEST_PING
[2025-09-15T22:57:13.485] debug2: Processing RPC: REQUEST_PING
[2025-09-15T22:57:13.485] debug2: Finish processing RPC: REQUEST_PING
[2025-09-15T22:57:13.485] debug2: Finish processing RPC: REQUEST_PING
[2025-09-15T23:00:33.735] debug2: Start processing RPC: REQUEST_NODE_REGISTRATION_STATUS
[2025-09-15T23:00:33.735] debug2: Start processing RPC: REQUEST_NODE_REGISTRATION_STATUS
[2025-09-15T23:00:33.735] debug2: Processing RPC: REQUEST_NODE_REGISTRATION_STATUS
[2025-09-15T23:00:33.735] debug2: Processing RPC: REQUEST_NODE_REGISTRATION_STATUS
[2025-09-15T23:00:33.737] debug:  _handle_node_reg_resp: slurmctld sent back 8 TRES.
[2025-09-15T23:00:33.737] debug:  _handle_node_reg_resp: slurmctld sent back 8 TRES.
[2025-09-15T23:00:33.737] debug2: Finish processing RPC: REQUEST_NODE_REGISTRATION_STATUS
[2025-09-15T23:00:33.737] debug2: Finish processing RPC: REQUEST_NODE_REGISTRATION_STATUS
[2025-09-15T23:03:53.930] debug2: Start processing RPC: REQUEST_PING
[2025-09-15T23:03:53.930] debug2: Processing RPC: REQUEST_PING
[2025-09-15T23:03:53.930] debug2: Start processing RPC: REQUEST_PING
[2025-09-15T23:03:53.930] debug2: Processing RPC: REQUEST_PING
[2025-09-15T23:03:53.931] debug2: Finish processing RPC: REQUEST_PING
[2025-09-15T23:03:53.931] debug2: Finish processing RPC: REQUEST_PING
[2025-09-15T23:07:13.177] debug2: Start processing RPC: REQUEST_PING
[2025-09-15T23:07:13.177] debug2: Start processing RPC: REQUEST_PING
[2025-09-15T23:07:13.177] debug2: Processing RPC: REQUEST_PING
[2025-09-15T23:07:13.177] debug2: Processing RPC: REQUEST_PING
[2025-09-15T23:07:13.177] debug2: Finish processing RPC: REQUEST_PING
[2025-09-15T23:07:13.178] debug2: Finish processing RPC: REQUEST_PING
[2025-09-15T23:10:33.418] debug2: Start processing RPC: REQUEST_PING
[2025-09-15T23:10:33.418] debug2: Start processing RPC: REQUEST_PING
[2025-09-15T23:10:33.418] debug2: Processing RPC: REQUEST_PING
[2025-09-15T23:10:33.418] debug2: Processing RPC: REQUEST_PING
[2025-09-15T23:10:33.419] debug2: Finish processing RPC: REQUEST_PING
[2025-09-15T23:10:33.419] debug2: Finish processing RPC: REQUEST_PING
[2025-09-15T23:13:53.616] debug2: Start processing RPC: REQUEST_PING
[2025-09-15T23:13:53.616] debug2: Start processing RPC: REQUEST_PING
[2025-09-15T23:13:53.616] debug2: Processing RPC: REQUEST_PING
[2025-09-15T23:13:53.616] debug2: Processing RPC: REQUEST_PING
[2025-09-15T23:13:53.617] debug2: Finish processing RPC: REQUEST_PING
[2025-09-15T23:13:53.617] debug2: Finish processing RPC: REQUEST_PING
[2025-09-15T23:17:13.871] debug2: Start processing RPC: REQUEST_PING
[2025-09-15T23:17:13.871] debug2: Start processing RPC: REQUEST_PING
[2025-09-15T23:17:13.871] debug2: Processing RPC: REQUEST_PING
[2025-09-15T23:17:13.871] debug2: Processing RPC: REQUEST_PING
[2025-09-15T23:17:13.872] debug2: Finish processing RPC: REQUEST_PING
[2025-09-15T23:17:13.872] debug2: Finish processing RPC: REQUEST_PING
[2025-09-15T23:20:33.127] debug2: Start processing RPC: REQUEST_PING
[2025-09-15T23:20:33.127] debug2: Processing RPC: REQUEST_PING
[2025-09-15T23:20:33.127] debug2: Start processing RPC: REQUEST_PING
[2025-09-15T23:20:33.127] debug2: Processing RPC: REQUEST_PING
[2025-09-15T23:20:33.127] debug2: Finish processing RPC: REQUEST_PING
[2025-09-15T23:20:33.127] debug2: Finish processing RPC: REQUEST_PING
[2025-09-15T23:23:53.322] debug2: Start processing RPC: REQUEST_PING
[2025-09-15T23:23:53.322] debug2: Start processing RPC: REQUEST_PING
[2025-09-15T23:23:53.322] debug2: Processing RPC: REQUEST_PING
[2025-09-15T23:23:53.322] debug2: Processing RPC: REQUEST_PING
[2025-09-15T23:23:53.322] debug2: Finish processing RPC: REQUEST_PING
[2025-09-15T23:23:53.322] debug2: Finish processing RPC: REQUEST_PING
[2025-09-15T23:27:13.579] debug2: Start processing RPC: REQUEST_PING
[2025-09-15T23:27:13.579] debug2: Start processing RPC: REQUEST_PING
[2025-09-15T23:27:13.579] debug2: Processing RPC: REQUEST_PING
[2025-09-15T23:27:13.579] debug2: Processing RPC: REQUEST_PING
[2025-09-15T23:27:13.580] debug2: Finish processing RPC: REQUEST_PING
[2025-09-15T23:27:13.580] debug2: Finish processing RPC: REQUEST_PING
[2025-09-15T23:30:33.834] debug2: Start processing RPC: REQUEST_PING
[2025-09-15T23:30:33.834] debug2: Processing RPC: REQUEST_PING
[2025-09-15T23:30:33.834] debug2: Start processing RPC: REQUEST_PING
[2025-09-15T23:30:33.834] debug2: Processing RPC: REQUEST_PING
[2025-09-15T23:30:33.834] debug2: Finish processing RPC: REQUEST_PING
[2025-09-15T23:30:33.834] debug2: Finish processing RPC: REQUEST_PING
[2025-09-15T23:33:53.035] debug2: Start processing RPC: REQUEST_NODE_REGISTRATION_STATUS
[2025-09-15T23:33:53.035] debug2: Processing RPC: REQUEST_NODE_REGISTRATION_STATUS
[2025-09-15T23:33:53.035] debug2: Start processing RPC: REQUEST_NODE_REGISTRATION_STATUS
[2025-09-15T23:33:53.035] debug2: Processing RPC: REQUEST_NODE_REGISTRATION_STATUS
[2025-09-15T23:33:53.037] debug:  _handle_node_reg_resp: slurmctld sent back 8 TRES.
[2025-09-15T23:33:53.037] debug:  _handle_node_reg_resp: slurmctld sent back 8 TRES.
[2025-09-15T23:33:53.037] debug2: Finish processing RPC: REQUEST_NODE_REGISTRATION_STATUS
[2025-09-15T23:33:53.037] debug2: Finish processing RPC: REQUEST_NODE_REGISTRATION_STATUS
[2025-09-15T23:37:13.286] debug2: Start processing RPC: REQUEST_PING
[2025-09-15T23:37:13.286] debug2: Processing RPC: REQUEST_PING
[2025-09-15T23:37:13.286] debug2: Start processing RPC: REQUEST_PING
[2025-09-15T23:37:13.286] debug2: Processing RPC: REQUEST_PING
[2025-09-15T23:37:13.286] debug2: Finish processing RPC: REQUEST_PING
[2025-09-15T23:37:13.286] debug2: Finish processing RPC: REQUEST_PING
[2025-09-15T23:40:33.530] debug2: Start processing RPC: REQUEST_PING
[2025-09-15T23:40:33.530] debug2: Processing RPC: REQUEST_PING
[2025-09-15T23:40:33.530] debug2: Start processing RPC: REQUEST_PING
[2025-09-15T23:40:33.530] debug2: Processing RPC: REQUEST_PING
[2025-09-15T23:40:33.531] debug2: Finish processing RPC: REQUEST_PING
[2025-09-15T23:40:33.531] debug2: Finish processing RPC: REQUEST_PING
[2025-09-15T23:43:53.722] debug2: Start processing RPC: REQUEST_PING
[2025-09-15T23:43:53.722] debug2: Processing RPC: REQUEST_PING
[2025-09-15T23:43:53.722] debug2: Start processing RPC: REQUEST_PING
[2025-09-15T23:43:53.722] debug2: Processing RPC: REQUEST_PING
[2025-09-15T23:43:53.722] debug2: Finish processing RPC: REQUEST_PING
[2025-09-15T23:43:53.722] debug2: Finish processing RPC: REQUEST_PING
[2025-09-15T23:47:13.973] debug2: Start processing RPC: REQUEST_PING
[2025-09-15T23:47:13.973] debug2: Start processing RPC: REQUEST_PING
[2025-09-15T23:47:13.973] debug2: Processing RPC: REQUEST_PING
[2025-09-15T23:47:13.973] debug2: Processing RPC: REQUEST_PING
[2025-09-15T23:47:13.973] debug2: Finish processing RPC: REQUEST_PING
[2025-09-15T23:47:13.973] debug2: Finish processing RPC: REQUEST_PING
[2025-09-15T23:50:33.223] debug2: Start processing RPC: REQUEST_PING
[2025-09-15T23:50:33.223] debug2: Start processing RPC: REQUEST_PING
[2025-09-15T23:50:33.223] debug2: Processing RPC: REQUEST_PING
[2025-09-15T23:50:33.223] debug2: Processing RPC: REQUEST_PING
[2025-09-15T23:50:33.223] debug2: Finish processing RPC: REQUEST_PING
[2025-09-15T23:50:33.223] debug2: Finish processing RPC: REQUEST_PING
[2025-09-15T23:53:53.415] debug2: Start processing RPC: REQUEST_PING
[2025-09-15T23:53:53.415] debug2: Start processing RPC: REQUEST_PING
[2025-09-15T23:53:53.415] debug2: Processing RPC: REQUEST_PING
[2025-09-15T23:53:53.415] debug2: Processing RPC: REQUEST_PING
[2025-09-15T23:53:53.415] debug2: Finish processing RPC: REQUEST_PING
[2025-09-15T23:53:53.415] debug2: Finish processing RPC: REQUEST_PING
[2025-09-15T23:57:13.665] debug2: Start processing RPC: REQUEST_PING
[2025-09-15T23:57:13.665] debug2: Processing RPC: REQUEST_PING
[2025-09-15T23:57:13.665] debug2: Start processing RPC: REQUEST_PING
[2025-09-15T23:57:13.665] debug2: Processing RPC: REQUEST_PING
[2025-09-15T23:57:13.665] debug2: Finish processing RPC: REQUEST_PING
[2025-09-15T23:57:13.665] debug2: Finish processing RPC: REQUEST_PING
[2025-09-16T00:00:33.920] debug2: Start processing RPC: REQUEST_PING
[2025-09-16T00:00:33.920] debug2: Start processing RPC: REQUEST_PING
[2025-09-16T00:00:33.920] debug2: Processing RPC: REQUEST_PING
[2025-09-16T00:00:33.920] debug2: Processing RPC: REQUEST_PING
[2025-09-16T00:00:33.920] debug2: Finish processing RPC: REQUEST_PING
[2025-09-16T00:00:33.920] debug2: Finish processing RPC: REQUEST_PING
[2025-09-16T00:03:53.120] debug2: Start processing RPC: REQUEST_PING
[2025-09-16T00:03:53.120] debug2: Processing RPC: REQUEST_PING
[2025-09-16T00:03:53.120] debug2: Start processing RPC: REQUEST_PING
[2025-09-16T00:03:53.120] debug2: Processing RPC: REQUEST_PING
[2025-09-16T00:03:53.120] debug2: Finish processing RPC: REQUEST_PING
[2025-09-16T00:03:53.121] debug2: Finish processing RPC: REQUEST_PING
[2025-09-16T00:07:13.376] debug2: Start processing RPC: REQUEST_NODE_REGISTRATION_STATUS
[2025-09-16T00:07:13.376] debug2: Start processing RPC: REQUEST_NODE_REGISTRATION_STATUS
[2025-09-16T00:07:13.376] debug2: Processing RPC: REQUEST_NODE_REGISTRATION_STATUS
[2025-09-16T00:07:13.376] debug2: Processing RPC: REQUEST_NODE_REGISTRATION_STATUS
[2025-09-16T00:07:13.378] debug:  _handle_node_reg_resp: slurmctld sent back 8 TRES.
[2025-09-16T00:07:13.378] debug:  _handle_node_reg_resp: slurmctld sent back 8 TRES.
[2025-09-16T00:07:13.378] debug2: Finish processing RPC: REQUEST_NODE_REGISTRATION_STATUS
[2025-09-16T00:07:13.378] debug2: Finish processing RPC: REQUEST_NODE_REGISTRATION_STATUS
[2025-09-16T00:10:33.632] debug2: Start processing RPC: REQUEST_PING
[2025-09-16T00:10:33.632] debug2: Start processing RPC: REQUEST_PING
[2025-09-16T00:10:33.632] debug2: Processing RPC: REQUEST_PING
[2025-09-16T00:10:33.632] debug2: Processing RPC: REQUEST_PING
[2025-09-16T00:10:33.633] debug2: Finish processing RPC: REQUEST_PING
[2025-09-16T00:10:33.633] debug2: Finish processing RPC: REQUEST_PING
[2025-09-16T00:13:53.831] debug2: Start processing RPC: REQUEST_PING
[2025-09-16T00:13:53.831] debug2: Start processing RPC: REQUEST_PING
[2025-09-16T00:13:53.831] debug2: Processing RPC: REQUEST_PING
[2025-09-16T00:13:53.831] debug2: Processing RPC: REQUEST_PING
[2025-09-16T00:13:53.831] debug2: Finish processing RPC: REQUEST_PING
[2025-09-16T00:13:53.831] debug2: Finish processing RPC: REQUEST_PING
[2025-09-16T00:17:13.091] debug2: Start processing RPC: REQUEST_PING
[2025-09-16T00:17:13.091] debug2: Start processing RPC: REQUEST_PING
[2025-09-16T00:17:13.091] debug2: Processing RPC: REQUEST_PING
[2025-09-16T00:17:13.091] debug2: Processing RPC: REQUEST_PING
[2025-09-16T00:17:13.091] debug2: Finish processing RPC: REQUEST_PING
[2025-09-16T00:17:13.091] debug2: Finish processing RPC: REQUEST_PING
[2025-09-16T00:20:33.338] debug2: Start processing RPC: REQUEST_PING
[2025-09-16T00:20:33.339] debug2: Start processing RPC: REQUEST_PING
[2025-09-16T00:20:33.339] debug2: Processing RPC: REQUEST_PING
[2025-09-16T00:20:33.339] debug2: Processing RPC: REQUEST_PING
[2025-09-16T00:20:33.339] debug2: Finish processing RPC: REQUEST_PING
[2025-09-16T00:20:33.339] debug2: Finish processing RPC: REQUEST_PING
[2025-09-16T00:23:53.537] debug2: Start processing RPC: REQUEST_PING
[2025-09-16T00:23:53.537] debug2: Start processing RPC: REQUEST_PING
[2025-09-16T00:23:53.537] debug2: Processing RPC: REQUEST_PING
[2025-09-16T00:23:53.537] debug2: Processing RPC: REQUEST_PING
[2025-09-16T00:23:53.537] debug2: Finish processing RPC: REQUEST_PING
[2025-09-16T00:23:53.537] debug2: Finish processing RPC: REQUEST_PING
[2025-09-16T00:27:13.790] debug2: Start processing RPC: REQUEST_PING
[2025-09-16T00:27:13.790] debug2: Start processing RPC: REQUEST_PING
[2025-09-16T00:27:13.790] debug2: Processing RPC: REQUEST_PING
[2025-09-16T00:27:13.790] debug2: Processing RPC: REQUEST_PING
[2025-09-16T00:27:13.791] debug2: Finish processing RPC: REQUEST_PING
[2025-09-16T00:27:13.791] debug2: Finish processing RPC: REQUEST_PING
[2025-09-16T00:30:33.043] debug2: Start processing RPC: REQUEST_PING
[2025-09-16T00:30:33.043] debug2: Processing RPC: REQUEST_PING
[2025-09-16T00:30:33.043] debug2: Start processing RPC: REQUEST_PING
[2025-09-16T00:30:33.043] debug2: Processing RPC: REQUEST_PING
[2025-09-16T00:30:33.044] debug2: Finish processing RPC: REQUEST_PING
[2025-09-16T00:30:33.044] debug2: Finish processing RPC: REQUEST_PING
[2025-09-16T00:33:53.386] debug2: Start processing RPC: REQUEST_PING
[2025-09-16T00:33:53.386] debug2: Processing RPC: REQUEST_PING
[2025-09-16T00:33:53.386] debug2: Start processing RPC: REQUEST_PING
[2025-09-16T00:33:53.386] debug2: Processing RPC: REQUEST_PING
[2025-09-16T00:33:53.386] debug2: Finish processing RPC: REQUEST_PING
[2025-09-16T00:33:53.386] debug2: Finish processing RPC: REQUEST_PING
[2025-09-16T00:37:13.506] debug2: Start processing RPC: REQUEST_PING
[2025-09-16T00:37:13.506] debug2: Processing RPC: REQUEST_PING
[2025-09-16T00:37:13.506] debug2: Start processing RPC: REQUEST_PING
[2025-09-16T00:37:13.506] debug2: Processing RPC: REQUEST_PING
[2025-09-16T00:37:13.507] debug2: Finish processing RPC: REQUEST_PING
[2025-09-16T00:37:13.507] debug2: Finish processing RPC: REQUEST_PING
[2025-09-16T00:40:33.291] debug2: Start processing RPC: REQUEST_NODE_REGISTRATION_STATUS
[2025-09-16T00:40:33.291] debug2: Start processing RPC: REQUEST_NODE_REGISTRATION_STATUS
[2025-09-16T00:40:33.291] debug2: Processing RPC: REQUEST_NODE_REGISTRATION_STATUS
[2025-09-16T00:40:33.291] debug2: Processing RPC: REQUEST_NODE_REGISTRATION_STATUS
[2025-09-16T00:40:33.293] debug:  _handle_node_reg_resp: slurmctld sent back 8 TRES.
[2025-09-16T00:40:33.293] debug2: Finish processing RPC: REQUEST_NODE_REGISTRATION_STATUS
[2025-09-16T00:40:33.293] debug:  _handle_node_reg_resp: slurmctld sent back 8 TRES.
[2025-09-16T00:40:33.294] debug2: Finish processing RPC: REQUEST_NODE_REGISTRATION_STATUS
[2025-09-16T00:43:53.045] debug2: Start processing RPC: REQUEST_PING
[2025-09-16T00:43:53.046] debug2: Processing RPC: REQUEST_PING
[2025-09-16T00:43:53.046] debug2: Start processing RPC: REQUEST_PING
[2025-09-16T00:43:53.046] debug2: Processing RPC: REQUEST_PING
[2025-09-16T00:43:53.046] debug2: Finish processing RPC: REQUEST_PING
[2025-09-16T00:43:53.046] debug2: Finish processing RPC: REQUEST_PING
[2025-09-16T00:47:13.218] debug2: Start processing RPC: REQUEST_PING
[2025-09-16T00:47:13.218] debug2: Start processing RPC: REQUEST_PING
[2025-09-16T00:47:13.218] debug2: Processing RPC: REQUEST_PING
[2025-09-16T00:47:13.218] debug2: Processing RPC: REQUEST_PING
[2025-09-16T00:47:13.218] debug2: Finish processing RPC: REQUEST_PING
[2025-09-16T00:47:13.218] debug2: Finish processing RPC: REQUEST_PING
[2025-09-16T00:50:33.058] debug2: Start processing RPC: REQUEST_PING
[2025-09-16T00:50:33.058] debug2: Processing RPC: REQUEST_PING
[2025-09-16T00:50:33.058] debug2: Start processing RPC: REQUEST_PING
[2025-09-16T00:50:33.058] debug2: Processing RPC: REQUEST_PING
[2025-09-16T00:50:33.058] debug2: Finish processing RPC: REQUEST_PING
[2025-09-16T00:50:33.058] debug2: Finish processing RPC: REQUEST_PING
[2025-09-16T00:53:53.740] debug2: Start processing RPC: REQUEST_PING
[2025-09-16T00:53:53.740] debug2: Start processing RPC: REQUEST_PING
[2025-09-16T00:53:53.740] debug2: Processing RPC: REQUEST_PING
[2025-09-16T00:53:53.740] debug2: Processing RPC: REQUEST_PING
[2025-09-16T00:53:53.741] debug2: Finish processing RPC: REQUEST_PING
[2025-09-16T00:53:53.741] debug2: Finish processing RPC: REQUEST_PING
[2025-09-16T00:57:13.137] debug2: Start processing RPC: REQUEST_PING
[2025-09-16T00:57:13.137] debug2: Processing RPC: REQUEST_PING
[2025-09-16T00:57:13.137] debug2: Start processing RPC: REQUEST_PING
[2025-09-16T00:57:13.137] debug2: Processing RPC: REQUEST_PING
[2025-09-16T00:57:13.137] debug2: Finish processing RPC: REQUEST_PING
[2025-09-16T00:57:13.137] debug2: Finish processing RPC: REQUEST_PING
[2025-09-16T01:00:33.865] debug2: Start processing RPC: REQUEST_PING
[2025-09-16T01:00:33.865] debug2: Start processing RPC: REQUEST_PING
[2025-09-16T01:00:33.865] debug2: Processing RPC: REQUEST_PING
[2025-09-16T01:00:33.865] debug2: Processing RPC: REQUEST_PING
[2025-09-16T01:00:33.866] debug2: Finish processing RPC: REQUEST_PING
[2025-09-16T01:00:33.866] debug2: Finish processing RPC: REQUEST_PING
[2025-09-16T01:03:53.976] debug2: Start processing RPC: REQUEST_PING
[2025-09-16T01:03:53.976] debug2: Start processing RPC: REQUEST_PING
[2025-09-16T01:03:53.976] debug2: Processing RPC: REQUEST_PING
[2025-09-16T01:03:53.976] debug2: Processing RPC: REQUEST_PING
[2025-09-16T01:03:53.976] debug2: Finish processing RPC: REQUEST_PING
[2025-09-16T01:03:53.976] debug2: Finish processing RPC: REQUEST_PING
[2025-09-16T01:07:13.586] debug2: Start processing RPC: REQUEST_PING
[2025-09-16T01:07:13.586] debug2: Processing RPC: REQUEST_PING
[2025-09-16T01:07:13.586] debug2: Start processing RPC: REQUEST_PING
[2025-09-16T01:07:13.586] debug2: Processing RPC: REQUEST_PING
[2025-09-16T01:07:13.586] debug2: Finish processing RPC: REQUEST_PING
[2025-09-16T01:07:13.587] debug2: Finish processing RPC: REQUEST_PING
[2025-09-16T01:10:33.171] debug2: Start processing RPC: REQUEST_PING
[2025-09-16T01:10:33.171] debug2: Start processing RPC: REQUEST_PING
[2025-09-16T01:10:33.171] debug2: Processing RPC: REQUEST_PING
[2025-09-16T01:10:33.171] debug2: Processing RPC: REQUEST_PING
[2025-09-16T01:10:33.171] debug2: Finish processing RPC: REQUEST_PING
[2025-09-16T01:10:33.171] debug2: Finish processing RPC: REQUEST_PING
[2025-09-16T01:13:53.110] debug2: Start processing RPC: REQUEST_NODE_REGISTRATION_STATUS
[2025-09-16T01:13:53.110] debug2: Processing RPC: REQUEST_NODE_REGISTRATION_STATUS
[2025-09-16T01:13:53.110] debug2: Start processing RPC: REQUEST_NODE_REGISTRATION_STATUS
[2025-09-16T01:13:53.110] debug2: Processing RPC: REQUEST_NODE_REGISTRATION_STATUS
[2025-09-16T01:13:53.113] debug:  _handle_node_reg_resp: slurmctld sent back 8 TRES.
[2025-09-16T01:13:53.113] debug:  _handle_node_reg_resp: slurmctld sent back 8 TRES.
[2025-09-16T01:13:53.113] debug2: Finish processing RPC: REQUEST_NODE_REGISTRATION_STATUS
[2025-09-16T01:13:53.113] debug2: Finish processing RPC: REQUEST_NODE_REGISTRATION_STATUS
[2025-09-16T01:17:13.498] debug2: Start processing RPC: REQUEST_PING
[2025-09-16T01:17:13.498] debug2: Processing RPC: REQUEST_PING
[2025-09-16T01:17:13.498] debug2: Start processing RPC: REQUEST_PING
[2025-09-16T01:17:13.498] debug2: Processing RPC: REQUEST_PING
[2025-09-16T01:17:13.498] debug2: Finish processing RPC: REQUEST_PING
[2025-09-16T01:17:13.498] debug2: Finish processing RPC: REQUEST_PING
[2025-09-16T01:20:33.146] debug2: Start processing RPC: REQUEST_PING
[2025-09-16T01:20:33.146] debug2: Processing RPC: REQUEST_PING
[2025-09-16T01:20:33.146] debug2: Start processing RPC: REQUEST_PING
[2025-09-16T01:20:33.146] debug2: Processing RPC: REQUEST_PING
[2025-09-16T01:20:33.146] debug2: Finish processing RPC: REQUEST_PING
[2025-09-16T01:20:33.146] debug2: Finish processing RPC: REQUEST_PING
[2025-09-16T01:23:53.109] debug2: Start processing RPC: REQUEST_PING
[2025-09-16T01:23:53.109] debug2: Start processing RPC: REQUEST_PING
[2025-09-16T01:23:53.109] debug2: Processing RPC: REQUEST_PING
[2025-09-16T01:23:53.109] debug2: Processing RPC: REQUEST_PING
[2025-09-16T01:23:53.110] debug2: Finish processing RPC: REQUEST_PING
[2025-09-16T01:23:53.110] debug2: Finish processing RPC: REQUEST_PING
[2025-09-16T01:27:13.599] debug2: Start processing RPC: REQUEST_PING
[2025-09-16T01:27:13.599] debug2: Start processing RPC: REQUEST_PING
[2025-09-16T01:27:13.599] debug2: Processing RPC: REQUEST_PING
[2025-09-16T01:27:13.599] debug2: Processing RPC: REQUEST_PING
[2025-09-16T01:27:13.600] debug2: Finish processing RPC: REQUEST_PING
[2025-09-16T01:27:13.600] debug2: Finish processing RPC: REQUEST_PING
[2025-09-16T01:30:33.226] debug2: Start processing RPC: REQUEST_PING
[2025-09-16T01:30:33.226] debug2: Processing RPC: REQUEST_PING
[2025-09-16T01:30:33.226] debug2: Start processing RPC: REQUEST_PING
[2025-09-16T01:30:33.226] debug2: Processing RPC: REQUEST_PING
[2025-09-16T01:30:33.226] debug2: Finish processing RPC: REQUEST_PING
[2025-09-16T01:30:33.226] debug2: Finish processing RPC: REQUEST_PING
[2025-09-16T01:33:53.410] debug2: Start processing RPC: REQUEST_PING
[2025-09-16T01:33:53.410] debug2: Processing RPC: REQUEST_PING
[2025-09-16T01:33:53.410] debug2: Start processing RPC: REQUEST_PING
[2025-09-16T01:33:53.410] debug2: Processing RPC: REQUEST_PING
[2025-09-16T01:33:53.411] debug2: Finish processing RPC: REQUEST_PING
[2025-09-16T01:33:53.411] debug2: Finish processing RPC: REQUEST_PING
[2025-09-16T01:37:13.741] debug2: Start processing RPC: REQUEST_PING
[2025-09-16T01:37:13.741] debug2: Processing RPC: REQUEST_PING
[2025-09-16T01:37:13.741] debug2: Start processing RPC: REQUEST_PING
[2025-09-16T01:37:13.741] debug2: Processing RPC: REQUEST_PING
[2025-09-16T01:37:13.742] debug2: Finish processing RPC: REQUEST_PING
[2025-09-16T01:37:13.742] debug2: Finish processing RPC: REQUEST_PING
[2025-09-16T01:40:33.077] debug2: Start processing RPC: REQUEST_PING
[2025-09-16T01:40:33.077] debug2: Start processing RPC: REQUEST_PING
[2025-09-16T01:40:33.077] debug2: Processing RPC: REQUEST_PING
[2025-09-16T01:40:33.077] debug2: Processing RPC: REQUEST_PING
[2025-09-16T01:40:33.077] debug2: Finish processing RPC: REQUEST_PING
[2025-09-16T01:40:33.077] debug2: Finish processing RPC: REQUEST_PING
[2025-09-16T01:43:53.062] debug2: Start processing RPC: REQUEST_PING
[2025-09-16T01:43:53.062] debug2: Start processing RPC: REQUEST_PING
[2025-09-16T01:43:53.062] debug2: Processing RPC: REQUEST_PING
[2025-09-16T01:43:53.062] debug2: Processing RPC: REQUEST_PING
[2025-09-16T01:43:53.063] debug2: Finish processing RPC: REQUEST_PING
[2025-09-16T01:43:53.063] debug2: Finish processing RPC: REQUEST_PING
[2025-09-16T01:47:13.595] debug2: Start processing RPC: REQUEST_NODE_REGISTRATION_STATUS
[2025-09-16T01:47:13.595] debug2: Start processing RPC: REQUEST_NODE_REGISTRATION_STATUS
[2025-09-16T01:47:13.595] debug2: Processing RPC: REQUEST_NODE_REGISTRATION_STATUS
[2025-09-16T01:47:13.595] debug2: Processing RPC: REQUEST_NODE_REGISTRATION_STATUS
[2025-09-16T01:47:13.598] debug:  _handle_node_reg_resp: slurmctld sent back 8 TRES.
[2025-09-16T01:47:13.598] debug2: Finish processing RPC: REQUEST_NODE_REGISTRATION_STATUS
[2025-09-16T01:47:13.598] debug:  _handle_node_reg_resp: slurmctld sent back 8 TRES.
[2025-09-16T01:47:13.599] debug2: Finish processing RPC: REQUEST_NODE_REGISTRATION_STATUS
[2025-09-16T01:50:33.138] debug2: Start processing RPC: REQUEST_PING
[2025-09-16T01:50:33.138] debug2: Start processing RPC: REQUEST_PING
[2025-09-16T01:50:33.138] debug2: Processing RPC: REQUEST_PING
[2025-09-16T01:50:33.138] debug2: Processing RPC: REQUEST_PING
[2025-09-16T01:50:33.139] debug2: Finish processing RPC: REQUEST_PING
[2025-09-16T01:50:33.139] debug2: Finish processing RPC: REQUEST_PING
[2025-09-16T01:53:53.261] debug2: Start processing RPC: REQUEST_PING
[2025-09-16T01:53:53.261] debug2: Start processing RPC: REQUEST_PING
[2025-09-16T01:53:53.262] debug2: Processing RPC: REQUEST_PING
[2025-09-16T01:53:53.262] debug2: Processing RPC: REQUEST_PING
[2025-09-16T01:53:53.262] debug2: Finish processing RPC: REQUEST_PING
[2025-09-16T01:53:53.262] debug2: Finish processing RPC: REQUEST_PING
[2025-09-16T01:57:13.970] debug2: Start processing RPC: REQUEST_PING
[2025-09-16T01:57:13.970] debug2: Start processing RPC: REQUEST_PING
[2025-09-16T01:57:13.970] debug2: Processing RPC: REQUEST_PING
[2025-09-16T01:57:13.970] debug2: Processing RPC: REQUEST_PING
[2025-09-16T01:57:13.971] debug2: Finish processing RPC: REQUEST_PING
[2025-09-16T01:57:13.971] debug2: Finish processing RPC: REQUEST_PING
[2025-09-16T02:00:33.500] debug2: Start processing RPC: REQUEST_PING
[2025-09-16T02:00:33.500] debug2: Start processing RPC: REQUEST_PING
[2025-09-16T02:00:33.501] debug2: Processing RPC: REQUEST_PING
[2025-09-16T02:00:33.501] debug2: Processing RPC: REQUEST_PING
[2025-09-16T02:00:33.501] debug2: Finish processing RPC: REQUEST_PING
[2025-09-16T02:00:33.501] debug2: Finish processing RPC: REQUEST_PING
[2025-09-16T02:03:53.399] debug2: Start processing RPC: REQUEST_PING
[2025-09-16T02:03:53.399] debug2: Start processing RPC: REQUEST_PING
[2025-09-16T02:03:53.400] debug2: Processing RPC: REQUEST_PING
[2025-09-16T02:03:53.400] debug2: Processing RPC: REQUEST_PING
[2025-09-16T02:03:53.401] debug2: Finish processing RPC: REQUEST_PING
[2025-09-16T02:03:53.401] debug2: Finish processing RPC: REQUEST_PING
[2025-09-16T02:07:13.616] debug2: Start processing RPC: REQUEST_PING
[2025-09-16T02:07:13.616] debug2: Start processing RPC: REQUEST_PING
[2025-09-16T02:07:13.617] debug2: Processing RPC: REQUEST_PING
[2025-09-16T02:07:13.617] debug2: Processing RPC: REQUEST_PING
[2025-09-16T02:07:13.617] debug2: Finish processing RPC: REQUEST_PING
[2025-09-16T02:07:13.617] debug2: Finish processing RPC: REQUEST_PING
[2025-09-16T02:10:33.849] debug2: Start processing RPC: REQUEST_PING
[2025-09-16T02:10:33.849] debug2: Start processing RPC: REQUEST_PING
[2025-09-16T02:10:33.850] debug2: Processing RPC: REQUEST_PING
[2025-09-16T02:10:33.850] debug2: Processing RPC: REQUEST_PING
[2025-09-16T02:10:33.850] debug2: Finish processing RPC: REQUEST_PING
[2025-09-16T02:10:33.850] debug2: Finish processing RPC: REQUEST_PING
[2025-09-16T02:13:53.316] debug2: Start processing RPC: REQUEST_PING
[2025-09-16T02:13:53.317] debug2: Processing RPC: REQUEST_PING
[2025-09-16T02:13:53.316] debug2: Start processing RPC: REQUEST_PING
[2025-09-16T02:13:53.317] debug2: Processing RPC: REQUEST_PING
[2025-09-16T02:13:53.317] debug2: Finish processing RPC: REQUEST_PING
[2025-09-16T02:13:53.317] debug2: Finish processing RPC: REQUEST_PING
[2025-09-16T02:17:13.748] debug2: Start processing RPC: REQUEST_PING
[2025-09-16T02:17:13.748] debug2: Start processing RPC: REQUEST_PING
[2025-09-16T02:17:13.749] debug2: Processing RPC: REQUEST_PING
[2025-09-16T02:17:13.749] debug2: Processing RPC: REQUEST_PING
[2025-09-16T02:17:13.749] debug2: Finish processing RPC: REQUEST_PING
[2025-09-16T02:17:13.749] debug2: Finish processing RPC: REQUEST_PING
[2025-09-16T02:20:33.099] debug2: Start processing RPC: REQUEST_NODE_REGISTRATION_STATUS
[2025-09-16T02:20:33.099] debug2: Start processing RPC: REQUEST_NODE_REGISTRATION_STATUS
[2025-09-16T02:20:33.099] debug2: Processing RPC: REQUEST_NODE_REGISTRATION_STATUS
[2025-09-16T02:20:33.099] debug2: Processing RPC: REQUEST_NODE_REGISTRATION_STATUS
[2025-09-16T02:20:33.102] debug:  _handle_node_reg_resp: slurmctld sent back 8 TRES.
[2025-09-16T02:20:33.102] debug:  _handle_node_reg_resp: slurmctld sent back 8 TRES.
[2025-09-16T02:20:33.102] debug2: Finish processing RPC: REQUEST_NODE_REGISTRATION_STATUS
[2025-09-16T02:20:33.102] debug2: Finish processing RPC: REQUEST_NODE_REGISTRATION_STATUS
[2025-09-16T02:22:14.014] debug2: Start processing RPC: REQUEST_PING
[2025-09-16T02:22:14.014] debug2: Start processing RPC: REQUEST_PING
[2025-09-16T02:22:14.014] debug2: Processing RPC: REQUEST_PING
[2025-09-16T02:22:14.014] debug2: Processing RPC: REQUEST_PING
[2025-09-16T02:22:14.015] debug2: Finish processing RPC: REQUEST_PING
[2025-09-16T02:22:14.015] debug2: Finish processing RPC: REQUEST_PING
[2025-09-16T02:25:34.373] debug2: Start processing RPC: REQUEST_PING
[2025-09-16T02:25:34.373] debug2: Start processing RPC: REQUEST_PING
[2025-09-16T02:25:34.373] debug2: Processing RPC: REQUEST_PING
[2025-09-16T02:25:34.373] debug2: Processing RPC: REQUEST_PING
[2025-09-16T02:25:34.374] debug2: Finish processing RPC: REQUEST_PING
[2025-09-16T02:25:34.374] debug2: Finish processing RPC: REQUEST_PING
[2025-09-16T02:28:54.118] debug2: Start processing RPC: REQUEST_PING
[2025-09-16T02:28:54.118] debug2: Start processing RPC: REQUEST_PING
[2025-09-16T02:28:54.119] debug2: Processing RPC: REQUEST_PING
[2025-09-16T02:28:54.119] debug2: Processing RPC: REQUEST_PING
[2025-09-16T02:28:54.119] debug2: Finish processing RPC: REQUEST_PING
[2025-09-16T02:28:54.119] debug2: Finish processing RPC: REQUEST_PING
[2025-09-16T02:32:14.398] debug2: Start processing RPC: REQUEST_PING
[2025-09-16T02:32:14.398] debug2: Start processing RPC: REQUEST_PING
[2025-09-16T02:32:14.399] debug2: Processing RPC: REQUEST_PING
[2025-09-16T02:32:14.399] debug2: Processing RPC: REQUEST_PING
[2025-09-16T02:32:14.399] debug2: Finish processing RPC: REQUEST_PING
[2025-09-16T02:32:14.399] debug2: Finish processing RPC: REQUEST_PING
[2025-09-16T02:35:34.534] debug2: Start processing RPC: REQUEST_PING
[2025-09-16T02:35:34.534] debug2: Start processing RPC: REQUEST_PING
[2025-09-16T02:35:34.534] debug2: Processing RPC: REQUEST_PING
[2025-09-16T02:35:34.534] debug2: Processing RPC: REQUEST_PING
[2025-09-16T02:35:34.535] debug2: Finish processing RPC: REQUEST_PING
[2025-09-16T02:35:34.535] debug2: Finish processing RPC: REQUEST_PING
[2025-09-16T02:38:54.702] debug2: Start processing RPC: REQUEST_PING
[2025-09-16T02:38:54.702] debug2: Start processing RPC: REQUEST_PING
[2025-09-16T02:38:54.703] debug2: Processing RPC: REQUEST_PING
[2025-09-16T02:38:54.703] debug2: Processing RPC: REQUEST_PING
[2025-09-16T02:38:54.703] debug2: Finish processing RPC: REQUEST_PING
[2025-09-16T02:38:54.703] debug2: Finish processing RPC: REQUEST_PING
[2025-09-16T02:42:14.940] debug2: Start processing RPC: REQUEST_PING
[2025-09-16T02:42:14.940] debug2: Start processing RPC: REQUEST_PING
[2025-09-16T02:42:14.941] debug2: Processing RPC: REQUEST_PING
[2025-09-16T02:42:14.941] debug2: Processing RPC: REQUEST_PING
[2025-09-16T02:42:14.941] debug2: Finish processing RPC: REQUEST_PING
[2025-09-16T02:42:14.941] debug2: Finish processing RPC: REQUEST_PING
[2025-09-16T02:45:34.895] debug2: Start processing RPC: REQUEST_PING
[2025-09-16T02:45:34.895] debug2: Start processing RPC: REQUEST_PING
[2025-09-16T02:45:34.895] debug2: Processing RPC: REQUEST_PING
[2025-09-16T02:45:34.895] debug2: Processing RPC: REQUEST_PING
[2025-09-16T02:45:34.896] debug2: Finish processing RPC: REQUEST_PING
[2025-09-16T02:45:34.896] debug2: Finish processing RPC: REQUEST_PING
[2025-09-16T02:48:54.694] debug2: Start processing RPC: REQUEST_PING
[2025-09-16T02:48:54.694] debug2: Start processing RPC: REQUEST_PING
[2025-09-16T02:48:54.694] debug2: Processing RPC: REQUEST_PING
[2025-09-16T02:48:54.694] debug2: Processing RPC: REQUEST_PING
[2025-09-16T02:48:54.695] debug2: Finish processing RPC: REQUEST_PING
[2025-09-16T02:48:54.695] debug2: Finish processing RPC: REQUEST_PING
[2025-09-16T02:52:14.317] debug2: Start processing RPC: REQUEST_PING
[2025-09-16T02:52:14.317] debug2: Start processing RPC: REQUEST_PING
[2025-09-16T02:52:14.318] debug2: Processing RPC: REQUEST_PING
[2025-09-16T02:52:14.318] debug2: Processing RPC: REQUEST_PING
[2025-09-16T02:52:14.318] debug2: Finish processing RPC: REQUEST_PING
[2025-09-16T02:52:14.318] debug2: Finish processing RPC: REQUEST_PING
[2025-09-16T02:53:54.517] debug2: Start processing RPC: REQUEST_NODE_REGISTRATION_STATUS
[2025-09-16T02:53:54.517] debug2: Start processing RPC: REQUEST_NODE_REGISTRATION_STATUS
[2025-09-16T02:53:54.518] debug2: Processing RPC: REQUEST_NODE_REGISTRATION_STATUS
[2025-09-16T02:53:54.518] debug2: Processing RPC: REQUEST_NODE_REGISTRATION_STATUS
[2025-09-16T02:53:54.522] debug:  _handle_node_reg_resp: slurmctld sent back 8 TRES.
[2025-09-16T02:53:54.522] debug:  _handle_node_reg_resp: slurmctld sent back 8 TRES.
[2025-09-16T02:53:54.523] debug2: Finish processing RPC: REQUEST_NODE_REGISTRATION_STATUS
[2025-09-16T02:53:54.523] debug2: Finish processing RPC: REQUEST_NODE_REGISTRATION_STATUS
[2025-09-16T02:57:14.602] debug2: Start processing RPC: REQUEST_PING
[2025-09-16T02:57:14.602] debug2: Start processing RPC: REQUEST_PING
[2025-09-16T02:57:14.603] debug2: Processing RPC: REQUEST_PING
[2025-09-16T02:57:14.603] debug2: Processing RPC: REQUEST_PING
[2025-09-16T02:57:14.603] debug2: Finish processing RPC: REQUEST_PING
[2025-09-16T02:57:14.604] debug2: Finish processing RPC: REQUEST_PING
[2025-09-16T03:00:34.883] debug2: Start processing RPC: REQUEST_PING
[2025-09-16T03:00:34.883] debug2: Start processing RPC: REQUEST_PING
[2025-09-16T03:00:34.884] debug2: Processing RPC: REQUEST_PING
[2025-09-16T03:00:34.884] debug2: Processing RPC: REQUEST_PING
[2025-09-16T03:00:34.884] debug2: Finish processing RPC: REQUEST_PING
[2025-09-16T03:00:34.884] debug2: Finish processing RPC: REQUEST_PING
[2025-09-16T03:03:54.555] debug2: Start processing RPC: REQUEST_PING
[2025-09-16T03:03:54.555] debug2: Start processing RPC: REQUEST_PING
[2025-09-16T03:03:54.556] debug2: Processing RPC: REQUEST_PING
[2025-09-16T03:03:54.556] debug2: Processing RPC: REQUEST_PING
[2025-09-16T03:03:54.557] debug2: Finish processing RPC: REQUEST_PING
[2025-09-16T03:03:54.557] debug2: Finish processing RPC: REQUEST_PING
[2025-09-16T03:07:14.058] debug2: Start processing RPC: REQUEST_PING
[2025-09-16T03:07:14.058] debug2: Start processing RPC: REQUEST_PING
[2025-09-16T03:07:14.059] debug2: Processing RPC: REQUEST_PING
[2025-09-16T03:07:14.059] debug2: Processing RPC: REQUEST_PING
[2025-09-16T03:07:14.060] debug2: Finish processing RPC: REQUEST_PING
[2025-09-16T03:07:14.060] debug2: Finish processing RPC: REQUEST_PING
[2025-09-16T03:10:34.419] debug2: Start processing RPC: REQUEST_PING
[2025-09-16T03:10:34.419] debug2: Start processing RPC: REQUEST_PING
[2025-09-16T03:10:34.420] debug2: Processing RPC: REQUEST_PING
[2025-09-16T03:10:34.420] debug2: Processing RPC: REQUEST_PING
[2025-09-16T03:10:34.420] debug2: Finish processing RPC: REQUEST_PING
[2025-09-16T03:10:34.420] debug2: Finish processing RPC: REQUEST_PING
[2025-09-16T03:13:54.632] debug2: Start processing RPC: REQUEST_PING
[2025-09-16T03:13:54.632] debug2: Start processing RPC: REQUEST_PING
[2025-09-16T03:13:54.633] debug2: Processing RPC: REQUEST_PING
[2025-09-16T03:13:54.633] debug2: Processing RPC: REQUEST_PING
[2025-09-16T03:13:54.634] debug2: Finish processing RPC: REQUEST_PING
[2025-09-16T03:13:54.634] debug2: Finish processing RPC: REQUEST_PING
[2025-09-16T03:17:14.935] debug2: Start processing RPC: REQUEST_PING
[2025-09-16T03:17:14.935] debug2: Start processing RPC: REQUEST_PING
[2025-09-16T03:17:14.935] debug2: Processing RPC: REQUEST_PING
[2025-09-16T03:17:14.935] debug2: Processing RPC: REQUEST_PING
[2025-09-16T03:17:14.935] debug2: Finish processing RPC: REQUEST_PING
[2025-09-16T03:17:14.935] debug2: Finish processing RPC: REQUEST_PING
[2025-09-16T03:20:34.269] debug2: Start processing RPC: REQUEST_PING
[2025-09-16T03:20:34.269] debug2: Start processing RPC: REQUEST_PING
[2025-09-16T03:20:34.270] debug2: Processing RPC: REQUEST_PING
[2025-09-16T03:20:34.270] debug2: Processing RPC: REQUEST_PING
[2025-09-16T03:20:34.270] debug2: Finish processing RPC: REQUEST_PING
[2025-09-16T03:20:34.270] debug2: Finish processing RPC: REQUEST_PING
[2025-09-16T03:23:54.809] debug2: Start processing RPC: REQUEST_PING
[2025-09-16T03:23:54.809] debug2: Start processing RPC: REQUEST_PING
[2025-09-16T03:23:54.810] debug2: Processing RPC: REQUEST_PING
[2025-09-16T03:23:54.810] debug2: Processing RPC: REQUEST_PING
[2025-09-16T03:23:54.811] debug2: Finish processing RPC: REQUEST_PING
[2025-09-16T03:23:54.811] debug2: Finish processing RPC: REQUEST_PING
[2025-09-16T03:27:14.946] debug2: Start processing RPC: REQUEST_NODE_REGISTRATION_STATUS
[2025-09-16T03:27:14.946] debug2: Start processing RPC: REQUEST_NODE_REGISTRATION_STATUS
[2025-09-16T03:27:14.947] debug2: Processing RPC: REQUEST_NODE_REGISTRATION_STATUS
[2025-09-16T03:27:14.947] debug2: Processing RPC: REQUEST_NODE_REGISTRATION_STATUS
[2025-09-16T03:27:14.950] debug:  _handle_node_reg_resp: slurmctld sent back 8 TRES.
[2025-09-16T03:27:14.950] debug:  _handle_node_reg_resp: slurmctld sent back 8 TRES.
[2025-09-16T03:27:14.950] debug2: Finish processing RPC: REQUEST_NODE_REGISTRATION_STATUS
[2025-09-16T03:27:14.950] debug2: Finish processing RPC: REQUEST_NODE_REGISTRATION_STATUS
[2025-09-16T03:30:34.531] debug2: Start processing RPC: REQUEST_PING
[2025-09-16T03:30:34.531] debug2: Start processing RPC: REQUEST_PING
[2025-09-16T03:30:34.532] debug2: Processing RPC: REQUEST_PING
[2025-09-16T03:30:34.532] debug2: Processing RPC: REQUEST_PING
[2025-09-16T03:30:34.532] debug2: Finish processing RPC: REQUEST_PING
[2025-09-16T03:30:34.532] debug2: Finish processing RPC: REQUEST_PING
[2025-09-16T03:33:54.728] debug2: Start processing RPC: REQUEST_PING
[2025-09-16T03:33:54.728] debug2: Start processing RPC: REQUEST_PING
[2025-09-16T03:33:54.729] debug2: Processing RPC: REQUEST_PING
[2025-09-16T03:33:54.729] debug2: Processing RPC: REQUEST_PING
[2025-09-16T03:33:54.729] debug2: Finish processing RPC: REQUEST_PING
[2025-09-16T03:33:54.729] debug2: Finish processing RPC: REQUEST_PING
[2025-09-16T03:37:14.598] debug2: Start processing RPC: REQUEST_PING
[2025-09-16T03:37:14.598] debug2: Start processing RPC: REQUEST_PING
[2025-09-16T03:37:14.599] debug2: Processing RPC: REQUEST_PING
[2025-09-16T03:37:14.599] debug2: Processing RPC: REQUEST_PING
[2025-09-16T03:37:14.599] debug2: Finish processing RPC: REQUEST_PING
[2025-09-16T03:37:14.599] debug2: Finish processing RPC: REQUEST_PING
[2025-09-16T03:40:34.161] debug2: Start processing RPC: REQUEST_PING
[2025-09-16T03:40:34.161] debug2: Start processing RPC: REQUEST_PING
[2025-09-16T03:40:34.161] debug2: Processing RPC: REQUEST_PING
[2025-09-16T03:40:34.161] debug2: Processing RPC: REQUEST_PING
[2025-09-16T03:40:34.161] debug2: Finish processing RPC: REQUEST_PING
[2025-09-16T03:40:34.162] debug2: Finish processing RPC: REQUEST_PING
[2025-09-16T03:43:54.018] debug2: Start processing RPC: REQUEST_PING
[2025-09-16T03:43:54.018] debug2: Start processing RPC: REQUEST_PING
[2025-09-16T03:43:54.019] debug2: Processing RPC: REQUEST_PING
[2025-09-16T03:43:54.019] debug2: Processing RPC: REQUEST_PING
[2025-09-16T03:43:54.019] debug2: Finish processing RPC: REQUEST_PING
[2025-09-16T03:43:54.019] debug2: Finish processing RPC: REQUEST_PING
[2025-09-16T03:47:14.536] debug2: Start processing RPC: REQUEST_PING
[2025-09-16T03:47:14.536] debug2: Start processing RPC: REQUEST_PING
[2025-09-16T03:47:14.538] debug2: Processing RPC: REQUEST_PING
[2025-09-16T03:47:14.538] debug2: Processing RPC: REQUEST_PING
[2025-09-16T03:47:14.538] debug2: Finish processing RPC: REQUEST_PING
[2025-09-16T03:47:14.538] debug2: Finish processing RPC: REQUEST_PING
[2025-09-16T03:50:34.399] debug2: Start processing RPC: REQUEST_PING
[2025-09-16T03:50:34.399] debug2: Processing RPC: REQUEST_PING
[2025-09-16T03:50:34.399] debug2: Start processing RPC: REQUEST_PING
[2025-09-16T03:50:34.399] debug2: Processing RPC: REQUEST_PING
[2025-09-16T03:50:34.400] debug2: Finish processing RPC: REQUEST_PING
[2025-09-16T03:50:34.400] debug2: Finish processing RPC: REQUEST_PING
[2025-09-16T03:53:54.141] debug2: Start processing RPC: REQUEST_PING
[2025-09-16T03:53:54.141] debug2: Start processing RPC: REQUEST_PING
[2025-09-16T03:53:54.141] debug2: Processing RPC: REQUEST_PING
[2025-09-16T03:53:54.141] debug2: Processing RPC: REQUEST_PING
[2025-09-16T03:53:54.141] debug2: Finish processing RPC: REQUEST_PING
[2025-09-16T03:53:54.141] debug2: Finish processing RPC: REQUEST_PING
[2025-09-16T03:57:14.295] debug2: Start processing RPC: REQUEST_PING
[2025-09-16T03:57:14.295] debug2: Start processing RPC: REQUEST_PING
[2025-09-16T03:57:14.295] debug2: Processing RPC: REQUEST_PING
[2025-09-16T03:57:14.295] debug2: Processing RPC: REQUEST_PING
[2025-09-16T03:57:14.296] debug2: Finish processing RPC: REQUEST_PING
[2025-09-16T03:57:14.296] debug2: Finish processing RPC: REQUEST_PING
[2025-09-16T04:00:34.785] debug2: Start processing RPC: REQUEST_NODE_REGISTRATION_STATUS
[2025-09-16T04:00:34.785] debug2: Start processing RPC: REQUEST_NODE_REGISTRATION_STATUS
[2025-09-16T04:00:34.785] debug2: Processing RPC: REQUEST_NODE_REGISTRATION_STATUS
[2025-09-16T04:00:34.785] debug2: Processing RPC: REQUEST_NODE_REGISTRATION_STATUS
[2025-09-16T04:00:34.789] debug:  _handle_node_reg_resp: slurmctld sent back 8 TRES.
[2025-09-16T04:00:34.789] debug2: Finish processing RPC: REQUEST_NODE_REGISTRATION_STATUS
[2025-09-16T04:00:34.789] debug:  _handle_node_reg_resp: slurmctld sent back 8 TRES.
[2025-09-16T04:00:34.789] debug2: Finish processing RPC: REQUEST_NODE_REGISTRATION_STATUS
[2025-09-16T04:03:54.170] debug2: Start processing RPC: REQUEST_PING
[2025-09-16T04:03:54.170] debug2: Start processing RPC: REQUEST_PING
[2025-09-16T04:03:54.170] debug2: Processing RPC: REQUEST_PING
[2025-09-16T04:03:54.170] debug2: Processing RPC: REQUEST_PING
[2025-09-16T04:03:54.171] debug2: Finish processing RPC: REQUEST_PING
[2025-09-16T04:03:54.171] debug2: Finish processing RPC: REQUEST_PING
[2025-09-16T04:07:14.675] debug2: Start processing RPC: REQUEST_PING
[2025-09-16T04:07:14.675] debug2: Start processing RPC: REQUEST_PING
[2025-09-16T04:07:14.676] debug2: Processing RPC: REQUEST_PING
[2025-09-16T04:07:14.676] debug2: Processing RPC: REQUEST_PING
[2025-09-16T04:07:14.677] debug2: Finish processing RPC: REQUEST_PING
[2025-09-16T04:07:14.677] debug2: Finish processing RPC: REQUEST_PING
[2025-09-16T04:10:34.083] debug2: Start processing RPC: REQUEST_PING
[2025-09-16T04:10:34.083] debug2: Start processing RPC: REQUEST_PING
[2025-09-16T04:10:34.083] debug2: Processing RPC: REQUEST_PING
[2025-09-16T04:10:34.083] debug2: Processing RPC: REQUEST_PING
[2025-09-16T04:10:34.084] debug2: Finish processing RPC: REQUEST_PING
[2025-09-16T04:10:34.084] debug2: Finish processing RPC: REQUEST_PING
[2025-09-16T04:13:54.068] debug2: Start processing RPC: REQUEST_PING
[2025-09-16T04:13:54.068] debug2: Start processing RPC: REQUEST_PING
[2025-09-16T04:13:54.068] debug2: Processing RPC: REQUEST_PING
[2025-09-16T04:13:54.068] debug2: Processing RPC: REQUEST_PING
[2025-09-16T04:13:54.068] debug2: Finish processing RPC: REQUEST_PING
[2025-09-16T04:13:54.068] debug2: Finish processing RPC: REQUEST_PING
[2025-09-16T04:17:14.418] debug2: Start processing RPC: REQUEST_PING
[2025-09-16T04:17:14.418] debug2: Start processing RPC: REQUEST_PING
[2025-09-16T04:17:14.419] debug2: Processing RPC: REQUEST_PING
[2025-09-16T04:17:14.419] debug2: Processing RPC: REQUEST_PING
[2025-09-16T04:17:14.419] debug2: Finish processing RPC: REQUEST_PING
[2025-09-16T04:17:14.419] debug2: Finish processing RPC: REQUEST_PING
[2025-09-16T04:20:34.583] debug2: Start processing RPC: REQUEST_PING
[2025-09-16T04:20:34.583] debug2: Start processing RPC: REQUEST_PING
[2025-09-16T04:20:34.584] debug2: Processing RPC: REQUEST_PING
[2025-09-16T04:20:34.584] debug2: Processing RPC: REQUEST_PING
[2025-09-16T04:20:34.584] debug2: Finish processing RPC: REQUEST_PING
[2025-09-16T04:20:34.584] debug2: Finish processing RPC: REQUEST_PING
[2025-09-16T04:23:54.161] debug2: Start processing RPC: REQUEST_PING
[2025-09-16T04:23:54.161] debug2: Start processing RPC: REQUEST_PING
[2025-09-16T04:23:54.162] debug2: Processing RPC: REQUEST_PING
[2025-09-16T04:23:54.162] debug2: Processing RPC: REQUEST_PING
[2025-09-16T04:23:54.162] debug2: Finish processing RPC: REQUEST_PING
[2025-09-16T04:23:54.162] debug2: Finish processing RPC: REQUEST_PING
[2025-09-16T04:27:14.567] debug2: Start processing RPC: REQUEST_PING
[2025-09-16T04:27:14.567] debug2: Start processing RPC: REQUEST_PING
[2025-09-16T04:27:14.567] debug2: Processing RPC: REQUEST_PING
[2025-09-16T04:27:14.567] debug2: Processing RPC: REQUEST_PING
[2025-09-16T04:27:14.568] debug2: Finish processing RPC: REQUEST_PING
[2025-09-16T04:27:14.568] debug2: Finish processing RPC: REQUEST_PING
[2025-09-16T04:30:34.586] debug2: Start processing RPC: REQUEST_PING
[2025-09-16T04:30:34.586] debug2: Start processing RPC: REQUEST_PING
[2025-09-16T04:30:34.586] debug2: Processing RPC: REQUEST_PING
[2025-09-16T04:30:34.586] debug2: Processing RPC: REQUEST_PING
[2025-09-16T04:30:34.587] debug2: Finish processing RPC: REQUEST_PING
[2025-09-16T04:30:34.587] debug2: Finish processing RPC: REQUEST_PING
[2025-09-16T04:33:54.346] debug2: Start processing RPC: REQUEST_NODE_REGISTRATION_STATUS
[2025-09-16T04:33:54.346] debug2: Start processing RPC: REQUEST_NODE_REGISTRATION_STATUS
[2025-09-16T04:33:54.347] debug2: Processing RPC: REQUEST_NODE_REGISTRATION_STATUS
[2025-09-16T04:33:54.347] debug2: Processing RPC: REQUEST_NODE_REGISTRATION_STATUS
[2025-09-16T04:33:54.350] debug:  _handle_node_reg_resp: slurmctld sent back 8 TRES.
[2025-09-16T04:33:54.350] debug:  _handle_node_reg_resp: slurmctld sent back 8 TRES.
[2025-09-16T04:33:54.350] debug2: Finish processing RPC: REQUEST_NODE_REGISTRATION_STATUS
[2025-09-16T04:33:54.350] debug2: Finish processing RPC: REQUEST_NODE_REGISTRATION_STATUS
[2025-09-16T04:37:14.780] debug2: Start processing RPC: REQUEST_PING
[2025-09-16T04:37:14.780] debug2: Start processing RPC: REQUEST_PING
[2025-09-16T04:37:14.781] debug2: Processing RPC: REQUEST_PING
[2025-09-16T04:37:14.781] debug2: Processing RPC: REQUEST_PING
[2025-09-16T04:37:14.781] debug2: Finish processing RPC: REQUEST_PING
[2025-09-16T04:37:14.781] debug2: Finish processing RPC: REQUEST_PING
[2025-09-16T04:40:34.220] debug2: Start processing RPC: REQUEST_PING
[2025-09-16T04:40:34.220] debug2: Start processing RPC: REQUEST_PING
[2025-09-16T04:40:34.220] debug2: Processing RPC: REQUEST_PING
[2025-09-16T04:40:34.220] debug2: Processing RPC: REQUEST_PING
[2025-09-16T04:40:34.221] debug2: Finish processing RPC: REQUEST_PING
[2025-09-16T04:40:34.221] debug2: Finish processing RPC: REQUEST_PING
[2025-09-16T04:43:54.101] debug2: Start processing RPC: REQUEST_PING
[2025-09-16T04:43:54.101] debug2: Start processing RPC: REQUEST_PING
[2025-09-16T04:43:54.101] debug2: Processing RPC: REQUEST_PING
[2025-09-16T04:43:54.101] debug2: Processing RPC: REQUEST_PING
[2025-09-16T04:43:54.101] debug2: Finish processing RPC: REQUEST_PING
[2025-09-16T04:43:54.101] debug2: Finish processing RPC: REQUEST_PING
[2025-09-16T04:47:14.042] debug2: Start processing RPC: REQUEST_PING
[2025-09-16T04:47:14.042] debug2: Start processing RPC: REQUEST_PING
[2025-09-16T04:47:14.043] debug2: Processing RPC: REQUEST_PING
[2025-09-16T04:47:14.043] debug2: Processing RPC: REQUEST_PING
[2025-09-16T04:47:14.043] debug2: Finish processing RPC: REQUEST_PING
[2025-09-16T04:47:14.043] debug2: Finish processing RPC: REQUEST_PING
[2025-09-16T04:50:34.274] debug2: Start processing RPC: REQUEST_PING
[2025-09-16T04:50:34.274] debug2: Start processing RPC: REQUEST_PING
[2025-09-16T04:50:34.275] debug2: Processing RPC: REQUEST_PING
[2025-09-16T04:50:34.275] debug2: Processing RPC: REQUEST_PING
[2025-09-16T04:50:34.275] debug2: Finish processing RPC: REQUEST_PING
[2025-09-16T04:50:34.275] debug2: Finish processing RPC: REQUEST_PING
[2025-09-16T04:53:54.766] debug2: Start processing RPC: REQUEST_PING
[2025-09-16T04:53:54.766] debug2: Start processing RPC: REQUEST_PING
[2025-09-16T04:53:54.767] debug2: Processing RPC: REQUEST_PING
[2025-09-16T04:53:54.767] debug2: Processing RPC: REQUEST_PING
[2025-09-16T04:53:54.767] debug2: Finish processing RPC: REQUEST_PING
[2025-09-16T04:53:54.767] debug2: Finish processing RPC: REQUEST_PING
[2025-09-16T04:57:14.629] debug2: Start processing RPC: REQUEST_PING
[2025-09-16T04:57:14.629] debug2: Start processing RPC: REQUEST_PING
[2025-09-16T04:57:14.629] debug2: Processing RPC: REQUEST_PING
[2025-09-16T04:57:14.630] debug2: Processing RPC: REQUEST_PING
[2025-09-16T04:57:14.630] debug2: Finish processing RPC: REQUEST_PING
[2025-09-16T04:57:14.630] debug2: Finish processing RPC: REQUEST_PING
[2025-09-16T05:00:34.076] debug2: Start processing RPC: REQUEST_PING
[2025-09-16T05:00:34.076] debug2: Start processing RPC: REQUEST_PING
[2025-09-16T05:00:34.076] debug2: Processing RPC: REQUEST_PING
[2025-09-16T05:00:34.076] debug2: Processing RPC: REQUEST_PING
[2025-09-16T05:00:34.077] debug2: Finish processing RPC: REQUEST_PING
[2025-09-16T05:00:34.077] debug2: Finish processing RPC: REQUEST_PING
[2025-09-16T05:03:54.950] debug2: Start processing RPC: REQUEST_PING
[2025-09-16T05:03:54.950] debug2: Start processing RPC: REQUEST_PING
[2025-09-16T05:03:54.951] debug2: Processing RPC: REQUEST_PING
[2025-09-16T05:03:54.951] debug2: Processing RPC: REQUEST_PING
[2025-09-16T05:03:54.951] debug2: Finish processing RPC: REQUEST_PING
[2025-09-16T05:03:54.951] debug2: Finish processing RPC: REQUEST_PING
[2025-09-16T05:07:14.272] debug2: Start processing RPC: REQUEST_NODE_REGISTRATION_STATUS
[2025-09-16T05:07:14.272] debug2: Start processing RPC: REQUEST_NODE_REGISTRATION_STATUS
[2025-09-16T05:07:14.273] debug2: Processing RPC: REQUEST_NODE_REGISTRATION_STATUS
[2025-09-16T05:07:14.273] debug2: Processing RPC: REQUEST_NODE_REGISTRATION_STATUS
[2025-09-16T05:07:14.276] debug:  _handle_node_reg_resp: slurmctld sent back 8 TRES.
[2025-09-16T05:07:14.276] debug:  _handle_node_reg_resp: slurmctld sent back 8 TRES.
[2025-09-16T05:07:14.276] debug2: Finish processing RPC: REQUEST_NODE_REGISTRATION_STATUS
[2025-09-16T05:07:14.276] debug2: Finish processing RPC: REQUEST_NODE_REGISTRATION_STATUS
[2025-09-16T05:10:35.002] debug2: Start processing RPC: REQUEST_PING
[2025-09-16T05:10:35.002] debug2: Start processing RPC: REQUEST_PING
[2025-09-16T05:10:35.003] debug2: Processing RPC: REQUEST_PING
[2025-09-16T05:10:35.003] debug2: Processing RPC: REQUEST_PING
[2025-09-16T05:10:35.004] debug2: Finish processing RPC: REQUEST_PING
[2025-09-16T05:10:35.004] debug2: Finish processing RPC: REQUEST_PING
[2025-09-16T05:13:54.365] debug2: Start processing RPC: REQUEST_PING
[2025-09-16T05:13:54.365] debug2: Processing RPC: REQUEST_PING
[2025-09-16T05:13:54.365] debug2: Start processing RPC: REQUEST_PING
[2025-09-16T05:13:54.365] debug2: Processing RPC: REQUEST_PING
[2025-09-16T05:13:54.366] debug2: Finish processing RPC: REQUEST_PING
[2025-09-16T05:13:54.366] debug2: Finish processing RPC: REQUEST_PING
[2025-09-16T05:17:14.217] debug2: Start processing RPC: REQUEST_PING
[2025-09-16T05:17:14.217] debug2: Start processing RPC: REQUEST_PING
[2025-09-16T05:17:14.217] debug2: Processing RPC: REQUEST_PING
[2025-09-16T05:17:14.217] debug2: Processing RPC: REQUEST_PING
[2025-09-16T05:17:14.217] debug2: Finish processing RPC: REQUEST_PING
[2025-09-16T05:17:14.217] debug2: Finish processing RPC: REQUEST_PING
[2025-09-16T05:20:34.581] debug2: Start processing RPC: REQUEST_PING
[2025-09-16T05:20:34.581] debug2: Start processing RPC: REQUEST_PING
[2025-09-16T05:20:34.581] debug2: Processing RPC: REQUEST_PING
[2025-09-16T05:20:34.581] debug2: Processing RPC: REQUEST_PING
[2025-09-16T05:20:34.582] debug2: Finish processing RPC: REQUEST_PING
[2025-09-16T05:20:34.582] debug2: Finish processing RPC: REQUEST_PING
[2025-09-16T05:23:54.208] debug2: Start processing RPC: REQUEST_PING
[2025-09-16T05:23:54.208] debug2: Start processing RPC: REQUEST_PING
[2025-09-16T05:23:54.208] debug2: Processing RPC: REQUEST_PING
[2025-09-16T05:23:54.208] debug2: Processing RPC: REQUEST_PING
[2025-09-16T05:23:54.208] debug2: Finish processing RPC: REQUEST_PING
[2025-09-16T05:23:54.208] debug2: Finish processing RPC: REQUEST_PING
[2025-09-16T05:27:14.197] debug2: Start processing RPC: REQUEST_PING
[2025-09-16T05:27:14.197] debug2: Start processing RPC: REQUEST_PING
[2025-09-16T05:27:14.198] debug2: Processing RPC: REQUEST_PING
[2025-09-16T05:27:14.198] debug2: Processing RPC: REQUEST_PING
[2025-09-16T05:27:14.198] debug2: Finish processing RPC: REQUEST_PING
[2025-09-16T05:27:14.198] debug2: Finish processing RPC: REQUEST_PING
[2025-09-16T05:30:34.308] debug2: Start processing RPC: REQUEST_PING
[2025-09-16T05:30:34.308] debug2: Processing RPC: REQUEST_PING
[2025-09-16T05:30:34.308] debug2: Start processing RPC: REQUEST_PING
[2025-09-16T05:30:34.308] debug2: Processing RPC: REQUEST_PING
[2025-09-16T05:30:34.309] debug2: Finish processing RPC: REQUEST_PING
[2025-09-16T05:30:34.309] debug2: Finish processing RPC: REQUEST_PING
[2025-09-16T05:33:54.361] debug2: Start processing RPC: REQUEST_PING
[2025-09-16T05:33:54.361] debug2: Start processing RPC: REQUEST_PING
[2025-09-16T05:33:54.361] debug2: Processing RPC: REQUEST_PING
[2025-09-16T05:33:54.361] debug2: Processing RPC: REQUEST_PING
[2025-09-16T05:33:54.361] debug2: Finish processing RPC: REQUEST_PING
[2025-09-16T05:33:54.361] debug2: Finish processing RPC: REQUEST_PING
[2025-09-16T05:37:14.502] debug2: Start processing RPC: REQUEST_PING
[2025-09-16T05:37:14.502] debug2: Start processing RPC: REQUEST_PING
[2025-09-16T05:37:14.502] debug2: Processing RPC: REQUEST_PING
[2025-09-16T05:37:14.502] debug2: Processing RPC: REQUEST_PING
[2025-09-16T05:37:14.503] debug2: Finish processing RPC: REQUEST_PING
[2025-09-16T05:37:14.503] debug2: Finish processing RPC: REQUEST_PING
[2025-09-16T05:40:34.625] debug2: Start processing RPC: REQUEST_NODE_REGISTRATION_STATUS
[2025-09-16T05:40:34.625] debug2: Start processing RPC: REQUEST_NODE_REGISTRATION_STATUS
[2025-09-16T05:40:34.625] debug2: Processing RPC: REQUEST_NODE_REGISTRATION_STATUS
[2025-09-16T05:40:34.625] debug2: Processing RPC: REQUEST_NODE_REGISTRATION_STATUS
[2025-09-16T05:40:34.628] debug:  _handle_node_reg_resp: slurmctld sent back 8 TRES.
[2025-09-16T05:40:34.628] debug:  _handle_node_reg_resp: slurmctld sent back 8 TRES.
[2025-09-16T05:40:34.628] debug2: Finish processing RPC: REQUEST_NODE_REGISTRATION_STATUS
[2025-09-16T05:40:34.628] debug2: Finish processing RPC: REQUEST_NODE_REGISTRATION_STATUS
[2025-09-16T05:43:54.638] debug2: Start processing RPC: REQUEST_PING
[2025-09-16T05:43:54.638] debug2: Start processing RPC: REQUEST_PING
[2025-09-16T05:43:54.639] debug2: Processing RPC: REQUEST_PING
[2025-09-16T05:43:54.639] debug2: Processing RPC: REQUEST_PING
[2025-09-16T05:43:54.639] debug2: Finish processing RPC: REQUEST_PING
[2025-09-16T05:43:54.639] debug2: Finish processing RPC: REQUEST_PING
[2025-09-16T05:47:14.676] debug2: Start processing RPC: REQUEST_PING
[2025-09-16T05:47:14.676] debug2: Start processing RPC: REQUEST_PING
[2025-09-16T05:47:14.676] debug2: Processing RPC: REQUEST_PING
[2025-09-16T05:47:14.676] debug2: Processing RPC: REQUEST_PING
[2025-09-16T05:47:14.677] debug2: Finish processing RPC: REQUEST_PING
[2025-09-16T05:47:14.677] debug2: Finish processing RPC: REQUEST_PING
[2025-09-16T05:50:34.738] debug2: Start processing RPC: REQUEST_PING
[2025-09-16T05:50:34.738] debug2: Start processing RPC: REQUEST_PING
[2025-09-16T05:50:34.738] debug2: Processing RPC: REQUEST_PING
[2025-09-16T05:50:34.738] debug2: Processing RPC: REQUEST_PING
[2025-09-16T05:50:34.738] debug2: Finish processing RPC: REQUEST_PING
[2025-09-16T05:50:34.738] debug2: Finish processing RPC: REQUEST_PING
[2025-09-16T05:53:54.748] debug2: Start processing RPC: REQUEST_PING
[2025-09-16T05:53:54.749] debug2: Start processing RPC: REQUEST_PING
[2025-09-16T05:53:54.749] debug2: Processing RPC: REQUEST_PING
[2025-09-16T05:53:54.749] debug2: Processing RPC: REQUEST_PING
[2025-09-16T05:53:54.749] debug2: Finish processing RPC: REQUEST_PING
[2025-09-16T05:53:54.749] debug2: Finish processing RPC: REQUEST_PING
[2025-09-16T05:57:14.826] debug2: Start processing RPC: REQUEST_PING
[2025-09-16T05:57:14.826] debug2: Processing RPC: REQUEST_PING
[2025-09-16T05:57:14.826] debug2: Start processing RPC: REQUEST_PING
[2025-09-16T05:57:14.826] debug2: Processing RPC: REQUEST_PING
[2025-09-16T05:57:14.827] debug2: Finish processing RPC: REQUEST_PING
[2025-09-16T05:57:14.827] debug2: Finish processing RPC: REQUEST_PING
[2025-09-16T06:00:34.930] debug2: Start processing RPC: REQUEST_PING
[2025-09-16T06:00:34.930] debug2: Start processing RPC: REQUEST_PING
[2025-09-16T06:00:34.930] debug2: Processing RPC: REQUEST_PING
[2025-09-16T06:00:34.930] debug2: Processing RPC: REQUEST_PING
[2025-09-16T06:00:34.931] debug2: Finish processing RPC: REQUEST_PING
[2025-09-16T06:00:34.931] debug2: Finish processing RPC: REQUEST_PING
[2025-09-16T06:03:54.004] debug2: Start processing RPC: REQUEST_PING
[2025-09-16T06:03:54.004] debug2: Start processing RPC: REQUEST_PING
[2025-09-16T06:03:54.004] debug2: Processing RPC: REQUEST_PING
[2025-09-16T06:03:54.004] debug2: Processing RPC: REQUEST_PING
[2025-09-16T06:03:54.004] debug2: Finish processing RPC: REQUEST_PING
[2025-09-16T06:03:54.004] debug2: Finish processing RPC: REQUEST_PING
[2025-09-16T06:07:14.045] debug2: Start processing RPC: REQUEST_PING
[2025-09-16T06:07:14.045] debug2: Start processing RPC: REQUEST_PING
[2025-09-16T06:07:14.046] debug2: Processing RPC: REQUEST_PING
[2025-09-16T06:07:14.046] debug2: Processing RPC: REQUEST_PING
[2025-09-16T06:07:14.046] debug2: Finish processing RPC: REQUEST_PING
[2025-09-16T06:07:14.046] debug2: Finish processing RPC: REQUEST_PING
[2025-09-16T06:10:34.210] debug2: Start processing RPC: REQUEST_PING
[2025-09-16T06:10:34.210] debug2: Start processing RPC: REQUEST_PING
[2025-09-16T06:10:34.210] debug2: Processing RPC: REQUEST_PING
[2025-09-16T06:10:34.210] debug2: Processing RPC: REQUEST_PING
[2025-09-16T06:10:34.211] debug2: Finish processing RPC: REQUEST_PING
[2025-09-16T06:10:34.211] debug2: Finish processing RPC: REQUEST_PING
[2025-09-16T06:13:54.334] debug2: Start processing RPC: REQUEST_NODE_REGISTRATION_STATUS
[2025-09-16T06:13:54.334] debug2: Start processing RPC: REQUEST_NODE_REGISTRATION_STATUS
[2025-09-16T06:13:54.334] debug2: Processing RPC: REQUEST_NODE_REGISTRATION_STATUS
[2025-09-16T06:13:54.334] debug2: Processing RPC: REQUEST_NODE_REGISTRATION_STATUS
[2025-09-16T06:13:54.337] debug:  _handle_node_reg_resp: slurmctld sent back 8 TRES.
[2025-09-16T06:13:54.337] debug:  _handle_node_reg_resp: slurmctld sent back 8 TRES.
[2025-09-16T06:13:54.337] debug2: Finish processing RPC: REQUEST_NODE_REGISTRATION_STATUS
[2025-09-16T06:13:54.337] debug2: Finish processing RPC: REQUEST_NODE_REGISTRATION_STATUS
[2025-09-16T06:17:14.432] debug2: Start processing RPC: REQUEST_PING
[2025-09-16T06:17:14.432] debug2: Start processing RPC: REQUEST_PING
[2025-09-16T06:17:14.433] debug2: Processing RPC: REQUEST_PING
[2025-09-16T06:17:14.433] debug2: Processing RPC: REQUEST_PING
[2025-09-16T06:17:14.433] debug2: Finish processing RPC: REQUEST_PING
[2025-09-16T06:17:14.433] debug2: Finish processing RPC: REQUEST_PING
[2025-09-16T06:20:34.392] debug2: Start processing RPC: REQUEST_PING
[2025-09-16T06:20:34.392] debug2: Start processing RPC: REQUEST_PING
[2025-09-16T06:20:34.393] debug2: Processing RPC: REQUEST_PING
[2025-09-16T06:20:34.393] debug2: Processing RPC: REQUEST_PING
[2025-09-16T06:20:34.393] debug2: Finish processing RPC: REQUEST_PING
[2025-09-16T06:20:34.393] debug2: Finish processing RPC: REQUEST_PING
[2025-09-16T06:23:54.436] debug2: Start processing RPC: REQUEST_PING
[2025-09-16T06:23:54.436] debug2: Start processing RPC: REQUEST_PING
[2025-09-16T06:23:54.437] debug2: Processing RPC: REQUEST_PING
[2025-09-16T06:23:54.437] debug2: Processing RPC: REQUEST_PING
[2025-09-16T06:23:54.438] debug2: Finish processing RPC: REQUEST_PING
[2025-09-16T06:23:54.438] debug2: Finish processing RPC: REQUEST_PING
[2025-09-16T06:27:14.323] debug2: Start processing RPC: REQUEST_PING
[2025-09-16T06:27:14.323] debug2: Start processing RPC: REQUEST_PING
[2025-09-16T06:27:14.324] debug2: Processing RPC: REQUEST_PING
[2025-09-16T06:27:14.324] debug2: Processing RPC: REQUEST_PING
[2025-09-16T06:27:14.324] debug2: Finish processing RPC: REQUEST_PING
[2025-09-16T06:27:14.324] debug2: Finish processing RPC: REQUEST_PING
[2025-09-16T06:28:26.184] got shutdown request
[2025-09-16T06:28:26.184] got shutdown request
[2025-09-16T06:28:26.185] all threads complete
[2025-09-16T06:28:26.185] all threads complete
[2025-09-16T06:28:26.187] select/cons_res: common_fini: select/cons_res shutting down ...
[2025-09-16T06:28:26.187] select/cons_res: common_fini: select/cons_res shutting down ...
[2025-09-16T06:28:26.188] debug:  cgroup/v1: fini: unloading Cgroup v1 plugin
[2025-09-16T06:28:26.188] debug:  cgroup/v1: fini: unloading Cgroup v1 plugin
[2025-09-16T06:28:26.188] cred/munge: fini: Munge credential signature plugin unloaded
[2025-09-16T06:28:26.188] cred/munge: fini: Munge credential signature plugin unloaded
[2025-09-16T06:28:26.188] Slurmd shutdown completing
[2025-09-16T06:28:26.188] Slurmd shutdown completing
[2025-09-16T07:14:22.448] debug:  Log file re-opened
[2025-09-16T07:14:22.450] error: Node configuration differs from hardware: CPUs=1:12(hw) Boards=1:1(hw) SocketsPerBoard=1:1(hw) CoresPerSocket=1:6(hw) ThreadsPerCore=1:2(hw)
[2025-09-16T07:14:22.451] topology/none: init: topology NONE plugin loaded
[2025-09-16T07:14:22.451] route/default: init: route default plugin loaded
[2025-09-16T07:14:22.451] CPU frequency setting not configured for this node
[2025-09-16T07:14:22.451] debug:  Resource spec: No specialized cores configured by default on this node
[2025-09-16T07:14:22.451] debug:  Resource spec: Reserved system memory limit not configured for this node
[2025-09-16T07:14:22.451] debug:  task/none: init: task NONE plugin loaded
[2025-09-16T07:14:22.452] debug:  auth/munge: init: Munge authentication plugin loaded
[2025-09-16T07:14:22.452] debug:  spank: opening plugin stack /etc/slurm/plugstack.conf
[2025-09-16T07:14:22.452] cred/munge: init: Munge credential signature plugin loaded
[2025-09-16T07:14:22.452] slurmd version 21.08.6 started
[2025-09-16T07:14:22.452] debug:  jobacct_gather/linux: init: Job accounting gather LINUX plugin loaded
[2025-09-16T07:14:22.452] debug:  job_container/none: init: job_container none plugin loaded
[2025-09-16T07:14:22.453] debug:  switch/none: init: switch NONE plugin loaded
[2025-09-16T07:14:22.453] debug:  switch Cray/Aries plugin loaded.
[2025-09-16T07:14:22.453] slurmd started on Tue, 16 Sep 2025 07:14:22 +0000
[2025-09-16T07:14:22.454] CPUs=1 Boards=1 Sockets=1 Cores=1 Threads=1 Memory=56239 TmpDisk=1031018 Uptime=107350 CPUSpecList=(null) FeaturesAvail=(null) FeaturesActive=(null)
[2025-09-16T07:14:22.454] debug:  acct_gather_energy/none: init: AcctGatherEnergy NONE plugin loaded
[2025-09-16T07:14:22.454] debug:  acct_gather_Profile/none: init: AcctGatherProfile NONE plugin loaded
[2025-09-16T07:14:22.454] debug:  acct_gather_interconnect/none: init: AcctGatherInterconnect NONE plugin loaded
[2025-09-16T07:14:22.454] debug:  acct_gather_filesystem/none: init: AcctGatherFilesystem NONE plugin loaded
[2025-09-16T07:14:22.454] debug2: No acct_gather.conf file (/etc/slurm/acct_gather.conf)
[2025-09-16T07:14:22.457] debug:  _handle_node_reg_resp: slurmctld sent back 8 TRES.
[2025-09-16T07:14:22.504] debug:  Log file re-opened
[2025-09-16T07:14:22.505] error: Node configuration differs from hardware: CPUs=1:12(hw) Boards=1:1(hw) SocketsPerBoard=1:1(hw) CoresPerSocket=1:6(hw) ThreadsPerCore=1:2(hw)
[2025-09-16T07:14:22.506] topology/none: init: topology NONE plugin loaded
[2025-09-16T07:14:22.506] route/default: init: route default plugin loaded
[2025-09-16T07:14:22.507] CPU frequency setting not configured for this node
[2025-09-16T07:14:22.507] debug:  Resource spec: No specialized cores configured by default on this node
[2025-09-16T07:14:22.507] debug:  Resource spec: Reserved system memory limit not configured for this node
[2025-09-16T07:14:22.507] debug:  task/none: init: task NONE plugin loaded
[2025-09-16T07:14:22.507] debug:  auth/munge: init: Munge authentication plugin loaded
[2025-09-16T07:14:22.507] debug:  spank: opening plugin stack /etc/slurm/plugstack.conf
[2025-09-16T07:14:22.507] cred/munge: init: Munge credential signature plugin loaded
[2025-09-16T07:14:22.507] slurmd version 21.08.6 started
[2025-09-16T07:14:22.507] debug:  jobacct_gather/linux: init: Job accounting gather LINUX plugin loaded
[2025-09-16T07:14:22.507] debug:  job_container/none: init: job_container none plugin loaded
[2025-09-16T07:14:22.508] debug:  switch/none: init: switch NONE plugin loaded
[2025-09-16T07:14:22.508] debug:  switch Cray/Aries plugin loaded.
[2025-09-16T07:14:22.509] slurmd started on Tue, 16 Sep 2025 07:14:22 +0000
[2025-09-16T07:14:22.509] CPUs=1 Boards=1 Sockets=1 Cores=1 Threads=1 Memory=56239 TmpDisk=1031018 Uptime=107350 CPUSpecList=(null) FeaturesAvail=(null) FeaturesActive=(null)
[2025-09-16T07:14:22.509] debug:  acct_gather_energy/none: init: AcctGatherEnergy NONE plugin loaded
[2025-09-16T07:14:22.510] debug:  acct_gather_Profile/none: init: AcctGatherProfile NONE plugin loaded
[2025-09-16T07:14:22.510] debug:  acct_gather_interconnect/none: init: AcctGatherInterconnect NONE plugin loaded
[2025-09-16T07:14:22.510] debug:  acct_gather_filesystem/none: init: AcctGatherFilesystem NONE plugin loaded
[2025-09-16T07:14:22.510] debug2: No acct_gather.conf file (/etc/slurm/acct_gather.conf)
[2025-09-16T07:14:22.512] debug:  _handle_node_reg_resp: slurmctld sent back 8 TRES.
[2025-09-16T07:16:05.107] debug2: Start processing RPC: REQUEST_PING
[2025-09-16T07:16:05.107] debug2: Processing RPC: REQUEST_PING
[2025-09-16T07:16:05.107] debug2: Start processing RPC: REQUEST_PING
[2025-09-16T07:16:05.107] debug2: Processing RPC: REQUEST_PING
[2025-09-16T07:16:05.107] debug2: Finish processing RPC: REQUEST_PING
[2025-09-16T07:16:05.107] debug2: Finish processing RPC: REQUEST_PING
[2025-09-16T07:19:25.791] debug2: Start processing RPC: REQUEST_PING
[2025-09-16T07:19:25.791] debug2: Start processing RPC: REQUEST_PING
[2025-09-16T07:19:25.792] debug2: Processing RPC: REQUEST_PING
[2025-09-16T07:19:25.792] debug2: Processing RPC: REQUEST_PING
[2025-09-16T07:19:25.792] debug2: Finish processing RPC: REQUEST_PING
[2025-09-16T07:19:25.792] debug2: Finish processing RPC: REQUEST_PING
[2025-09-16T07:22:45.452] debug2: Start processing RPC: REQUEST_PING
[2025-09-16T07:22:45.452] debug2: Start processing RPC: REQUEST_PING
[2025-09-16T07:22:45.452] debug2: Processing RPC: REQUEST_PING
[2025-09-16T07:22:45.452] debug2: Processing RPC: REQUEST_PING
[2025-09-16T07:22:45.452] debug2: Finish processing RPC: REQUEST_PING
[2025-09-16T07:22:45.452] debug2: Finish processing RPC: REQUEST_PING
[2025-09-16T07:26:05.156] debug2: Start processing RPC: REQUEST_PING
[2025-09-16T07:26:05.156] debug2: Start processing RPC: REQUEST_PING
[2025-09-16T07:26:05.156] debug2: Processing RPC: REQUEST_PING
[2025-09-16T07:26:05.156] debug2: Processing RPC: REQUEST_PING
[2025-09-16T07:26:05.157] debug2: Finish processing RPC: REQUEST_PING
[2025-09-16T07:26:05.157] debug2: Finish processing RPC: REQUEST_PING
[2025-09-16T07:29:25.817] debug2: Start processing RPC: REQUEST_PING
[2025-09-16T07:29:25.817] debug2: Start processing RPC: REQUEST_PING
[2025-09-16T07:29:25.817] debug2: Processing RPC: REQUEST_PING
[2025-09-16T07:29:25.817] debug2: Processing RPC: REQUEST_PING
[2025-09-16T07:29:25.817] debug2: Finish processing RPC: REQUEST_PING
[2025-09-16T07:29:25.817] debug2: Finish processing RPC: REQUEST_PING
[2025-09-16T07:32:45.546] debug2: Start processing RPC: REQUEST_PING
[2025-09-16T07:32:45.546] debug2: Start processing RPC: REQUEST_PING
[2025-09-16T07:32:45.546] debug2: Processing RPC: REQUEST_PING
[2025-09-16T07:32:45.546] debug2: Processing RPC: REQUEST_PING
[2025-09-16T07:32:45.547] debug2: Finish processing RPC: REQUEST_PING
[2025-09-16T07:32:45.547] debug2: Finish processing RPC: REQUEST_PING
[2025-09-16T07:36:05.140] debug2: Start processing RPC: REQUEST_PING
[2025-09-16T07:36:05.140] debug2: Processing RPC: REQUEST_PING
[2025-09-16T07:36:05.140] debug2: Start processing RPC: REQUEST_PING
[2025-09-16T07:36:05.140] debug2: Processing RPC: REQUEST_PING
[2025-09-16T07:36:05.140] debug2: Finish processing RPC: REQUEST_PING
[2025-09-16T07:36:05.141] debug2: Finish processing RPC: REQUEST_PING
[2025-09-16T07:39:25.908] debug2: Start processing RPC: REQUEST_PING
[2025-09-16T07:39:25.908] debug2: Start processing RPC: REQUEST_PING
[2025-09-16T07:39:25.909] debug2: Processing RPC: REQUEST_PING
[2025-09-16T07:39:25.909] debug2: Processing RPC: REQUEST_PING
[2025-09-16T07:39:25.909] debug2: Finish processing RPC: REQUEST_PING
[2025-09-16T07:39:25.909] debug2: Finish processing RPC: REQUEST_PING
[2025-09-16T07:42:45.579] debug2: Start processing RPC: REQUEST_PING
[2025-09-16T07:42:45.579] debug2: Start processing RPC: REQUEST_PING
[2025-09-16T07:42:45.579] debug2: Processing RPC: REQUEST_PING
[2025-09-16T07:42:45.579] debug2: Processing RPC: REQUEST_PING
[2025-09-16T07:42:45.579] debug2: Finish processing RPC: REQUEST_PING
[2025-09-16T07:42:45.580] debug2: Finish processing RPC: REQUEST_PING
[2025-09-16T07:46:05.168] debug2: Start processing RPC: REQUEST_NODE_REGISTRATION_STATUS
[2025-09-16T07:46:05.168] debug2: Start processing RPC: REQUEST_NODE_REGISTRATION_STATUS
[2025-09-16T07:46:05.168] debug2: Processing RPC: REQUEST_NODE_REGISTRATION_STATUS
[2025-09-16T07:46:05.168] debug2: Processing RPC: REQUEST_NODE_REGISTRATION_STATUS
[2025-09-16T07:46:05.171] debug:  _handle_node_reg_resp: slurmctld sent back 8 TRES.
[2025-09-16T07:46:05.171] debug:  _handle_node_reg_resp: slurmctld sent back 8 TRES.
[2025-09-16T07:46:05.171] debug2: Finish processing RPC: REQUEST_NODE_REGISTRATION_STATUS
[2025-09-16T07:46:05.171] debug2: Finish processing RPC: REQUEST_NODE_REGISTRATION_STATUS
[2025-09-16T07:49:25.945] debug2: Start processing RPC: REQUEST_PING
[2025-09-16T07:49:25.945] debug2: Processing RPC: REQUEST_PING
[2025-09-16T07:49:25.945] debug2: Start processing RPC: REQUEST_PING
[2025-09-16T07:49:25.945] debug2: Processing RPC: REQUEST_PING
[2025-09-16T07:49:25.946] debug2: Finish processing RPC: REQUEST_PING
[2025-09-16T07:49:25.946] debug2: Finish processing RPC: REQUEST_PING
[2025-09-16T07:52:45.628] debug2: Start processing RPC: REQUEST_PING
[2025-09-16T07:52:45.628] debug2: Start processing RPC: REQUEST_PING
[2025-09-16T07:52:45.628] debug2: Processing RPC: REQUEST_PING
[2025-09-16T07:52:45.628] debug2: Processing RPC: REQUEST_PING
[2025-09-16T07:52:45.628] debug2: Finish processing RPC: REQUEST_PING
[2025-09-16T07:52:45.628] debug2: Finish processing RPC: REQUEST_PING
[2025-09-16T07:56:05.176] debug2: Start processing RPC: REQUEST_PING
[2025-09-16T07:56:05.176] debug2: Start processing RPC: REQUEST_PING
[2025-09-16T07:56:05.177] debug2: Processing RPC: REQUEST_PING
[2025-09-16T07:56:05.177] debug2: Processing RPC: REQUEST_PING
[2025-09-16T07:56:05.177] debug2: Finish processing RPC: REQUEST_PING
[2025-09-16T07:56:05.177] debug2: Finish processing RPC: REQUEST_PING
[2025-09-16T07:59:25.576] debug2: Start processing RPC: REQUEST_PING
[2025-09-16T07:59:25.576] debug2: Start processing RPC: REQUEST_PING
[2025-09-16T07:59:25.577] debug2: Processing RPC: REQUEST_PING
[2025-09-16T07:59:25.577] debug2: Processing RPC: REQUEST_PING
[2025-09-16T07:59:25.577] debug2: Finish processing RPC: REQUEST_PING
[2025-09-16T07:59:25.577] debug2: Finish processing RPC: REQUEST_PING
[2025-09-16T08:02:45.662] debug2: Start processing RPC: REQUEST_PING
[2025-09-16T08:02:45.662] debug2: Start processing RPC: REQUEST_PING
[2025-09-16T08:02:45.662] debug2: Processing RPC: REQUEST_PING
[2025-09-16T08:02:45.662] debug2: Processing RPC: REQUEST_PING
[2025-09-16T08:02:45.663] debug2: Finish processing RPC: REQUEST_PING
[2025-09-16T08:02:45.663] debug2: Finish processing RPC: REQUEST_PING
[2025-09-16T08:06:05.132] debug2: Start processing RPC: REQUEST_PING
[2025-09-16T08:06:05.132] debug2: Start processing RPC: REQUEST_PING
[2025-09-16T08:06:05.133] debug2: Processing RPC: REQUEST_PING
[2025-09-16T08:06:05.133] debug2: Processing RPC: REQUEST_PING
[2025-09-16T08:06:05.133] debug2: Finish processing RPC: REQUEST_PING
[2025-09-16T08:06:05.133] debug2: Finish processing RPC: REQUEST_PING
[2025-09-16T08:09:25.111] debug2: Start processing RPC: REQUEST_PING
[2025-09-16T08:09:25.111] debug2: Start processing RPC: REQUEST_PING
[2025-09-16T08:09:25.111] debug2: Processing RPC: REQUEST_PING
[2025-09-16T08:09:25.111] debug2: Processing RPC: REQUEST_PING
[2025-09-16T08:09:25.112] debug2: Finish processing RPC: REQUEST_PING
[2025-09-16T08:09:25.112] debug2: Finish processing RPC: REQUEST_PING
[2025-09-16T08:12:45.606] debug2: Start processing RPC: REQUEST_PING
[2025-09-16T08:12:45.606] debug2: Start processing RPC: REQUEST_PING
[2025-09-16T08:12:45.606] debug2: Processing RPC: REQUEST_PING
[2025-09-16T08:12:45.606] debug2: Processing RPC: REQUEST_PING
[2025-09-16T08:12:45.607] debug2: Finish processing RPC: REQUEST_PING
[2025-09-16T08:12:45.607] debug2: Finish processing RPC: REQUEST_PING
[2025-09-16T08:16:05.368] debug2: Start processing RPC: REQUEST_PING
[2025-09-16T08:16:05.369] debug2: Processing RPC: REQUEST_PING
[2025-09-16T08:16:05.368] debug2: Start processing RPC: REQUEST_PING
[2025-09-16T08:16:05.369] debug2: Processing RPC: REQUEST_PING
[2025-09-16T08:16:05.369] debug2: Finish processing RPC: REQUEST_PING
[2025-09-16T08:16:05.369] debug2: Finish processing RPC: REQUEST_PING
[2025-09-16T08:19:25.300] debug2: Start processing RPC: REQUEST_NODE_REGISTRATION_STATUS
[2025-09-16T08:19:25.300] debug2: Start processing RPC: REQUEST_NODE_REGISTRATION_STATUS
[2025-09-16T08:19:25.301] debug2: Processing RPC: REQUEST_NODE_REGISTRATION_STATUS
[2025-09-16T08:19:25.301] debug2: Processing RPC: REQUEST_NODE_REGISTRATION_STATUS
[2025-09-16T08:19:25.303] debug:  _handle_node_reg_resp: slurmctld sent back 8 TRES.
[2025-09-16T08:19:25.303] debug2: Finish processing RPC: REQUEST_NODE_REGISTRATION_STATUS
[2025-09-16T08:19:25.303] debug:  _handle_node_reg_resp: slurmctld sent back 8 TRES.
[2025-09-16T08:19:25.303] debug2: Finish processing RPC: REQUEST_NODE_REGISTRATION_STATUS
[2025-09-16T08:22:45.140] debug2: Start processing RPC: REQUEST_PING
[2025-09-16T08:22:45.140] debug2: Start processing RPC: REQUEST_PING
[2025-09-16T08:22:45.140] debug2: Processing RPC: REQUEST_PING
[2025-09-16T08:22:45.140] debug2: Processing RPC: REQUEST_PING
[2025-09-16T08:22:45.141] debug2: Finish processing RPC: REQUEST_PING
[2025-09-16T08:22:45.141] debug2: Finish processing RPC: REQUEST_PING
[2025-09-16T08:26:05.096] debug2: Start processing RPC: REQUEST_PING
[2025-09-16T08:26:05.096] debug2: Start processing RPC: REQUEST_PING
[2025-09-16T08:26:05.097] debug2: Processing RPC: REQUEST_PING
[2025-09-16T08:26:05.097] debug2: Processing RPC: REQUEST_PING
[2025-09-16T08:26:05.098] debug2: Finish processing RPC: REQUEST_PING
[2025-09-16T08:26:05.098] debug2: Finish processing RPC: REQUEST_PING
[2025-09-16T08:29:25.445] debug2: Start processing RPC: REQUEST_PING
[2025-09-16T08:29:25.445] debug2: Start processing RPC: REQUEST_PING
[2025-09-16T08:29:25.446] debug2: Processing RPC: REQUEST_PING
[2025-09-16T08:29:25.446] debug2: Processing RPC: REQUEST_PING
[2025-09-16T08:29:25.446] debug2: Finish processing RPC: REQUEST_PING
[2025-09-16T08:29:25.446] debug2: Finish processing RPC: REQUEST_PING
[2025-09-16T08:32:45.239] debug2: Start processing RPC: REQUEST_PING
[2025-09-16T08:32:45.239] debug2: Start processing RPC: REQUEST_PING
[2025-09-16T08:32:45.239] debug2: Processing RPC: REQUEST_PING
[2025-09-16T08:32:45.239] debug2: Processing RPC: REQUEST_PING
[2025-09-16T08:32:45.240] debug2: Finish processing RPC: REQUEST_PING
[2025-09-16T08:32:45.240] debug2: Finish processing RPC: REQUEST_PING
[2025-09-16T08:36:05.718] debug2: Start processing RPC: REQUEST_PING
[2025-09-16T08:36:05.718] debug2: Start processing RPC: REQUEST_PING
[2025-09-16T08:36:05.718] debug2: Processing RPC: REQUEST_PING
[2025-09-16T08:36:05.718] debug2: Processing RPC: REQUEST_PING
[2025-09-16T08:36:05.719] debug2: Finish processing RPC: REQUEST_PING
[2025-09-16T08:36:05.719] debug2: Finish processing RPC: REQUEST_PING
[2025-09-16T08:39:25.484] debug2: Start processing RPC: REQUEST_PING
[2025-09-16T08:39:25.484] debug2: Processing RPC: REQUEST_PING
[2025-09-16T08:39:25.484] debug2: Start processing RPC: REQUEST_PING
[2025-09-16T08:39:25.484] debug2: Processing RPC: REQUEST_PING
[2025-09-16T08:39:25.485] debug2: Finish processing RPC: REQUEST_PING
[2025-09-16T08:39:25.485] debug2: Finish processing RPC: REQUEST_PING
[2025-09-16T08:42:45.104] debug2: Start processing RPC: REQUEST_PING
[2025-09-16T08:42:45.104] debug2: Processing RPC: REQUEST_PING
[2025-09-16T08:42:45.104] debug2: Start processing RPC: REQUEST_PING
[2025-09-16T08:42:45.104] debug2: Processing RPC: REQUEST_PING
[2025-09-16T08:42:45.104] debug2: Finish processing RPC: REQUEST_PING
[2025-09-16T08:42:45.105] debug2: Finish processing RPC: REQUEST_PING
[2025-09-16T08:46:05.010] debug2: Start processing RPC: REQUEST_PING
[2025-09-16T08:46:05.010] debug2: Processing RPC: REQUEST_PING
[2025-09-16T08:46:05.010] debug2: Start processing RPC: REQUEST_PING
[2025-09-16T08:46:05.010] debug2: Processing RPC: REQUEST_PING
[2025-09-16T08:46:05.010] debug2: Finish processing RPC: REQUEST_PING
[2025-09-16T08:46:05.010] debug2: Finish processing RPC: REQUEST_PING
[2025-09-16T08:49:25.443] debug2: Start processing RPC: REQUEST_PING
[2025-09-16T08:49:25.443] debug2: Start processing RPC: REQUEST_PING
[2025-09-16T08:49:25.443] debug2: Processing RPC: REQUEST_PING
[2025-09-16T08:49:25.443] debug2: Processing RPC: REQUEST_PING
[2025-09-16T08:49:25.444] debug2: Finish processing RPC: REQUEST_PING
[2025-09-16T08:49:25.444] debug2: Finish processing RPC: REQUEST_PING
[2025-09-16T08:52:45.655] debug2: Start processing RPC: REQUEST_NODE_REGISTRATION_STATUS
[2025-09-16T08:52:45.655] debug2: Start processing RPC: REQUEST_NODE_REGISTRATION_STATUS
[2025-09-16T08:52:45.655] debug2: Processing RPC: REQUEST_NODE_REGISTRATION_STATUS
[2025-09-16T08:52:45.655] debug2: Processing RPC: REQUEST_NODE_REGISTRATION_STATUS
[2025-09-16T08:52:45.658] debug:  _handle_node_reg_resp: slurmctld sent back 8 TRES.
[2025-09-16T08:52:45.658] debug:  _handle_node_reg_resp: slurmctld sent back 8 TRES.
[2025-09-16T08:52:45.658] debug2: Finish processing RPC: REQUEST_NODE_REGISTRATION_STATUS
[2025-09-16T08:52:45.658] debug2: Finish processing RPC: REQUEST_NODE_REGISTRATION_STATUS
[2025-09-16T08:56:05.899] debug2: Start processing RPC: REQUEST_PING
[2025-09-16T08:56:05.899] debug2: Start processing RPC: REQUEST_PING
[2025-09-16T08:56:05.899] debug2: Processing RPC: REQUEST_PING
[2025-09-16T08:56:05.899] debug2: Processing RPC: REQUEST_PING
[2025-09-16T08:56:05.899] debug2: Finish processing RPC: REQUEST_PING
[2025-09-16T08:56:05.899] debug2: Finish processing RPC: REQUEST_PING
[2025-09-16T08:59:25.983] debug2: Start processing RPC: REQUEST_PING
[2025-09-16T08:59:25.983] debug2: Start processing RPC: REQUEST_PING
[2025-09-16T08:59:25.983] debug2: Processing RPC: REQUEST_PING
[2025-09-16T08:59:25.983] debug2: Processing RPC: REQUEST_PING
[2025-09-16T08:59:25.984] debug2: Finish processing RPC: REQUEST_PING
[2025-09-16T08:59:25.984] debug2: Finish processing RPC: REQUEST_PING
[2025-09-16T09:02:45.178] debug2: Start processing RPC: REQUEST_PING
[2025-09-16T09:02:45.178] debug2: Processing RPC: REQUEST_PING
[2025-09-16T09:02:45.178] debug2: Start processing RPC: REQUEST_PING
[2025-09-16T09:02:45.178] debug2: Processing RPC: REQUEST_PING
[2025-09-16T09:02:45.178] debug2: Finish processing RPC: REQUEST_PING
[2025-09-16T09:02:45.178] debug2: Finish processing RPC: REQUEST_PING
[2025-09-16T09:06:05.554] debug2: Start processing RPC: REQUEST_PING
[2025-09-16T09:06:05.554] debug2: Start processing RPC: REQUEST_PING
[2025-09-16T09:06:05.554] debug2: Processing RPC: REQUEST_PING
[2025-09-16T09:06:05.554] debug2: Processing RPC: REQUEST_PING
[2025-09-16T09:06:05.555] debug2: Finish processing RPC: REQUEST_PING
[2025-09-16T09:06:05.555] debug2: Finish processing RPC: REQUEST_PING
[2025-09-16T09:09:25.708] debug2: Start processing RPC: REQUEST_PING
[2025-09-16T09:09:25.708] debug2: Start processing RPC: REQUEST_PING
[2025-09-16T09:09:25.708] debug2: Processing RPC: REQUEST_PING
[2025-09-16T09:09:25.708] debug2: Processing RPC: REQUEST_PING
[2025-09-16T09:09:25.709] debug2: Finish processing RPC: REQUEST_PING
[2025-09-16T09:09:25.709] debug2: Finish processing RPC: REQUEST_PING
[2025-09-16T09:12:45.196] debug2: Start processing RPC: REQUEST_PING
[2025-09-16T09:12:45.196] debug2: Processing RPC: REQUEST_PING
[2025-09-16T09:12:45.196] debug2: Start processing RPC: REQUEST_PING
[2025-09-16T09:12:45.196] debug2: Processing RPC: REQUEST_PING
[2025-09-16T09:12:45.197] debug2: Finish processing RPC: REQUEST_PING
[2025-09-16T09:12:45.197] debug2: Finish processing RPC: REQUEST_PING
[2025-09-16T09:16:05.141] debug2: Start processing RPC: REQUEST_PING
[2025-09-16T09:16:05.141] debug2: Start processing RPC: REQUEST_PING
[2025-09-16T09:16:05.141] debug2: Processing RPC: REQUEST_PING
[2025-09-16T09:16:05.141] debug2: Processing RPC: REQUEST_PING
[2025-09-16T09:16:05.141] debug2: Finish processing RPC: REQUEST_PING
[2025-09-16T09:16:05.141] debug2: Finish processing RPC: REQUEST_PING
[2025-09-16T09:19:25.971] debug2: Start processing RPC: REQUEST_PING
[2025-09-16T09:19:25.971] debug2: Start processing RPC: REQUEST_PING
[2025-09-16T09:19:25.971] debug2: Processing RPC: REQUEST_PING
[2025-09-16T09:19:25.971] debug2: Processing RPC: REQUEST_PING
[2025-09-16T09:19:25.971] debug2: Finish processing RPC: REQUEST_PING
[2025-09-16T09:19:25.971] debug2: Finish processing RPC: REQUEST_PING
[2025-09-16T09:22:45.755] debug2: Start processing RPC: REQUEST_PING
[2025-09-16T09:22:45.755] debug2: Start processing RPC: REQUEST_PING
[2025-09-16T09:22:45.755] debug2: Processing RPC: REQUEST_PING
[2025-09-16T09:22:45.755] debug2: Processing RPC: REQUEST_PING
[2025-09-16T09:22:45.755] debug2: Finish processing RPC: REQUEST_PING
[2025-09-16T09:22:45.755] debug2: Finish processing RPC: REQUEST_PING
[2025-09-16T09:26:05.657] debug2: Start processing RPC: REQUEST_NODE_REGISTRATION_STATUS
[2025-09-16T09:26:05.657] debug2: Start processing RPC: REQUEST_NODE_REGISTRATION_STATUS
[2025-09-16T09:26:05.657] debug2: Processing RPC: REQUEST_NODE_REGISTRATION_STATUS
[2025-09-16T09:26:05.657] debug2: Processing RPC: REQUEST_NODE_REGISTRATION_STATUS
[2025-09-16T09:26:05.660] debug:  _handle_node_reg_resp: slurmctld sent back 8 TRES.
[2025-09-16T09:26:05.660] debug:  _handle_node_reg_resp: slurmctld sent back 8 TRES.
[2025-09-16T09:26:05.660] debug2: Finish processing RPC: REQUEST_NODE_REGISTRATION_STATUS
[2025-09-16T09:26:05.660] debug2: Finish processing RPC: REQUEST_NODE_REGISTRATION_STATUS
[2025-09-16T09:29:25.346] debug2: Start processing RPC: REQUEST_PING
[2025-09-16T09:29:25.346] debug2: Start processing RPC: REQUEST_PING
[2025-09-16T09:29:25.346] debug2: Processing RPC: REQUEST_PING
[2025-09-16T09:29:25.346] debug2: Processing RPC: REQUEST_PING
[2025-09-16T09:29:25.347] debug2: Finish processing RPC: REQUEST_PING
[2025-09-16T09:29:25.347] debug2: Finish processing RPC: REQUEST_PING
[2025-09-16T09:32:45.567] debug2: Start processing RPC: REQUEST_PING
[2025-09-16T09:32:45.567] debug2: Start processing RPC: REQUEST_PING
[2025-09-16T09:32:45.567] debug2: Processing RPC: REQUEST_PING
[2025-09-16T09:32:45.567] debug2: Processing RPC: REQUEST_PING
[2025-09-16T09:32:45.568] debug2: Finish processing RPC: REQUEST_PING
[2025-09-16T09:32:45.568] debug2: Finish processing RPC: REQUEST_PING
[2025-09-16T09:36:05.731] debug2: Start processing RPC: REQUEST_PING
[2025-09-16T09:36:05.731] debug2: Start processing RPC: REQUEST_PING
[2025-09-16T09:36:05.732] debug2: Processing RPC: REQUEST_PING
[2025-09-16T09:36:05.732] debug2: Processing RPC: REQUEST_PING
[2025-09-16T09:36:05.732] debug2: Finish processing RPC: REQUEST_PING
[2025-09-16T09:36:05.732] debug2: Finish processing RPC: REQUEST_PING
[2025-09-16T09:39:25.109] debug2: Start processing RPC: REQUEST_PING
[2025-09-16T09:39:25.109] debug2: Start processing RPC: REQUEST_PING
[2025-09-16T09:39:25.109] debug2: Processing RPC: REQUEST_PING
[2025-09-16T09:39:25.110] debug2: Processing RPC: REQUEST_PING
[2025-09-16T09:39:25.110] debug2: Finish processing RPC: REQUEST_PING
[2025-09-16T09:39:25.110] debug2: Finish processing RPC: REQUEST_PING
[2025-09-16T09:42:45.173] debug2: Start processing RPC: REQUEST_PING
[2025-09-16T09:42:45.173] debug2: Start processing RPC: REQUEST_PING
[2025-09-16T09:42:45.173] debug2: Processing RPC: REQUEST_PING
[2025-09-16T09:42:45.173] debug2: Processing RPC: REQUEST_PING
[2025-09-16T09:42:45.173] debug2: Finish processing RPC: REQUEST_PING
[2025-09-16T09:42:45.173] debug2: Finish processing RPC: REQUEST_PING
[2025-09-16T09:46:05.257] debug2: Start processing RPC: REQUEST_PING
[2025-09-16T09:46:05.257] debug2: Processing RPC: REQUEST_PING
[2025-09-16T09:46:05.257] debug2: Start processing RPC: REQUEST_PING
[2025-09-16T09:46:05.257] debug2: Processing RPC: REQUEST_PING
[2025-09-16T09:46:05.257] debug2: Finish processing RPC: REQUEST_PING
[2025-09-16T09:46:05.257] debug2: Finish processing RPC: REQUEST_PING
[2025-09-16T09:49:25.120] debug2: Start processing RPC: REQUEST_PING
[2025-09-16T09:49:25.120] debug2: Processing RPC: REQUEST_PING
[2025-09-16T09:49:25.120] debug2: Start processing RPC: REQUEST_PING
[2025-09-16T09:49:25.120] debug2: Processing RPC: REQUEST_PING
[2025-09-16T09:49:25.120] debug2: Finish processing RPC: REQUEST_PING
[2025-09-16T09:49:25.120] debug2: Finish processing RPC: REQUEST_PING
[2025-09-16T09:52:45.870] debug2: Start processing RPC: REQUEST_PING
[2025-09-16T09:52:45.870] debug2: Start processing RPC: REQUEST_PING
[2025-09-16T09:52:45.870] debug2: Processing RPC: REQUEST_PING
[2025-09-16T09:52:45.870] debug2: Processing RPC: REQUEST_PING
[2025-09-16T09:52:45.870] debug2: Finish processing RPC: REQUEST_PING
[2025-09-16T09:52:45.870] debug2: Finish processing RPC: REQUEST_PING
[2025-09-16T09:56:05.311] debug2: Start processing RPC: REQUEST_PING
[2025-09-16T09:56:05.311] debug2: Start processing RPC: REQUEST_PING
[2025-09-16T09:56:05.311] debug2: Processing RPC: REQUEST_PING
[2025-09-16T09:56:05.311] debug2: Processing RPC: REQUEST_PING
[2025-09-16T09:56:05.311] debug2: Finish processing RPC: REQUEST_PING
[2025-09-16T09:56:05.311] debug2: Finish processing RPC: REQUEST_PING
[2025-09-16T09:59:25.362] debug2: Start processing RPC: REQUEST_NODE_REGISTRATION_STATUS
[2025-09-16T09:59:25.362] debug2: Processing RPC: REQUEST_NODE_REGISTRATION_STATUS
[2025-09-16T09:59:25.362] debug2: Start processing RPC: REQUEST_NODE_REGISTRATION_STATUS
[2025-09-16T09:59:25.362] debug2: Processing RPC: REQUEST_NODE_REGISTRATION_STATUS
[2025-09-16T09:59:25.365] debug:  _handle_node_reg_resp: slurmctld sent back 8 TRES.
[2025-09-16T09:59:25.365] debug2: Finish processing RPC: REQUEST_NODE_REGISTRATION_STATUS
[2025-09-16T09:59:25.365] debug:  _handle_node_reg_resp: slurmctld sent back 8 TRES.
[2025-09-16T09:59:25.365] debug2: Finish processing RPC: REQUEST_NODE_REGISTRATION_STATUS
[2025-09-16T10:02:45.382] debug2: Start processing RPC: REQUEST_PING
[2025-09-16T10:02:45.382] debug2: Start processing RPC: REQUEST_PING
[2025-09-16T10:02:45.383] debug2: Processing RPC: REQUEST_PING
[2025-09-16T10:02:45.383] debug2: Processing RPC: REQUEST_PING
[2025-09-16T10:02:45.383] debug2: Finish processing RPC: REQUEST_PING
[2025-09-16T10:02:45.383] debug2: Finish processing RPC: REQUEST_PING
[2025-09-16T10:06:05.680] debug2: Start processing RPC: REQUEST_PING
[2025-09-16T10:06:05.680] debug2: Start processing RPC: REQUEST_PING
[2025-09-16T10:06:05.680] debug2: Processing RPC: REQUEST_PING
[2025-09-16T10:06:05.680] debug2: Processing RPC: REQUEST_PING
[2025-09-16T10:06:05.680] debug2: Finish processing RPC: REQUEST_PING
[2025-09-16T10:06:05.680] debug2: Finish processing RPC: REQUEST_PING
[2025-09-16T10:09:25.210] debug2: Start processing RPC: REQUEST_PING
[2025-09-16T10:09:25.210] debug2: Processing RPC: REQUEST_PING
[2025-09-16T10:09:25.210] debug2: Start processing RPC: REQUEST_PING
[2025-09-16T10:09:25.210] debug2: Processing RPC: REQUEST_PING
[2025-09-16T10:09:25.210] debug2: Finish processing RPC: REQUEST_PING
[2025-09-16T10:09:25.210] debug2: Finish processing RPC: REQUEST_PING
[2025-09-16T10:12:45.977] debug2: Start processing RPC: REQUEST_PING
[2025-09-16T10:12:45.977] debug2: Processing RPC: REQUEST_PING
[2025-09-16T10:12:45.977] debug2: Start processing RPC: REQUEST_PING
[2025-09-16T10:12:45.977] debug2: Processing RPC: REQUEST_PING
[2025-09-16T10:12:45.978] debug2: Finish processing RPC: REQUEST_PING
[2025-09-16T10:12:45.978] debug2: Finish processing RPC: REQUEST_PING
[2025-09-16T10:16:05.741] debug2: Start processing RPC: REQUEST_PING
[2025-09-16T10:16:05.741] debug2: Processing RPC: REQUEST_PING
[2025-09-16T10:16:05.741] debug2: Start processing RPC: REQUEST_PING
[2025-09-16T10:16:05.741] debug2: Processing RPC: REQUEST_PING
[2025-09-16T10:16:05.742] debug2: Finish processing RPC: REQUEST_PING
[2025-09-16T10:16:05.742] debug2: Finish processing RPC: REQUEST_PING
[2025-09-16T10:19:25.542] debug2: Start processing RPC: REQUEST_PING
[2025-09-16T10:19:25.542] debug2: Start processing RPC: REQUEST_PING
[2025-09-16T10:19:25.542] debug2: Processing RPC: REQUEST_PING
[2025-09-16T10:19:25.542] debug2: Processing RPC: REQUEST_PING
[2025-09-16T10:19:25.542] debug2: Finish processing RPC: REQUEST_PING
[2025-09-16T10:19:25.542] debug2: Finish processing RPC: REQUEST_PING
[2025-09-16T10:22:45.703] debug2: Start processing RPC: REQUEST_PING
[2025-09-16T10:22:45.703] debug2: Processing RPC: REQUEST_PING
[2025-09-16T10:22:45.703] debug2: Start processing RPC: REQUEST_PING
[2025-09-16T10:22:45.703] debug2: Processing RPC: REQUEST_PING
[2025-09-16T10:22:45.703] debug2: Finish processing RPC: REQUEST_PING
[2025-09-16T10:22:45.703] debug2: Finish processing RPC: REQUEST_PING
[2025-09-16T10:26:05.738] debug2: Start processing RPC: REQUEST_PING
[2025-09-16T10:26:05.738] debug2: Start processing RPC: REQUEST_PING
[2025-09-16T10:26:05.738] debug2: Processing RPC: REQUEST_PING
[2025-09-16T10:26:05.738] debug2: Processing RPC: REQUEST_PING
[2025-09-16T10:26:05.738] debug2: Finish processing RPC: REQUEST_PING
[2025-09-16T10:26:05.738] debug2: Finish processing RPC: REQUEST_PING
[2025-09-16T10:29:25.101] debug2: Start processing RPC: REQUEST_PING
[2025-09-16T10:29:25.101] debug2: Start processing RPC: REQUEST_PING
[2025-09-16T10:29:25.101] debug2: Processing RPC: REQUEST_PING
[2025-09-16T10:29:25.101] debug2: Processing RPC: REQUEST_PING
[2025-09-16T10:29:25.101] debug2: Finish processing RPC: REQUEST_PING
[2025-09-16T10:29:25.101] debug2: Finish processing RPC: REQUEST_PING
[2025-09-16T10:32:45.030] debug2: Start processing RPC: REQUEST_NODE_REGISTRATION_STATUS
[2025-09-16T10:32:45.030] debug2: Start processing RPC: REQUEST_NODE_REGISTRATION_STATUS
[2025-09-16T10:32:45.030] debug2: Processing RPC: REQUEST_NODE_REGISTRATION_STATUS
[2025-09-16T10:32:45.030] debug2: Processing RPC: REQUEST_NODE_REGISTRATION_STATUS
[2025-09-16T10:32:45.033] debug:  _handle_node_reg_resp: slurmctld sent back 8 TRES.
[2025-09-16T10:32:45.033] debug:  _handle_node_reg_resp: slurmctld sent back 8 TRES.
[2025-09-16T10:32:45.033] debug2: Finish processing RPC: REQUEST_NODE_REGISTRATION_STATUS
[2025-09-16T10:32:45.033] debug2: Finish processing RPC: REQUEST_NODE_REGISTRATION_STATUS
[2025-09-16T10:36:05.231] debug2: Start processing RPC: REQUEST_PING
[2025-09-16T10:36:05.231] debug2: Start processing RPC: REQUEST_PING
[2025-09-16T10:36:05.231] debug2: Processing RPC: REQUEST_PING
[2025-09-16T10:36:05.231] debug2: Processing RPC: REQUEST_PING
[2025-09-16T10:36:05.231] debug2: Finish processing RPC: REQUEST_PING
[2025-09-16T10:36:05.231] debug2: Finish processing RPC: REQUEST_PING
[2025-09-16T10:39:25.120] debug2: Start processing RPC: REQUEST_PING
[2025-09-16T10:39:25.120] debug2: Processing RPC: REQUEST_PING
[2025-09-16T10:39:25.120] debug2: Start processing RPC: REQUEST_PING
[2025-09-16T10:39:25.120] debug2: Processing RPC: REQUEST_PING
[2025-09-16T10:39:25.120] debug2: Finish processing RPC: REQUEST_PING
[2025-09-16T10:39:25.120] debug2: Finish processing RPC: REQUEST_PING
[2025-09-16T10:42:45.148] debug2: Start processing RPC: REQUEST_PING
[2025-09-16T10:42:45.148] debug2: Start processing RPC: REQUEST_PING
[2025-09-16T10:42:45.148] debug2: Processing RPC: REQUEST_PING
[2025-09-16T10:42:45.148] debug2: Processing RPC: REQUEST_PING
[2025-09-16T10:42:45.149] debug2: Finish processing RPC: REQUEST_PING
[2025-09-16T10:42:45.149] debug2: Finish processing RPC: REQUEST_PING
[2025-09-16T10:46:05.943] debug2: Start processing RPC: REQUEST_PING
[2025-09-16T10:46:05.943] debug2: Start processing RPC: REQUEST_PING
[2025-09-16T10:46:05.943] debug2: Processing RPC: REQUEST_PING
[2025-09-16T10:46:05.943] debug2: Processing RPC: REQUEST_PING
[2025-09-16T10:46:05.944] debug2: Finish processing RPC: REQUEST_PING
[2025-09-16T10:46:05.944] debug2: Finish processing RPC: REQUEST_PING
[2025-09-16T10:49:25.637] debug2: Start processing RPC: REQUEST_PING
[2025-09-16T10:49:25.637] debug2: Start processing RPC: REQUEST_PING
[2025-09-16T10:49:25.637] debug2: Processing RPC: REQUEST_PING
[2025-09-16T10:49:25.637] debug2: Processing RPC: REQUEST_PING
[2025-09-16T10:49:25.637] debug2: Finish processing RPC: REQUEST_PING
[2025-09-16T10:49:25.637] debug2: Finish processing RPC: REQUEST_PING
[2025-09-16T10:52:45.339] debug2: Start processing RPC: REQUEST_PING
[2025-09-16T10:52:45.339] debug2: Start processing RPC: REQUEST_PING
[2025-09-16T10:52:45.339] debug2: Processing RPC: REQUEST_PING
[2025-09-16T10:52:45.339] debug2: Processing RPC: REQUEST_PING
[2025-09-16T10:52:45.340] debug2: Finish processing RPC: REQUEST_PING
[2025-09-16T10:52:45.340] debug2: Finish processing RPC: REQUEST_PING
[2025-09-16T10:56:05.777] debug2: Start processing RPC: REQUEST_PING
[2025-09-16T10:56:05.777] debug2: Processing RPC: REQUEST_PING
[2025-09-16T10:56:05.777] debug2: Start processing RPC: REQUEST_PING
[2025-09-16T10:56:05.777] debug2: Processing RPC: REQUEST_PING
[2025-09-16T10:56:05.777] debug2: Finish processing RPC: REQUEST_PING
[2025-09-16T10:56:05.777] debug2: Finish processing RPC: REQUEST_PING
[2025-09-16T10:59:25.127] debug2: Start processing RPC: REQUEST_PING
[2025-09-16T10:59:25.127] debug2: Start processing RPC: REQUEST_PING
[2025-09-16T10:59:25.128] debug2: Processing RPC: REQUEST_PING
[2025-09-16T10:59:25.128] debug2: Processing RPC: REQUEST_PING
[2025-09-16T10:59:25.128] debug2: Finish processing RPC: REQUEST_PING
[2025-09-16T10:59:25.128] debug2: Finish processing RPC: REQUEST_PING
[2025-09-16T11:02:45.535] debug2: Start processing RPC: REQUEST_PING
[2025-09-16T11:02:45.535] debug2: Start processing RPC: REQUEST_PING
[2025-09-16T11:02:45.535] debug2: Processing RPC: REQUEST_PING
[2025-09-16T11:02:45.535] debug2: Processing RPC: REQUEST_PING
[2025-09-16T11:02:45.536] debug2: Finish processing RPC: REQUEST_PING
[2025-09-16T11:02:45.536] debug2: Finish processing RPC: REQUEST_PING
[2025-09-16T11:06:05.793] debug2: Start processing RPC: REQUEST_NODE_REGISTRATION_STATUS
[2025-09-16T11:06:05.793] debug2: Processing RPC: REQUEST_NODE_REGISTRATION_STATUS
[2025-09-16T11:06:05.793] debug2: Start processing RPC: REQUEST_NODE_REGISTRATION_STATUS
[2025-09-16T11:06:05.793] debug2: Processing RPC: REQUEST_NODE_REGISTRATION_STATUS
[2025-09-16T11:06:05.795] debug:  _handle_node_reg_resp: slurmctld sent back 8 TRES.
[2025-09-16T11:06:05.795] debug2: Finish processing RPC: REQUEST_NODE_REGISTRATION_STATUS
[2025-09-16T11:06:05.795] debug:  _handle_node_reg_resp: slurmctld sent back 8 TRES.
[2025-09-16T11:06:05.795] debug2: Finish processing RPC: REQUEST_NODE_REGISTRATION_STATUS
[2025-09-16T11:09:25.553] debug2: Start processing RPC: REQUEST_PING
[2025-09-16T11:09:25.553] debug2: Processing RPC: REQUEST_PING
[2025-09-16T11:09:25.553] debug2: Start processing RPC: REQUEST_PING
[2025-09-16T11:09:25.553] debug2: Processing RPC: REQUEST_PING
[2025-09-16T11:09:25.554] debug2: Finish processing RPC: REQUEST_PING
[2025-09-16T11:09:25.554] debug2: Finish processing RPC: REQUEST_PING
[2025-09-16T11:12:46.040] debug2: Start processing RPC: REQUEST_PING
[2025-09-16T11:12:46.040] debug2: Processing RPC: REQUEST_PING
[2025-09-16T11:12:46.040] debug2: Start processing RPC: REQUEST_PING
[2025-09-16T11:12:46.040] debug2: Processing RPC: REQUEST_PING
[2025-09-16T11:12:46.040] debug2: Finish processing RPC: REQUEST_PING
[2025-09-16T11:12:46.040] debug2: Finish processing RPC: REQUEST_PING
[2025-09-16T11:16:06.114] debug2: Start processing RPC: REQUEST_PING
[2025-09-16T11:16:06.114] debug2: Start processing RPC: REQUEST_PING
[2025-09-16T11:16:06.114] debug2: Processing RPC: REQUEST_PING
[2025-09-16T11:16:06.114] debug2: Processing RPC: REQUEST_PING
[2025-09-16T11:16:06.114] debug2: Finish processing RPC: REQUEST_PING
[2025-09-16T11:16:06.115] debug2: Finish processing RPC: REQUEST_PING
[2025-09-16T11:19:26.280] debug2: Start processing RPC: REQUEST_PING
[2025-09-16T11:19:26.280] debug2: Start processing RPC: REQUEST_PING
[2025-09-16T11:19:26.280] debug2: Processing RPC: REQUEST_PING
[2025-09-16T11:19:26.280] debug2: Processing RPC: REQUEST_PING
[2025-09-16T11:19:26.280] debug2: Finish processing RPC: REQUEST_PING
[2025-09-16T11:19:26.280] debug2: Finish processing RPC: REQUEST_PING
[2025-09-16T11:22:46.247] debug2: Start processing RPC: REQUEST_PING
[2025-09-16T11:22:46.247] debug2: Processing RPC: REQUEST_PING
[2025-09-16T11:22:46.247] debug2: Start processing RPC: REQUEST_PING
[2025-09-16T11:22:46.247] debug2: Processing RPC: REQUEST_PING
[2025-09-16T11:22:46.248] debug2: Finish processing RPC: REQUEST_PING
[2025-09-16T11:22:46.248] debug2: Finish processing RPC: REQUEST_PING
[2025-09-16T11:26:06.041] debug2: Start processing RPC: REQUEST_PING
[2025-09-16T11:26:06.041] debug2: Start processing RPC: REQUEST_PING
[2025-09-16T11:26:06.041] debug2: Processing RPC: REQUEST_PING
[2025-09-16T11:26:06.041] debug2: Processing RPC: REQUEST_PING
[2025-09-16T11:26:06.041] debug2: Finish processing RPC: REQUEST_PING
[2025-09-16T11:26:06.041] debug2: Finish processing RPC: REQUEST_PING
[2025-09-16T11:29:26.274] debug2: Start processing RPC: REQUEST_PING
[2025-09-16T11:29:26.274] debug2: Processing RPC: REQUEST_PING
[2025-09-16T11:29:26.274] debug2: Start processing RPC: REQUEST_PING
[2025-09-16T11:29:26.274] debug2: Processing RPC: REQUEST_PING
[2025-09-16T11:29:26.275] debug2: Finish processing RPC: REQUEST_PING
[2025-09-16T11:29:26.275] debug2: Finish processing RPC: REQUEST_PING
[2025-09-16T11:32:46.957] debug2: Start processing RPC: REQUEST_PING
[2025-09-16T11:32:46.957] debug2: Start processing RPC: REQUEST_PING
[2025-09-16T11:32:46.957] debug2: Processing RPC: REQUEST_PING
[2025-09-16T11:32:46.957] debug2: Processing RPC: REQUEST_PING
[2025-09-16T11:32:46.958] debug2: Finish processing RPC: REQUEST_PING
[2025-09-16T11:32:46.958] debug2: Finish processing RPC: REQUEST_PING
[2025-09-16T11:34:27.028] debug2: Start processing RPC: REQUEST_PING
[2025-09-16T11:34:27.028] debug2: Start processing RPC: REQUEST_PING
[2025-09-16T11:34:27.028] debug2: Processing RPC: REQUEST_PING
[2025-09-16T11:34:27.028] debug2: Processing RPC: REQUEST_PING
[2025-09-16T11:34:27.029] debug2: Finish processing RPC: REQUEST_PING
[2025-09-16T11:34:27.029] debug2: Finish processing RPC: REQUEST_PING
[2025-09-16T11:37:47.956] debug2: Start processing RPC: REQUEST_PING
[2025-09-16T11:37:47.956] debug2: Start processing RPC: REQUEST_PING
[2025-09-16T11:37:47.956] debug2: Processing RPC: REQUEST_PING
[2025-09-16T11:37:47.956] debug2: Processing RPC: REQUEST_PING
[2025-09-16T11:37:47.957] debug2: Finish processing RPC: REQUEST_PING
[2025-09-16T11:37:47.957] debug2: Finish processing RPC: REQUEST_PING
[2025-09-16T11:39:27.855] debug2: Start processing RPC: REQUEST_NODE_REGISTRATION_STATUS
[2025-09-16T11:39:27.855] debug2: Start processing RPC: REQUEST_NODE_REGISTRATION_STATUS
[2025-09-16T11:39:27.855] debug2: Processing RPC: REQUEST_NODE_REGISTRATION_STATUS
[2025-09-16T11:39:27.855] debug2: Processing RPC: REQUEST_NODE_REGISTRATION_STATUS
[2025-09-16T11:39:27.858] debug:  _handle_node_reg_resp: slurmctld sent back 8 TRES.
[2025-09-16T11:39:27.858] debug:  _handle_node_reg_resp: slurmctld sent back 8 TRES.
[2025-09-16T11:39:27.858] debug2: Finish processing RPC: REQUEST_NODE_REGISTRATION_STATUS
[2025-09-16T11:39:27.858] debug2: Finish processing RPC: REQUEST_NODE_REGISTRATION_STATUS
[2025-09-16T11:42:47.479] debug2: Start processing RPC: REQUEST_PING
[2025-09-16T11:42:47.479] debug2: Start processing RPC: REQUEST_PING
[2025-09-16T11:42:47.479] debug2: Processing RPC: REQUEST_PING
[2025-09-16T11:42:47.479] debug2: Processing RPC: REQUEST_PING
[2025-09-16T11:42:47.480] debug2: Finish processing RPC: REQUEST_PING
[2025-09-16T11:42:47.480] debug2: Finish processing RPC: REQUEST_PING
[2025-09-16T11:46:07.705] debug2: Start processing RPC: REQUEST_PING
[2025-09-16T11:46:07.705] debug2: Start processing RPC: REQUEST_PING
[2025-09-16T11:46:07.705] debug2: Processing RPC: REQUEST_PING
[2025-09-16T11:46:07.705] debug2: Processing RPC: REQUEST_PING
[2025-09-16T11:46:07.705] debug2: Finish processing RPC: REQUEST_PING
[2025-09-16T11:46:07.706] debug2: Finish processing RPC: REQUEST_PING
[2025-09-16T11:49:27.078] debug2: Start processing RPC: REQUEST_PING
[2025-09-16T11:49:27.078] debug2: Start processing RPC: REQUEST_PING
[2025-09-16T11:49:27.078] debug2: Processing RPC: REQUEST_PING
[2025-09-16T11:49:27.078] debug2: Processing RPC: REQUEST_PING
[2025-09-16T11:49:27.078] debug2: Finish processing RPC: REQUEST_PING
[2025-09-16T11:49:27.078] debug2: Finish processing RPC: REQUEST_PING
[2025-09-16T11:52:48.008] debug2: Start processing RPC: REQUEST_PING
[2025-09-16T11:52:48.008] debug2: Processing RPC: REQUEST_PING
[2025-09-16T11:52:48.008] debug2: Start processing RPC: REQUEST_PING
[2025-09-16T11:52:48.008] debug2: Processing RPC: REQUEST_PING
[2025-09-16T11:52:48.008] debug2: Finish processing RPC: REQUEST_PING
[2025-09-16T11:52:48.008] debug2: Finish processing RPC: REQUEST_PING
[2025-09-16T11:56:08.662] debug2: Start processing RPC: REQUEST_PING
[2025-09-16T11:56:08.662] debug2: Processing RPC: REQUEST_PING
[2025-09-16T11:56:08.662] debug2: Start processing RPC: REQUEST_PING
[2025-09-16T11:56:08.662] debug2: Processing RPC: REQUEST_PING
[2025-09-16T11:56:08.663] debug2: Finish processing RPC: REQUEST_PING
[2025-09-16T11:56:08.663] debug2: Finish processing RPC: REQUEST_PING
[2025-09-16T11:59:28.715] debug2: Start processing RPC: REQUEST_PING
[2025-09-16T11:59:28.715] debug2: Start processing RPC: REQUEST_PING
[2025-09-16T11:59:28.715] debug2: Processing RPC: REQUEST_PING
[2025-09-16T11:59:28.715] debug2: Processing RPC: REQUEST_PING
[2025-09-16T11:59:28.715] debug2: Finish processing RPC: REQUEST_PING
[2025-09-16T11:59:28.715] debug2: Finish processing RPC: REQUEST_PING
[2025-09-16T12:02:48.868] debug2: Start processing RPC: REQUEST_PING
[2025-09-16T12:02:48.868] debug2: Start processing RPC: REQUEST_PING
[2025-09-16T12:02:48.868] debug2: Processing RPC: REQUEST_PING
[2025-09-16T12:02:48.868] debug2: Processing RPC: REQUEST_PING
[2025-09-16T12:02:48.869] debug2: Finish processing RPC: REQUEST_PING
[2025-09-16T12:02:48.869] debug2: Finish processing RPC: REQUEST_PING
[2025-09-16T12:06:08.217] debug2: Start processing RPC: REQUEST_PING
[2025-09-16T12:06:08.217] debug2: Processing RPC: REQUEST_PING
[2025-09-16T12:06:08.217] debug2: Start processing RPC: REQUEST_PING
[2025-09-16T12:06:08.217] debug2: Processing RPC: REQUEST_PING
[2025-09-16T12:06:08.217] debug2: Finish processing RPC: REQUEST_PING
[2025-09-16T12:06:08.217] debug2: Finish processing RPC: REQUEST_PING
[2025-09-16T12:09:28.798] debug2: Start processing RPC: REQUEST_PING
[2025-09-16T12:09:28.799] debug2: Start processing RPC: REQUEST_PING
[2025-09-16T12:09:28.799] debug2: Processing RPC: REQUEST_PING
[2025-09-16T12:09:28.799] debug2: Processing RPC: REQUEST_PING
[2025-09-16T12:09:28.799] debug2: Finish processing RPC: REQUEST_PING
[2025-09-16T12:09:28.799] debug2: Finish processing RPC: REQUEST_PING
[2025-09-16T12:12:48.684] debug2: Start processing RPC: REQUEST_NODE_REGISTRATION_STATUS
[2025-09-16T12:12:48.684] debug2: Start processing RPC: REQUEST_NODE_REGISTRATION_STATUS
[2025-09-16T12:12:48.684] debug2: Processing RPC: REQUEST_NODE_REGISTRATION_STATUS
[2025-09-16T12:12:48.684] debug2: Processing RPC: REQUEST_NODE_REGISTRATION_STATUS
[2025-09-16T12:12:48.686] debug:  _handle_node_reg_resp: slurmctld sent back 8 TRES.
[2025-09-16T12:12:48.686] debug:  _handle_node_reg_resp: slurmctld sent back 8 TRES.
[2025-09-16T12:12:48.686] debug2: Finish processing RPC: REQUEST_NODE_REGISTRATION_STATUS
[2025-09-16T12:12:48.686] debug2: Finish processing RPC: REQUEST_NODE_REGISTRATION_STATUS
[2025-09-16T12:16:08.775] debug2: Start processing RPC: REQUEST_PING
[2025-09-16T12:16:08.775] debug2: Processing RPC: REQUEST_PING
[2025-09-16T12:16:08.775] debug2: Start processing RPC: REQUEST_PING
[2025-09-16T12:16:08.775] debug2: Processing RPC: REQUEST_PING
[2025-09-16T12:16:08.775] debug2: Finish processing RPC: REQUEST_PING
[2025-09-16T12:16:08.775] debug2: Finish processing RPC: REQUEST_PING
[2025-09-16T12:19:28.597] debug2: Start processing RPC: REQUEST_PING
[2025-09-16T12:19:28.597] debug2: Processing RPC: REQUEST_PING
[2025-09-16T12:19:28.597] debug2: Start processing RPC: REQUEST_PING
[2025-09-16T12:19:28.597] debug2: Processing RPC: REQUEST_PING
[2025-09-16T12:19:28.597] debug2: Finish processing RPC: REQUEST_PING
[2025-09-16T12:19:28.597] debug2: Finish processing RPC: REQUEST_PING
[2025-09-16T12:22:48.190] debug2: Start processing RPC: REQUEST_PING
[2025-09-16T12:22:48.190] debug2: Processing RPC: REQUEST_PING
[2025-09-16T12:22:48.190] debug2: Start processing RPC: REQUEST_PING
[2025-09-16T12:22:48.190] debug2: Processing RPC: REQUEST_PING
[2025-09-16T12:22:48.190] debug2: Finish processing RPC: REQUEST_PING
[2025-09-16T12:22:48.190] debug2: Finish processing RPC: REQUEST_PING
[2025-09-16T12:26:08.323] debug2: Start processing RPC: REQUEST_PING
[2025-09-16T12:26:08.323] debug2: Start processing RPC: REQUEST_PING
[2025-09-16T12:26:08.323] debug2: Processing RPC: REQUEST_PING
[2025-09-16T12:26:08.323] debug2: Processing RPC: REQUEST_PING
[2025-09-16T12:26:08.323] debug2: Finish processing RPC: REQUEST_PING
[2025-09-16T12:26:08.323] debug2: Finish processing RPC: REQUEST_PING
[2025-09-16T12:29:28.836] debug2: Start processing RPC: REQUEST_PING
[2025-09-16T12:29:28.836] debug2: Processing RPC: REQUEST_PING
[2025-09-16T12:29:28.836] debug2: Start processing RPC: REQUEST_PING
[2025-09-16T12:29:28.836] debug2: Processing RPC: REQUEST_PING
[2025-09-16T12:29:28.837] debug2: Finish processing RPC: REQUEST_PING
[2025-09-16T12:29:28.837] debug2: Finish processing RPC: REQUEST_PING
[2025-09-16T12:32:48.388] debug2: Start processing RPC: REQUEST_PING
[2025-09-16T12:32:48.388] debug2: Start processing RPC: REQUEST_PING
[2025-09-16T12:32:48.388] debug2: Processing RPC: REQUEST_PING
[2025-09-16T12:32:48.388] debug2: Processing RPC: REQUEST_PING
[2025-09-16T12:32:48.388] debug2: Finish processing RPC: REQUEST_PING
[2025-09-16T12:32:48.388] debug2: Finish processing RPC: REQUEST_PING
[2025-09-16T12:36:08.811] debug2: Start processing RPC: REQUEST_PING
[2025-09-16T12:36:08.811] debug2: Processing RPC: REQUEST_PING
[2025-09-16T12:36:08.811] debug2: Start processing RPC: REQUEST_PING
[2025-09-16T12:36:08.811] debug2: Processing RPC: REQUEST_PING
[2025-09-16T12:36:08.811] debug2: Finish processing RPC: REQUEST_PING
[2025-09-16T12:36:08.811] debug2: Finish processing RPC: REQUEST_PING
[2025-09-16T12:39:28.626] debug2: Start processing RPC: REQUEST_PING
[2025-09-16T12:39:28.626] debug2: Processing RPC: REQUEST_PING
[2025-09-16T12:39:28.626] debug2: Start processing RPC: REQUEST_PING
[2025-09-16T12:39:28.626] debug2: Processing RPC: REQUEST_PING
[2025-09-16T12:39:28.626] debug2: Finish processing RPC: REQUEST_PING
[2025-09-16T12:39:28.626] debug2: Finish processing RPC: REQUEST_PING
[2025-09-16T12:42:48.971] debug2: Start processing RPC: REQUEST_PING
[2025-09-16T12:42:48.971] debug2: Processing RPC: REQUEST_PING
[2025-09-16T12:42:48.971] debug2: Start processing RPC: REQUEST_PING
[2025-09-16T12:42:48.971] debug2: Processing RPC: REQUEST_PING
[2025-09-16T12:42:48.971] debug2: Finish processing RPC: REQUEST_PING
[2025-09-16T12:42:48.971] debug2: Finish processing RPC: REQUEST_PING
[2025-09-16T12:46:08.535] debug2: Start processing RPC: REQUEST_NODE_REGISTRATION_STATUS
[2025-09-16T12:46:08.535] debug2: Processing RPC: REQUEST_NODE_REGISTRATION_STATUS
[2025-09-16T12:46:08.535] debug2: Start processing RPC: REQUEST_NODE_REGISTRATION_STATUS
[2025-09-16T12:46:08.535] debug2: Processing RPC: REQUEST_NODE_REGISTRATION_STATUS
[2025-09-16T12:46:08.537] debug:  _handle_node_reg_resp: slurmctld sent back 8 TRES.
[2025-09-16T12:46:08.537] debug2: Finish processing RPC: REQUEST_NODE_REGISTRATION_STATUS
[2025-09-16T12:46:08.537] debug:  _handle_node_reg_resp: slurmctld sent back 8 TRES.
[2025-09-16T12:46:08.537] debug2: Finish processing RPC: REQUEST_NODE_REGISTRATION_STATUS
[2025-09-16T12:49:28.240] debug2: Start processing RPC: REQUEST_PING
[2025-09-16T12:49:28.240] debug2: Start processing RPC: REQUEST_PING
[2025-09-16T12:49:28.240] debug2: Processing RPC: REQUEST_PING
[2025-09-16T12:49:28.240] debug2: Processing RPC: REQUEST_PING
[2025-09-16T12:49:28.240] debug2: Finish processing RPC: REQUEST_PING
[2025-09-16T12:49:28.240] debug2: Finish processing RPC: REQUEST_PING
[2025-09-16T12:52:48.264] debug2: Start processing RPC: REQUEST_PING
[2025-09-16T12:52:48.264] debug2: Start processing RPC: REQUEST_PING
[2025-09-16T12:52:48.264] debug2: Processing RPC: REQUEST_PING
[2025-09-16T12:52:48.264] debug2: Processing RPC: REQUEST_PING
[2025-09-16T12:52:48.265] debug2: Finish processing RPC: REQUEST_PING
[2025-09-16T12:52:48.265] debug2: Finish processing RPC: REQUEST_PING
[2025-09-16T12:56:08.697] debug2: Start processing RPC: REQUEST_PING
[2025-09-16T12:56:08.697] debug2: Start processing RPC: REQUEST_PING
[2025-09-16T12:56:08.697] debug2: Processing RPC: REQUEST_PING
[2025-09-16T12:56:08.697] debug2: Processing RPC: REQUEST_PING
[2025-09-16T12:56:08.697] debug2: Finish processing RPC: REQUEST_PING
[2025-09-16T12:56:08.697] debug2: Finish processing RPC: REQUEST_PING
[2025-09-16T12:59:28.225] debug2: Start processing RPC: REQUEST_PING
[2025-09-16T12:59:28.225] debug2: Processing RPC: REQUEST_PING
[2025-09-16T12:59:28.225] debug2: Start processing RPC: REQUEST_PING
[2025-09-16T12:59:28.225] debug2: Processing RPC: REQUEST_PING
[2025-09-16T12:59:28.225] debug2: Finish processing RPC: REQUEST_PING
[2025-09-16T12:59:28.225] debug2: Finish processing RPC: REQUEST_PING
[2025-09-16T13:02:48.358] debug2: Start processing RPC: REQUEST_PING
[2025-09-16T13:02:48.358] debug2: Processing RPC: REQUEST_PING
[2025-09-16T13:02:48.358] debug2: Start processing RPC: REQUEST_PING
[2025-09-16T13:02:48.358] debug2: Processing RPC: REQUEST_PING
[2025-09-16T13:02:48.359] debug2: Finish processing RPC: REQUEST_PING
[2025-09-16T13:02:48.359] debug2: Finish processing RPC: REQUEST_PING
[2025-09-16T13:06:08.587] debug2: Start processing RPC: REQUEST_PING
[2025-09-16T13:06:08.587] debug2: Processing RPC: REQUEST_PING
[2025-09-16T13:06:08.587] debug2: Start processing RPC: REQUEST_PING
[2025-09-16T13:06:08.587] debug2: Processing RPC: REQUEST_PING
[2025-09-16T13:06:08.587] debug2: Finish processing RPC: REQUEST_PING
[2025-09-16T13:06:08.587] debug2: Finish processing RPC: REQUEST_PING
[2025-09-16T13:09:28.788] debug2: Start processing RPC: REQUEST_PING
[2025-09-16T13:09:28.788] debug2: Start processing RPC: REQUEST_PING
[2025-09-16T13:09:28.788] debug2: Processing RPC: REQUEST_PING
[2025-09-16T13:09:28.788] debug2: Processing RPC: REQUEST_PING
[2025-09-16T13:09:28.788] debug2: Finish processing RPC: REQUEST_PING
[2025-09-16T13:09:28.788] debug2: Finish processing RPC: REQUEST_PING
[2025-09-16T13:12:48.339] debug2: Start processing RPC: REQUEST_PING
[2025-09-16T13:12:48.339] debug2: Processing RPC: REQUEST_PING
[2025-09-16T13:12:48.339] debug2: Start processing RPC: REQUEST_PING
[2025-09-16T13:12:48.339] debug2: Processing RPC: REQUEST_PING
[2025-09-16T13:12:48.340] debug2: Finish processing RPC: REQUEST_PING
[2025-09-16T13:12:48.340] debug2: Finish processing RPC: REQUEST_PING
[2025-09-16T13:16:08.969] debug2: Start processing RPC: REQUEST_PING
[2025-09-16T13:16:08.969] debug2: Start processing RPC: REQUEST_PING
[2025-09-16T13:16:08.969] debug2: Processing RPC: REQUEST_PING
[2025-09-16T13:16:08.969] debug2: Processing RPC: REQUEST_PING
[2025-09-16T13:16:08.969] debug2: Finish processing RPC: REQUEST_PING
[2025-09-16T13:16:08.969] debug2: Finish processing RPC: REQUEST_PING
[2025-09-16T13:19:28.617] debug2: Start processing RPC: REQUEST_NODE_REGISTRATION_STATUS
[2025-09-16T13:19:28.617] debug2: Start processing RPC: REQUEST_NODE_REGISTRATION_STATUS
[2025-09-16T13:19:28.617] debug2: Processing RPC: REQUEST_NODE_REGISTRATION_STATUS
[2025-09-16T13:19:28.617] debug2: Processing RPC: REQUEST_NODE_REGISTRATION_STATUS
[2025-09-16T13:19:28.619] debug:  _handle_node_reg_resp: slurmctld sent back 8 TRES.
[2025-09-16T13:19:28.620] debug:  _handle_node_reg_resp: slurmctld sent back 8 TRES.
[2025-09-16T13:19:28.620] debug2: Finish processing RPC: REQUEST_NODE_REGISTRATION_STATUS
[2025-09-16T13:19:28.620] debug2: Finish processing RPC: REQUEST_NODE_REGISTRATION_STATUS
[2025-09-16T13:22:48.900] debug2: Start processing RPC: REQUEST_PING
[2025-09-16T13:22:48.900] debug2: Start processing RPC: REQUEST_PING
[2025-09-16T13:22:48.900] debug2: Processing RPC: REQUEST_PING
[2025-09-16T13:22:48.900] debug2: Processing RPC: REQUEST_PING
[2025-09-16T13:22:48.901] debug2: Finish processing RPC: REQUEST_PING
[2025-09-16T13:22:48.901] debug2: Finish processing RPC: REQUEST_PING
[2025-09-16T13:26:08.565] debug2: Start processing RPC: REQUEST_PING
[2025-09-16T13:26:08.565] debug2: Start processing RPC: REQUEST_PING
[2025-09-16T13:26:08.565] debug2: Processing RPC: REQUEST_PING
[2025-09-16T13:26:08.565] debug2: Processing RPC: REQUEST_PING
[2025-09-16T13:26:08.566] debug2: Finish processing RPC: REQUEST_PING
[2025-09-16T13:26:08.566] debug2: Finish processing RPC: REQUEST_PING
[2025-09-16T13:29:28.143] debug2: Start processing RPC: REQUEST_PING
[2025-09-16T13:29:28.143] debug2: Processing RPC: REQUEST_PING
[2025-09-16T13:29:28.143] debug2: Start processing RPC: REQUEST_PING
[2025-09-16T13:29:28.143] debug2: Processing RPC: REQUEST_PING
[2025-09-16T13:29:28.143] debug2: Finish processing RPC: REQUEST_PING
[2025-09-16T13:29:28.143] debug2: Finish processing RPC: REQUEST_PING
[2025-09-16T13:32:48.348] debug2: Start processing RPC: REQUEST_PING
[2025-09-16T13:32:48.348] debug2: Processing RPC: REQUEST_PING
[2025-09-16T13:32:48.348] debug2: Start processing RPC: REQUEST_PING
[2025-09-16T13:32:48.348] debug2: Processing RPC: REQUEST_PING
[2025-09-16T13:32:48.348] debug2: Finish processing RPC: REQUEST_PING
[2025-09-16T13:32:48.348] debug2: Finish processing RPC: REQUEST_PING
[2025-09-16T13:36:08.645] debug2: Start processing RPC: REQUEST_PING
[2025-09-16T13:36:08.645] debug2: Start processing RPC: REQUEST_PING
[2025-09-16T13:36:08.645] debug2: Processing RPC: REQUEST_PING
[2025-09-16T13:36:08.645] debug2: Processing RPC: REQUEST_PING
[2025-09-16T13:36:08.645] debug2: Finish processing RPC: REQUEST_PING
[2025-09-16T13:36:08.645] debug2: Finish processing RPC: REQUEST_PING
[2025-09-16T13:39:28.520] debug2: Start processing RPC: REQUEST_PING
[2025-09-16T13:39:28.520] debug2: Start processing RPC: REQUEST_PING
[2025-09-16T13:39:28.520] debug2: Processing RPC: REQUEST_PING
[2025-09-16T13:39:28.520] debug2: Processing RPC: REQUEST_PING
[2025-09-16T13:39:28.520] debug2: Finish processing RPC: REQUEST_PING
[2025-09-16T13:39:28.520] debug2: Finish processing RPC: REQUEST_PING
[2025-09-16T13:42:48.920] debug2: Start processing RPC: REQUEST_PING
[2025-09-16T13:42:48.920] debug2: Processing RPC: REQUEST_PING
[2025-09-16T13:42:48.920] debug2: Start processing RPC: REQUEST_PING
[2025-09-16T13:42:48.920] debug2: Processing RPC: REQUEST_PING
[2025-09-16T13:42:48.920] debug2: Finish processing RPC: REQUEST_PING
[2025-09-16T13:42:48.920] debug2: Finish processing RPC: REQUEST_PING
[2025-09-16T13:46:08.800] debug2: Start processing RPC: REQUEST_PING
[2025-09-16T13:46:08.800] debug2: Processing RPC: REQUEST_PING
[2025-09-16T13:46:08.800] debug2: Start processing RPC: REQUEST_PING
[2025-09-16T13:46:08.800] debug2: Processing RPC: REQUEST_PING
[2025-09-16T13:46:08.801] debug2: Finish processing RPC: REQUEST_PING
[2025-09-16T13:46:08.801] debug2: Finish processing RPC: REQUEST_PING
[2025-09-16T13:49:28.724] debug2: Start processing RPC: REQUEST_PING
[2025-09-16T13:49:28.724] debug2: Start processing RPC: REQUEST_PING
[2025-09-16T13:49:28.724] debug2: Processing RPC: REQUEST_PING
[2025-09-16T13:49:28.724] debug2: Processing RPC: REQUEST_PING
[2025-09-16T13:49:28.725] debug2: Finish processing RPC: REQUEST_PING
[2025-09-16T13:49:28.725] debug2: Finish processing RPC: REQUEST_PING
[2025-09-16T13:52:48.712] debug2: Start processing RPC: REQUEST_NODE_REGISTRATION_STATUS
[2025-09-16T13:52:48.712] debug2: Processing RPC: REQUEST_NODE_REGISTRATION_STATUS
[2025-09-16T13:52:48.712] debug2: Start processing RPC: REQUEST_NODE_REGISTRATION_STATUS
[2025-09-16T13:52:48.712] debug2: Processing RPC: REQUEST_NODE_REGISTRATION_STATUS
[2025-09-16T13:52:48.714] debug:  _handle_node_reg_resp: slurmctld sent back 8 TRES.
[2025-09-16T13:52:48.714] debug2: Finish processing RPC: REQUEST_NODE_REGISTRATION_STATUS
[2025-09-16T13:52:48.714] debug:  _handle_node_reg_resp: slurmctld sent back 8 TRES.
[2025-09-16T13:52:48.714] debug2: Finish processing RPC: REQUEST_NODE_REGISTRATION_STATUS
[2025-09-16T13:56:08.350] debug2: Start processing RPC: REQUEST_PING
[2025-09-16T13:56:08.350] debug2: Start processing RPC: REQUEST_PING
[2025-09-16T13:56:08.350] debug2: Processing RPC: REQUEST_PING
[2025-09-16T13:56:08.350] debug2: Processing RPC: REQUEST_PING
[2025-09-16T13:56:08.350] debug2: Finish processing RPC: REQUEST_PING
[2025-09-16T13:56:08.350] debug2: Finish processing RPC: REQUEST_PING
[2025-09-16T13:59:28.033] debug2: Start processing RPC: REQUEST_PING
[2025-09-16T13:59:28.033] debug2: Start processing RPC: REQUEST_PING
[2025-09-16T13:59:28.033] debug2: Processing RPC: REQUEST_PING
[2025-09-16T13:59:28.033] debug2: Processing RPC: REQUEST_PING
[2025-09-16T13:59:28.034] debug2: Finish processing RPC: REQUEST_PING
[2025-09-16T13:59:28.034] debug2: Finish processing RPC: REQUEST_PING
[2025-09-16T14:02:48.171] debug2: Start processing RPC: REQUEST_PING
[2025-09-16T14:02:48.171] debug2: Processing RPC: REQUEST_PING
[2025-09-16T14:02:48.171] debug2: Start processing RPC: REQUEST_PING
[2025-09-16T14:02:48.171] debug2: Processing RPC: REQUEST_PING
[2025-09-16T14:02:48.171] debug2: Finish processing RPC: REQUEST_PING
[2025-09-16T14:02:48.171] debug2: Finish processing RPC: REQUEST_PING
[2025-09-16T14:06:08.275] debug2: Start processing RPC: REQUEST_PING
[2025-09-16T14:06:08.275] debug2: Start processing RPC: REQUEST_PING
[2025-09-16T14:06:08.275] debug2: Processing RPC: REQUEST_PING
[2025-09-16T14:06:08.275] debug2: Processing RPC: REQUEST_PING
[2025-09-16T14:06:08.275] debug2: Finish processing RPC: REQUEST_PING
[2025-09-16T14:06:08.275] debug2: Finish processing RPC: REQUEST_PING
[2025-09-16T14:09:28.277] debug2: Start processing RPC: REQUEST_PING
[2025-09-16T14:09:28.277] debug2: Processing RPC: REQUEST_PING
[2025-09-16T14:09:28.277] debug2: Start processing RPC: REQUEST_PING
[2025-09-16T14:09:28.277] debug2: Processing RPC: REQUEST_PING
[2025-09-16T14:09:28.277] debug2: Finish processing RPC: REQUEST_PING
[2025-09-16T14:09:28.277] debug2: Finish processing RPC: REQUEST_PING
[2025-09-16T14:12:48.433] debug2: Start processing RPC: REQUEST_PING
[2025-09-16T14:12:48.433] debug2: Processing RPC: REQUEST_PING
[2025-09-16T14:12:48.433] debug2: Start processing RPC: REQUEST_PING
[2025-09-16T14:12:48.433] debug2: Processing RPC: REQUEST_PING
[2025-09-16T14:12:48.434] debug2: Finish processing RPC: REQUEST_PING
[2025-09-16T14:12:48.434] debug2: Finish processing RPC: REQUEST_PING
[2025-09-16T14:16:08.151] debug2: Start processing RPC: REQUEST_PING
[2025-09-16T14:16:08.151] debug2: Start processing RPC: REQUEST_PING
[2025-09-16T14:16:08.151] debug2: Processing RPC: REQUEST_PING
[2025-09-16T14:16:08.151] debug2: Processing RPC: REQUEST_PING
[2025-09-16T14:16:08.152] debug2: Finish processing RPC: REQUEST_PING
[2025-09-16T14:16:08.152] debug2: Finish processing RPC: REQUEST_PING
[2025-09-16T14:19:28.063] debug2: Start processing RPC: REQUEST_PING
[2025-09-16T14:19:28.063] debug2: Start processing RPC: REQUEST_PING
[2025-09-16T14:19:28.063] debug2: Processing RPC: REQUEST_PING
[2025-09-16T14:19:28.063] debug2: Processing RPC: REQUEST_PING
[2025-09-16T14:19:28.063] debug2: Finish processing RPC: REQUEST_PING
[2025-09-16T14:19:28.063] debug2: Finish processing RPC: REQUEST_PING
[2025-09-16T14:22:48.128] debug2: Start processing RPC: REQUEST_PING
[2025-09-16T14:22:48.128] debug2: Processing RPC: REQUEST_PING
[2025-09-16T14:22:48.128] debug2: Start processing RPC: REQUEST_PING
[2025-09-16T14:22:48.128] debug2: Processing RPC: REQUEST_PING
[2025-09-16T14:22:48.128] debug2: Finish processing RPC: REQUEST_PING
[2025-09-16T14:22:48.128] debug2: Finish processing RPC: REQUEST_PING
[2025-09-16T14:26:08.862] debug2: Start processing RPC: REQUEST_NODE_REGISTRATION_STATUS
[2025-09-16T14:26:08.862] debug2: Start processing RPC: REQUEST_NODE_REGISTRATION_STATUS
[2025-09-16T14:26:08.862] debug2: Processing RPC: REQUEST_NODE_REGISTRATION_STATUS
[2025-09-16T14:26:08.862] debug2: Processing RPC: REQUEST_NODE_REGISTRATION_STATUS
[2025-09-16T14:26:08.864] debug:  _handle_node_reg_resp: slurmctld sent back 8 TRES.
[2025-09-16T14:26:08.864] debug2: Finish processing RPC: REQUEST_NODE_REGISTRATION_STATUS
[2025-09-16T14:26:08.864] debug:  _handle_node_reg_resp: slurmctld sent back 8 TRES.
[2025-09-16T14:26:08.864] debug2: Finish processing RPC: REQUEST_NODE_REGISTRATION_STATUS
[2025-09-16T14:29:29.009] debug2: Start processing RPC: REQUEST_PING
[2025-09-16T14:29:29.009] debug2: Start processing RPC: REQUEST_PING
[2025-09-16T14:29:29.009] debug2: Processing RPC: REQUEST_PING
[2025-09-16T14:29:29.009] debug2: Processing RPC: REQUEST_PING
[2025-09-16T14:29:29.009] debug2: Finish processing RPC: REQUEST_PING
[2025-09-16T14:29:29.009] debug2: Finish processing RPC: REQUEST_PING
[2025-09-16T14:32:49.432] debug2: Start processing RPC: REQUEST_PING
[2025-09-16T14:32:49.432] debug2: Start processing RPC: REQUEST_PING
[2025-09-16T14:32:49.432] debug2: Processing RPC: REQUEST_PING
[2025-09-16T14:32:49.432] debug2: Processing RPC: REQUEST_PING
[2025-09-16T14:32:49.432] debug2: Finish processing RPC: REQUEST_PING
[2025-09-16T14:32:49.432] debug2: Finish processing RPC: REQUEST_PING
[2025-09-16T14:36:09.617] debug2: Start processing RPC: REQUEST_PING
[2025-09-16T14:36:09.617] debug2: Processing RPC: REQUEST_PING
[2025-09-16T14:36:09.617] debug2: Start processing RPC: REQUEST_PING
[2025-09-16T14:36:09.617] debug2: Processing RPC: REQUEST_PING
[2025-09-16T14:36:09.617] debug2: Finish processing RPC: REQUEST_PING
[2025-09-16T14:36:09.617] debug2: Finish processing RPC: REQUEST_PING
[2025-09-16T14:39:29.426] debug2: Start processing RPC: REQUEST_PING
[2025-09-16T14:39:29.426] debug2: Processing RPC: REQUEST_PING
[2025-09-16T14:39:29.426] debug2: Start processing RPC: REQUEST_PING
[2025-09-16T14:39:29.426] debug2: Processing RPC: REQUEST_PING
[2025-09-16T14:39:29.426] debug2: Finish processing RPC: REQUEST_PING
[2025-09-16T14:39:29.426] debug2: Finish processing RPC: REQUEST_PING
[2025-09-16T14:42:49.464] debug2: Start processing RPC: REQUEST_PING
[2025-09-16T14:42:49.464] debug2: Processing RPC: REQUEST_PING
[2025-09-16T14:42:49.464] debug2: Start processing RPC: REQUEST_PING
[2025-09-16T14:42:49.464] debug2: Processing RPC: REQUEST_PING
[2025-09-16T14:42:49.465] debug2: Finish processing RPC: REQUEST_PING
[2025-09-16T14:42:49.465] debug2: Finish processing RPC: REQUEST_PING
[2025-09-16T14:46:09.398] debug2: Start processing RPC: REQUEST_PING
[2025-09-16T14:46:09.398] debug2: Processing RPC: REQUEST_PING
[2025-09-16T14:46:09.398] debug2: Start processing RPC: REQUEST_PING
[2025-09-16T14:46:09.398] debug2: Processing RPC: REQUEST_PING
[2025-09-16T14:46:09.398] debug2: Finish processing RPC: REQUEST_PING
[2025-09-16T14:46:09.398] debug2: Finish processing RPC: REQUEST_PING
[2025-09-16T14:49:29.750] debug2: Start processing RPC: REQUEST_PING
[2025-09-16T14:49:29.750] debug2: Processing RPC: REQUEST_PING
[2025-09-16T14:49:29.750] debug2: Start processing RPC: REQUEST_PING
[2025-09-16T14:49:29.750] debug2: Processing RPC: REQUEST_PING
[2025-09-16T14:49:29.750] debug2: Finish processing RPC: REQUEST_PING
[2025-09-16T14:49:29.750] debug2: Finish processing RPC: REQUEST_PING
[2025-09-16T14:52:49.254] debug2: Start processing RPC: REQUEST_PING
[2025-09-16T14:52:49.254] debug2: Processing RPC: REQUEST_PING
[2025-09-16T14:52:49.254] debug2: Start processing RPC: REQUEST_PING
[2025-09-16T14:52:49.254] debug2: Processing RPC: REQUEST_PING
[2025-09-16T14:52:49.255] debug2: Finish processing RPC: REQUEST_PING
[2025-09-16T14:52:49.255] debug2: Finish processing RPC: REQUEST_PING
[2025-09-16T14:56:09.867] debug2: Start processing RPC: REQUEST_PING
[2025-09-16T14:56:09.867] debug2: Processing RPC: REQUEST_PING
[2025-09-16T14:56:09.867] debug2: Start processing RPC: REQUEST_PING
[2025-09-16T14:56:09.867] debug2: Processing RPC: REQUEST_PING
[2025-09-16T14:56:09.867] debug2: Finish processing RPC: REQUEST_PING
[2025-09-16T14:56:09.867] debug2: Finish processing RPC: REQUEST_PING
[2025-09-16T14:59:29.136] debug2: Start processing RPC: REQUEST_NODE_REGISTRATION_STATUS
[2025-09-16T14:59:29.136] debug2: Start processing RPC: REQUEST_NODE_REGISTRATION_STATUS
[2025-09-16T14:59:29.136] debug2: Processing RPC: REQUEST_NODE_REGISTRATION_STATUS
[2025-09-16T14:59:29.136] debug2: Processing RPC: REQUEST_NODE_REGISTRATION_STATUS
[2025-09-16T14:59:29.138] debug:  _handle_node_reg_resp: slurmctld sent back 8 TRES.
[2025-09-16T14:59:29.138] debug:  _handle_node_reg_resp: slurmctld sent back 8 TRES.
[2025-09-16T14:59:29.138] debug2: Finish processing RPC: REQUEST_NODE_REGISTRATION_STATUS
[2025-09-16T14:59:29.138] debug2: Finish processing RPC: REQUEST_NODE_REGISTRATION_STATUS
[2025-09-16T15:02:49.249] debug2: Start processing RPC: REQUEST_PING
[2025-09-16T15:02:49.249] debug2: Start processing RPC: REQUEST_PING
[2025-09-16T15:02:49.249] debug2: Processing RPC: REQUEST_PING
[2025-09-16T15:02:49.249] debug2: Processing RPC: REQUEST_PING
[2025-09-16T15:02:49.249] debug2: Finish processing RPC: REQUEST_PING
[2025-09-16T15:02:49.249] debug2: Finish processing RPC: REQUEST_PING
[2025-09-16T15:06:09.311] debug2: Start processing RPC: REQUEST_PING
[2025-09-16T15:06:09.311] debug2: Start processing RPC: REQUEST_PING
[2025-09-16T15:06:09.311] debug2: Processing RPC: REQUEST_PING
[2025-09-16T15:06:09.311] debug2: Processing RPC: REQUEST_PING
[2025-09-16T15:06:09.311] debug2: Finish processing RPC: REQUEST_PING
[2025-09-16T15:06:09.311] debug2: Finish processing RPC: REQUEST_PING
[2025-09-16T15:09:29.915] debug2: Start processing RPC: REQUEST_PING
[2025-09-16T15:09:29.915] debug2: Processing RPC: REQUEST_PING
[2025-09-16T15:09:29.916] debug2: Finish processing RPC: REQUEST_PING
[2025-09-16T15:09:29.916] debug2: Start processing RPC: REQUEST_PING
[2025-09-16T15:09:29.916] debug2: Processing RPC: REQUEST_PING
[2025-09-16T15:09:29.916] debug2: Finish processing RPC: REQUEST_PING
[2025-09-16T15:12:49.530] debug2: Start processing RPC: REQUEST_PING
[2025-09-16T15:12:49.530] debug2: Start processing RPC: REQUEST_PING
[2025-09-16T15:12:49.530] debug2: Processing RPC: REQUEST_PING
[2025-09-16T15:12:49.530] debug2: Processing RPC: REQUEST_PING
[2025-09-16T15:12:49.531] debug2: Finish processing RPC: REQUEST_PING
[2025-09-16T15:12:49.531] debug2: Finish processing RPC: REQUEST_PING
[2025-09-16T15:16:09.850] debug2: Start processing RPC: REQUEST_PING
[2025-09-16T15:16:09.850] debug2: Processing RPC: REQUEST_PING
[2025-09-16T15:16:09.850] debug2: Start processing RPC: REQUEST_PING
[2025-09-16T15:16:09.850] debug2: Processing RPC: REQUEST_PING
[2025-09-16T15:16:09.851] debug2: Finish processing RPC: REQUEST_PING
[2025-09-16T15:16:09.851] debug2: Finish processing RPC: REQUEST_PING
[2025-09-16T15:19:29.597] debug2: Start processing RPC: REQUEST_PING
[2025-09-16T15:19:29.597] debug2: Start processing RPC: REQUEST_PING
[2025-09-16T15:19:29.597] debug2: Processing RPC: REQUEST_PING
[2025-09-16T15:19:29.597] debug2: Processing RPC: REQUEST_PING
[2025-09-16T15:19:29.598] debug2: Finish processing RPC: REQUEST_PING
[2025-09-16T15:19:29.598] debug2: Finish processing RPC: REQUEST_PING
[2025-09-16T15:22:49.228] debug2: Start processing RPC: REQUEST_PING
[2025-09-16T15:22:49.228] debug2: Processing RPC: REQUEST_PING
[2025-09-16T15:22:49.228] debug2: Start processing RPC: REQUEST_PING
[2025-09-16T15:22:49.228] debug2: Processing RPC: REQUEST_PING
[2025-09-16T15:22:49.228] debug2: Finish processing RPC: REQUEST_PING
[2025-09-16T15:22:49.228] debug2: Finish processing RPC: REQUEST_PING
[2025-09-16T15:26:09.289] debug2: Start processing RPC: REQUEST_PING
[2025-09-16T15:26:09.289] debug2: Start processing RPC: REQUEST_PING
[2025-09-16T15:26:09.289] debug2: Processing RPC: REQUEST_PING
[2025-09-16T15:26:09.289] debug2: Processing RPC: REQUEST_PING
[2025-09-16T15:26:09.290] debug2: Finish processing RPC: REQUEST_PING
[2025-09-16T15:26:09.290] debug2: Finish processing RPC: REQUEST_PING
[2025-09-16T15:29:29.394] debug2: Start processing RPC: REQUEST_PING
[2025-09-16T15:29:29.394] debug2: Processing RPC: REQUEST_PING
[2025-09-16T15:29:29.394] debug2: Start processing RPC: REQUEST_PING
[2025-09-16T15:29:29.394] debug2: Processing RPC: REQUEST_PING
[2025-09-16T15:29:29.394] debug2: Finish processing RPC: REQUEST_PING
[2025-09-16T15:29:29.394] debug2: Finish processing RPC: REQUEST_PING
[2025-09-16T15:32:49.946] debug2: Start processing RPC: REQUEST_NODE_REGISTRATION_STATUS
[2025-09-16T15:32:49.946] debug2: Start processing RPC: REQUEST_NODE_REGISTRATION_STATUS
[2025-09-16T15:32:49.946] debug2: Processing RPC: REQUEST_NODE_REGISTRATION_STATUS
[2025-09-16T15:32:49.946] debug2: Processing RPC: REQUEST_NODE_REGISTRATION_STATUS
[2025-09-16T15:32:49.948] debug:  _handle_node_reg_resp: slurmctld sent back 8 TRES.
[2025-09-16T15:32:49.948] debug2: Finish processing RPC: REQUEST_NODE_REGISTRATION_STATUS
[2025-09-16T15:32:49.948] debug:  _handle_node_reg_resp: slurmctld sent back 8 TRES.
[2025-09-16T15:32:49.948] debug2: Finish processing RPC: REQUEST_NODE_REGISTRATION_STATUS
[2025-09-16T15:36:09.105] debug2: Start processing RPC: REQUEST_PING
[2025-09-16T15:36:09.105] debug2: Start processing RPC: REQUEST_PING
[2025-09-16T15:36:09.105] debug2: Processing RPC: REQUEST_PING
[2025-09-16T15:36:09.105] debug2: Processing RPC: REQUEST_PING
[2025-09-16T15:36:09.105] debug2: Finish processing RPC: REQUEST_PING
[2025-09-16T15:36:09.105] debug2: Finish processing RPC: REQUEST_PING
[2025-09-16T15:39:29.607] debug2: Start processing RPC: REQUEST_PING
[2025-09-16T15:39:29.607] debug2: Start processing RPC: REQUEST_PING
[2025-09-16T15:39:29.607] debug2: Processing RPC: REQUEST_PING
[2025-09-16T15:39:29.607] debug2: Processing RPC: REQUEST_PING
[2025-09-16T15:39:29.607] debug2: Finish processing RPC: REQUEST_PING
[2025-09-16T15:39:29.607] debug2: Finish processing RPC: REQUEST_PING
[2025-09-16T15:42:49.961] debug2: Start processing RPC: REQUEST_PING
[2025-09-16T15:42:49.961] debug2: Start processing RPC: REQUEST_PING
[2025-09-16T15:42:49.961] debug2: Processing RPC: REQUEST_PING
[2025-09-16T15:42:49.961] debug2: Processing RPC: REQUEST_PING
[2025-09-16T15:42:49.962] debug2: Finish processing RPC: REQUEST_PING
[2025-09-16T15:42:49.962] debug2: Finish processing RPC: REQUEST_PING
[2025-09-16T15:46:09.781] debug2: Start processing RPC: REQUEST_PING
[2025-09-16T15:46:09.781] debug2: Start processing RPC: REQUEST_PING
[2025-09-16T15:46:09.781] debug2: Processing RPC: REQUEST_PING
[2025-09-16T15:46:09.781] debug2: Processing RPC: REQUEST_PING
[2025-09-16T15:46:09.782] debug2: Finish processing RPC: REQUEST_PING
[2025-09-16T15:46:09.782] debug2: Finish processing RPC: REQUEST_PING
[2025-09-16T15:49:29.167] debug2: Start processing RPC: REQUEST_PING
[2025-09-16T15:49:29.167] debug2: Start processing RPC: REQUEST_PING
[2025-09-16T15:49:29.167] debug2: Processing RPC: REQUEST_PING
[2025-09-16T15:49:29.167] debug2: Processing RPC: REQUEST_PING
[2025-09-16T15:49:29.167] debug2: Finish processing RPC: REQUEST_PING
[2025-09-16T15:49:29.167] debug2: Finish processing RPC: REQUEST_PING
[2025-09-16T15:52:49.479] debug2: Start processing RPC: REQUEST_PING
[2025-09-16T15:52:49.479] debug2: Processing RPC: REQUEST_PING
[2025-09-16T15:52:49.479] debug2: Start processing RPC: REQUEST_PING
[2025-09-16T15:52:49.479] debug2: Processing RPC: REQUEST_PING
[2025-09-16T15:52:49.479] debug2: Finish processing RPC: REQUEST_PING
[2025-09-16T15:52:49.479] debug2: Finish processing RPC: REQUEST_PING
[2025-09-16T15:56:09.960] debug2: Start processing RPC: REQUEST_PING
[2025-09-16T15:56:09.960] debug2: Start processing RPC: REQUEST_PING
[2025-09-16T15:56:09.960] debug2: Processing RPC: REQUEST_PING
[2025-09-16T15:56:09.960] debug2: Processing RPC: REQUEST_PING
[2025-09-16T15:56:09.960] debug2: Finish processing RPC: REQUEST_PING
[2025-09-16T15:56:09.960] debug2: Finish processing RPC: REQUEST_PING
[2025-09-16T15:59:29.769] debug2: Start processing RPC: REQUEST_PING
[2025-09-16T15:59:29.769] debug2: Start processing RPC: REQUEST_PING
[2025-09-16T15:59:29.769] debug2: Processing RPC: REQUEST_PING
[2025-09-16T15:59:29.769] debug2: Processing RPC: REQUEST_PING
[2025-09-16T15:59:29.770] debug2: Finish processing RPC: REQUEST_PING
[2025-09-16T15:59:29.770] debug2: Finish processing RPC: REQUEST_PING
[2025-09-16T16:02:49.565] debug2: Start processing RPC: REQUEST_PING
[2025-09-16T16:02:49.565] debug2: Start processing RPC: REQUEST_PING
[2025-09-16T16:02:49.565] debug2: Processing RPC: REQUEST_PING
[2025-09-16T16:02:49.565] debug2: Processing RPC: REQUEST_PING
[2025-09-16T16:02:49.565] debug2: Finish processing RPC: REQUEST_PING
[2025-09-16T16:02:49.565] debug2: Finish processing RPC: REQUEST_PING
[2025-09-16T16:06:09.574] debug2: Start processing RPC: REQUEST_NODE_REGISTRATION_STATUS
[2025-09-16T16:06:09.574] debug2: Processing RPC: REQUEST_NODE_REGISTRATION_STATUS
[2025-09-16T16:06:09.574] debug2: Start processing RPC: REQUEST_NODE_REGISTRATION_STATUS
[2025-09-16T16:06:09.574] debug2: Processing RPC: REQUEST_NODE_REGISTRATION_STATUS
[2025-09-16T16:06:09.576] debug:  _handle_node_reg_resp: slurmctld sent back 8 TRES.
[2025-09-16T16:06:09.576] debug:  _handle_node_reg_resp: slurmctld sent back 8 TRES.
[2025-09-16T16:06:09.576] debug2: Finish processing RPC: REQUEST_NODE_REGISTRATION_STATUS
[2025-09-16T16:06:09.577] debug2: Finish processing RPC: REQUEST_NODE_REGISTRATION_STATUS
[2025-09-16T16:09:29.910] debug2: Start processing RPC: REQUEST_PING
[2025-09-16T16:09:29.910] debug2: Start processing RPC: REQUEST_PING
[2025-09-16T16:09:29.910] debug2: Processing RPC: REQUEST_PING
[2025-09-16T16:09:29.910] debug2: Processing RPC: REQUEST_PING
[2025-09-16T16:09:29.910] debug2: Finish processing RPC: REQUEST_PING
[2025-09-16T16:09:29.910] debug2: Finish processing RPC: REQUEST_PING
[2025-09-16T16:12:49.148] debug2: Start processing RPC: REQUEST_PING
[2025-09-16T16:12:49.148] debug2: Processing RPC: REQUEST_PING
[2025-09-16T16:12:49.148] debug2: Start processing RPC: REQUEST_PING
[2025-09-16T16:12:49.148] debug2: Processing RPC: REQUEST_PING
[2025-09-16T16:12:49.149] debug2: Finish processing RPC: REQUEST_PING
[2025-09-16T16:12:49.149] debug2: Finish processing RPC: REQUEST_PING
[2025-09-16T16:16:09.393] debug2: Start processing RPC: REQUEST_PING
[2025-09-16T16:16:09.393] debug2: Start processing RPC: REQUEST_PING
[2025-09-16T16:16:09.393] debug2: Processing RPC: REQUEST_PING
[2025-09-16T16:16:09.393] debug2: Processing RPC: REQUEST_PING
[2025-09-16T16:16:09.394] debug2: Finish processing RPC: REQUEST_PING
[2025-09-16T16:16:09.394] debug2: Finish processing RPC: REQUEST_PING
[2025-09-16T16:19:29.089] debug2: Start processing RPC: REQUEST_PING
[2025-09-16T16:19:29.089] debug2: Start processing RPC: REQUEST_PING
[2025-09-16T16:19:29.089] debug2: Processing RPC: REQUEST_PING
[2025-09-16T16:19:29.089] debug2: Processing RPC: REQUEST_PING
[2025-09-16T16:19:29.089] debug2: Finish processing RPC: REQUEST_PING
[2025-09-16T16:19:29.089] debug2: Finish processing RPC: REQUEST_PING
[2025-09-16T16:22:49.410] debug2: Start processing RPC: REQUEST_PING
[2025-09-16T16:22:49.410] debug2: Start processing RPC: REQUEST_PING
[2025-09-16T16:22:49.410] debug2: Processing RPC: REQUEST_PING
[2025-09-16T16:22:49.410] debug2: Processing RPC: REQUEST_PING
[2025-09-16T16:22:49.411] debug2: Finish processing RPC: REQUEST_PING
[2025-09-16T16:22:49.411] debug2: Finish processing RPC: REQUEST_PING
[2025-09-16T16:26:09.518] debug2: Start processing RPC: REQUEST_PING
[2025-09-16T16:26:09.518] debug2: Start processing RPC: REQUEST_PING
[2025-09-16T16:26:09.518] debug2: Processing RPC: REQUEST_PING
[2025-09-16T16:26:09.518] debug2: Processing RPC: REQUEST_PING
[2025-09-16T16:26:09.518] debug2: Finish processing RPC: REQUEST_PING
[2025-09-16T16:26:09.518] debug2: Finish processing RPC: REQUEST_PING
[2025-09-16T16:29:29.427] debug2: Start processing RPC: REQUEST_PING
[2025-09-16T16:29:29.427] debug2: Processing RPC: REQUEST_PING
[2025-09-16T16:29:29.427] debug2: Start processing RPC: REQUEST_PING
[2025-09-16T16:29:29.427] debug2: Processing RPC: REQUEST_PING
[2025-09-16T16:29:29.427] debug2: Finish processing RPC: REQUEST_PING
[2025-09-16T16:29:29.427] debug2: Finish processing RPC: REQUEST_PING
[2025-09-16T16:32:49.555] debug2: Start processing RPC: REQUEST_PING
[2025-09-16T16:32:49.555] debug2: Processing RPC: REQUEST_PING
[2025-09-16T16:32:49.555] debug2: Start processing RPC: REQUEST_PING
[2025-09-16T16:32:49.555] debug2: Processing RPC: REQUEST_PING
[2025-09-16T16:32:49.555] debug2: Finish processing RPC: REQUEST_PING
[2025-09-16T16:32:49.555] debug2: Finish processing RPC: REQUEST_PING
[2025-09-16T16:36:09.485] debug2: Start processing RPC: REQUEST_PING
[2025-09-16T16:36:09.485] debug2: Processing RPC: REQUEST_PING
[2025-09-16T16:36:09.485] debug2: Start processing RPC: REQUEST_PING
[2025-09-16T16:36:09.486] debug2: Processing RPC: REQUEST_PING
[2025-09-16T16:36:09.486] debug2: Finish processing RPC: REQUEST_PING
[2025-09-16T16:36:09.486] debug2: Finish processing RPC: REQUEST_PING
[2025-09-16T16:39:29.036] debug2: Start processing RPC: REQUEST_NODE_REGISTRATION_STATUS
[2025-09-16T16:39:29.036] debug2: Start processing RPC: REQUEST_NODE_REGISTRATION_STATUS
[2025-09-16T16:39:29.036] debug2: Processing RPC: REQUEST_NODE_REGISTRATION_STATUS
[2025-09-16T16:39:29.036] debug2: Processing RPC: REQUEST_NODE_REGISTRATION_STATUS
[2025-09-16T16:39:29.038] debug:  _handle_node_reg_resp: slurmctld sent back 8 TRES.
[2025-09-16T16:39:29.038] debug2: Finish processing RPC: REQUEST_NODE_REGISTRATION_STATUS
[2025-09-16T16:39:29.038] debug:  _handle_node_reg_resp: slurmctld sent back 8 TRES.
[2025-09-16T16:39:29.038] debug2: Finish processing RPC: REQUEST_NODE_REGISTRATION_STATUS
[2025-09-16T16:42:49.305] debug2: Start processing RPC: REQUEST_PING
[2025-09-16T16:42:49.305] debug2: Processing RPC: REQUEST_PING
[2025-09-16T16:42:49.305] debug2: Start processing RPC: REQUEST_PING
[2025-09-16T16:42:49.305] debug2: Processing RPC: REQUEST_PING
[2025-09-16T16:42:49.306] debug2: Finish processing RPC: REQUEST_PING
[2025-09-16T16:42:49.306] debug2: Finish processing RPC: REQUEST_PING
[2025-09-16T16:46:09.420] debug2: Start processing RPC: REQUEST_PING
[2025-09-16T16:46:09.420] debug2: Start processing RPC: REQUEST_PING
[2025-09-16T16:46:09.420] debug2: Processing RPC: REQUEST_PING
[2025-09-16T16:46:09.420] debug2: Processing RPC: REQUEST_PING
[2025-09-16T16:46:09.421] debug2: Finish processing RPC: REQUEST_PING
[2025-09-16T16:46:09.421] debug2: Finish processing RPC: REQUEST_PING
[2025-09-16T16:49:29.050] debug2: Start processing RPC: REQUEST_PING
[2025-09-16T16:49:29.050] debug2: Start processing RPC: REQUEST_PING
[2025-09-16T16:49:29.050] debug2: Processing RPC: REQUEST_PING
[2025-09-16T16:49:29.050] debug2: Processing RPC: REQUEST_PING
[2025-09-16T16:49:29.050] debug2: Finish processing RPC: REQUEST_PING
[2025-09-16T16:49:29.050] debug2: Finish processing RPC: REQUEST_PING
[2025-09-16T16:52:49.417] debug2: Start processing RPC: REQUEST_PING
[2025-09-16T16:52:49.417] debug2: Start processing RPC: REQUEST_PING
[2025-09-16T16:52:49.417] debug2: Processing RPC: REQUEST_PING
[2025-09-16T16:52:49.417] debug2: Processing RPC: REQUEST_PING
[2025-09-16T16:52:49.418] debug2: Finish processing RPC: REQUEST_PING
[2025-09-16T16:52:49.418] debug2: Finish processing RPC: REQUEST_PING
[2025-09-16T16:56:09.758] debug2: Start processing RPC: REQUEST_PING
[2025-09-16T16:56:09.758] debug2: Start processing RPC: REQUEST_PING
[2025-09-16T16:56:09.758] debug2: Processing RPC: REQUEST_PING
[2025-09-16T16:56:09.758] debug2: Processing RPC: REQUEST_PING
[2025-09-16T16:56:09.758] debug2: Finish processing RPC: REQUEST_PING
[2025-09-16T16:56:09.758] debug2: Finish processing RPC: REQUEST_PING
[2025-09-16T16:59:29.669] debug2: Start processing RPC: REQUEST_PING
[2025-09-16T16:59:29.669] debug2: Processing RPC: REQUEST_PING
[2025-09-16T16:59:29.669] debug2: Start processing RPC: REQUEST_PING
[2025-09-16T16:59:29.669] debug2: Processing RPC: REQUEST_PING
[2025-09-16T16:59:29.670] debug2: Finish processing RPC: REQUEST_PING
[2025-09-16T16:59:29.670] debug2: Finish processing RPC: REQUEST_PING
[2025-09-16T17:02:49.593] debug2: Start processing RPC: REQUEST_PING
[2025-09-16T17:02:49.593] debug2: Start processing RPC: REQUEST_PING
[2025-09-16T17:02:49.593] debug2: Processing RPC: REQUEST_PING
[2025-09-16T17:02:49.593] debug2: Processing RPC: REQUEST_PING
[2025-09-16T17:02:49.593] debug2: Finish processing RPC: REQUEST_PING
[2025-09-16T17:02:49.593] debug2: Finish processing RPC: REQUEST_PING
[2025-09-16T17:06:09.266] debug2: Start processing RPC: REQUEST_PING
[2025-09-16T17:06:09.266] debug2: Start processing RPC: REQUEST_PING
[2025-09-16T17:06:09.266] debug2: Processing RPC: REQUEST_PING
[2025-09-16T17:06:09.266] debug2: Processing RPC: REQUEST_PING
[2025-09-16T17:06:09.267] debug2: Finish processing RPC: REQUEST_PING
[2025-09-16T17:06:09.267] debug2: Finish processing RPC: REQUEST_PING
[2025-09-16T17:09:29.819] debug2: Start processing RPC: REQUEST_PING
[2025-09-16T17:09:29.819] debug2: Start processing RPC: REQUEST_PING
[2025-09-16T17:09:29.819] debug2: Processing RPC: REQUEST_PING
[2025-09-16T17:09:29.819] debug2: Processing RPC: REQUEST_PING
[2025-09-16T17:09:29.820] debug2: Finish processing RPC: REQUEST_PING
[2025-09-16T17:09:29.820] debug2: Finish processing RPC: REQUEST_PING
[2025-09-16T17:12:49.634] debug2: Start processing RPC: REQUEST_NODE_REGISTRATION_STATUS
[2025-09-16T17:12:49.634] debug2: Start processing RPC: REQUEST_NODE_REGISTRATION_STATUS
[2025-09-16T17:12:49.634] debug2: Processing RPC: REQUEST_NODE_REGISTRATION_STATUS
[2025-09-16T17:12:49.634] debug2: Processing RPC: REQUEST_NODE_REGISTRATION_STATUS
[2025-09-16T17:12:49.636] debug:  _handle_node_reg_resp: slurmctld sent back 8 TRES.
[2025-09-16T17:12:49.636] debug:  _handle_node_reg_resp: slurmctld sent back 8 TRES.
[2025-09-16T17:12:49.636] debug2: Finish processing RPC: REQUEST_NODE_REGISTRATION_STATUS
[2025-09-16T17:12:49.636] debug2: Finish processing RPC: REQUEST_NODE_REGISTRATION_STATUS
[2025-09-16T17:16:09.026] debug2: Start processing RPC: REQUEST_PING
[2025-09-16T17:16:09.026] debug2: Processing RPC: REQUEST_PING
[2025-09-16T17:16:09.027] debug2: Start processing RPC: REQUEST_PING
[2025-09-16T17:16:09.027] debug2: Processing RPC: REQUEST_PING
[2025-09-16T17:16:09.027] debug2: Finish processing RPC: REQUEST_PING
[2025-09-16T17:16:09.027] debug2: Finish processing RPC: REQUEST_PING
[2025-09-16T17:19:29.575] debug2: Start processing RPC: REQUEST_PING
[2025-09-16T17:19:29.575] debug2: Processing RPC: REQUEST_PING
[2025-09-16T17:19:29.575] debug2: Start processing RPC: REQUEST_PING
[2025-09-16T17:19:29.575] debug2: Processing RPC: REQUEST_PING
[2025-09-16T17:19:29.576] debug2: Finish processing RPC: REQUEST_PING
[2025-09-16T17:19:29.576] debug2: Finish processing RPC: REQUEST_PING
[2025-09-16T17:22:49.562] debug2: Start processing RPC: REQUEST_PING
[2025-09-16T17:22:49.562] debug2: Processing RPC: REQUEST_PING
[2025-09-16T17:22:49.562] debug2: Start processing RPC: REQUEST_PING
[2025-09-16T17:22:49.562] debug2: Processing RPC: REQUEST_PING
[2025-09-16T17:22:49.563] debug2: Finish processing RPC: REQUEST_PING
[2025-09-16T17:22:49.563] debug2: Finish processing RPC: REQUEST_PING
[2025-09-16T17:26:09.163] debug2: Start processing RPC: REQUEST_PING
[2025-09-16T17:26:09.163] debug2: Start processing RPC: REQUEST_PING
[2025-09-16T17:26:09.163] debug2: Processing RPC: REQUEST_PING
[2025-09-16T17:26:09.163] debug2: Processing RPC: REQUEST_PING
[2025-09-16T17:26:09.164] debug2: Finish processing RPC: REQUEST_PING
[2025-09-16T17:26:09.164] debug2: Finish processing RPC: REQUEST_PING
[2025-09-16T17:29:29.295] debug2: Start processing RPC: REQUEST_PING
[2025-09-16T17:29:29.295] debug2: Start processing RPC: REQUEST_PING
[2025-09-16T17:29:29.295] debug2: Processing RPC: REQUEST_PING
[2025-09-16T17:29:29.295] debug2: Processing RPC: REQUEST_PING
[2025-09-16T17:29:29.295] debug2: Finish processing RPC: REQUEST_PING
[2025-09-16T17:29:29.295] debug2: Finish processing RPC: REQUEST_PING
[2025-09-16T17:32:49.245] debug2: Start processing RPC: REQUEST_PING
[2025-09-16T17:32:49.245] debug2: Start processing RPC: REQUEST_PING
[2025-09-16T17:32:49.245] debug2: Processing RPC: REQUEST_PING
[2025-09-16T17:32:49.245] debug2: Processing RPC: REQUEST_PING
[2025-09-16T17:32:49.246] debug2: Finish processing RPC: REQUEST_PING
[2025-09-16T17:32:49.246] debug2: Finish processing RPC: REQUEST_PING
[2025-09-16T17:36:09.623] debug2: Start processing RPC: REQUEST_PING
[2025-09-16T17:36:09.623] debug2: Start processing RPC: REQUEST_PING
[2025-09-16T17:36:09.623] debug2: Processing RPC: REQUEST_PING
[2025-09-16T17:36:09.623] debug2: Processing RPC: REQUEST_PING
[2025-09-16T17:36:09.624] debug2: Finish processing RPC: REQUEST_PING
[2025-09-16T17:36:09.624] debug2: Finish processing RPC: REQUEST_PING
[2025-09-16T17:39:29.808] debug2: Start processing RPC: REQUEST_PING
[2025-09-16T17:39:29.808] debug2: Processing RPC: REQUEST_PING
[2025-09-16T17:39:29.808] debug2: Start processing RPC: REQUEST_PING
[2025-09-16T17:39:29.808] debug2: Processing RPC: REQUEST_PING
[2025-09-16T17:39:29.809] debug2: Finish processing RPC: REQUEST_PING
[2025-09-16T17:39:29.809] debug2: Finish processing RPC: REQUEST_PING
[2025-09-16T17:42:49.644] debug2: Start processing RPC: REQUEST_PING
[2025-09-16T17:42:49.644] debug2: Processing RPC: REQUEST_PING
[2025-09-16T17:42:49.644] debug2: Start processing RPC: REQUEST_PING
[2025-09-16T17:42:49.644] debug2: Processing RPC: REQUEST_PING
[2025-09-16T17:42:49.644] debug2: Finish processing RPC: REQUEST_PING
[2025-09-16T17:42:49.644] debug2: Finish processing RPC: REQUEST_PING
[2025-09-16T17:46:09.537] debug2: Start processing RPC: REQUEST_NODE_REGISTRATION_STATUS
[2025-09-16T17:46:09.537] debug2: Processing RPC: REQUEST_NODE_REGISTRATION_STATUS
[2025-09-16T17:46:09.537] debug2: Start processing RPC: REQUEST_NODE_REGISTRATION_STATUS
[2025-09-16T17:46:09.537] debug2: Processing RPC: REQUEST_NODE_REGISTRATION_STATUS
[2025-09-16T17:46:09.539] debug:  _handle_node_reg_resp: slurmctld sent back 8 TRES.
[2025-09-16T17:46:09.539] debug:  _handle_node_reg_resp: slurmctld sent back 8 TRES.
[2025-09-16T17:46:09.539] debug2: Finish processing RPC: REQUEST_NODE_REGISTRATION_STATUS
[2025-09-16T17:46:09.539] debug2: Finish processing RPC: REQUEST_NODE_REGISTRATION_STATUS
[2025-09-16T17:49:29.984] debug2: Start processing RPC: REQUEST_PING
[2025-09-16T17:49:29.984] debug2: Start processing RPC: REQUEST_PING
[2025-09-16T17:49:29.984] debug2: Processing RPC: REQUEST_PING
[2025-09-16T17:49:29.984] debug2: Processing RPC: REQUEST_PING
[2025-09-16T17:49:29.984] debug2: Finish processing RPC: REQUEST_PING
[2025-09-16T17:49:29.984] debug2: Finish processing RPC: REQUEST_PING
[2025-09-16T17:52:49.074] debug2: Start processing RPC: REQUEST_PING
[2025-09-16T17:52:49.074] debug2: Start processing RPC: REQUEST_PING
[2025-09-16T17:52:49.074] debug2: Processing RPC: REQUEST_PING
[2025-09-16T17:52:49.074] debug2: Processing RPC: REQUEST_PING
[2025-09-16T17:52:49.075] debug2: Finish processing RPC: REQUEST_PING
[2025-09-16T17:52:49.075] debug2: Finish processing RPC: REQUEST_PING
[2025-09-16T17:56:09.108] debug2: Start processing RPC: REQUEST_PING
[2025-09-16T17:56:09.108] debug2: Start processing RPC: REQUEST_PING
[2025-09-16T17:56:09.108] debug2: Processing RPC: REQUEST_PING
[2025-09-16T17:56:09.108] debug2: Processing RPC: REQUEST_PING
[2025-09-16T17:56:09.109] debug2: Finish processing RPC: REQUEST_PING
[2025-09-16T17:56:09.109] debug2: Finish processing RPC: REQUEST_PING
[2025-09-16T17:59:29.116] debug2: Start processing RPC: REQUEST_PING
[2025-09-16T17:59:29.117] debug2: Processing RPC: REQUEST_PING
[2025-09-16T17:59:29.117] debug2: Start processing RPC: REQUEST_PING
[2025-09-16T17:59:29.117] debug2: Processing RPC: REQUEST_PING
[2025-09-16T17:59:29.117] debug2: Finish processing RPC: REQUEST_PING
[2025-09-16T17:59:29.117] debug2: Finish processing RPC: REQUEST_PING
[2025-09-16T18:02:49.926] debug2: Start processing RPC: REQUEST_PING
[2025-09-16T18:02:49.926] debug2: Start processing RPC: REQUEST_PING
[2025-09-16T18:02:49.926] debug2: Processing RPC: REQUEST_PING
[2025-09-16T18:02:49.926] debug2: Processing RPC: REQUEST_PING
[2025-09-16T18:02:49.926] debug2: Finish processing RPC: REQUEST_PING
[2025-09-16T18:02:49.926] debug2: Finish processing RPC: REQUEST_PING
[2025-09-16T18:06:09.763] debug2: Start processing RPC: REQUEST_PING
[2025-09-16T18:06:09.763] debug2: Start processing RPC: REQUEST_PING
[2025-09-16T18:06:09.763] debug2: Processing RPC: REQUEST_PING
[2025-09-16T18:06:09.763] debug2: Processing RPC: REQUEST_PING
[2025-09-16T18:06:09.763] debug2: Finish processing RPC: REQUEST_PING
[2025-09-16T18:06:09.763] debug2: Finish processing RPC: REQUEST_PING
[2025-09-16T18:09:29.079] debug2: Start processing RPC: REQUEST_PING
[2025-09-16T18:09:29.079] debug2: Start processing RPC: REQUEST_PING
[2025-09-16T18:09:29.079] debug2: Processing RPC: REQUEST_PING
[2025-09-16T18:09:29.079] debug2: Processing RPC: REQUEST_PING
[2025-09-16T18:09:29.080] debug2: Finish processing RPC: REQUEST_PING
[2025-09-16T18:09:29.080] debug2: Finish processing RPC: REQUEST_PING
[2025-09-16T18:12:49.733] debug2: Start processing RPC: REQUEST_PING
[2025-09-16T18:12:49.733] debug2: Start processing RPC: REQUEST_PING
[2025-09-16T18:12:49.733] debug2: Processing RPC: REQUEST_PING
[2025-09-16T18:12:49.733] debug2: Processing RPC: REQUEST_PING
[2025-09-16T18:12:49.734] debug2: Finish processing RPC: REQUEST_PING
[2025-09-16T18:12:49.734] debug2: Finish processing RPC: REQUEST_PING
[2025-09-16T18:16:09.735] debug2: Start processing RPC: REQUEST_PING
[2025-09-16T18:16:09.735] debug2: Processing RPC: REQUEST_PING
[2025-09-16T18:16:09.735] debug2: Start processing RPC: REQUEST_PING
[2025-09-16T18:16:09.735] debug2: Processing RPC: REQUEST_PING
[2025-09-16T18:16:09.735] debug2: Finish processing RPC: REQUEST_PING
[2025-09-16T18:16:09.735] debug2: Finish processing RPC: REQUEST_PING
[2025-09-16T18:19:29.831] debug2: Start processing RPC: REQUEST_NODE_REGISTRATION_STATUS
[2025-09-16T18:19:29.831] debug2: Start processing RPC: REQUEST_NODE_REGISTRATION_STATUS
[2025-09-16T18:19:29.831] debug2: Processing RPC: REQUEST_NODE_REGISTRATION_STATUS
[2025-09-16T18:19:29.831] debug2: Processing RPC: REQUEST_NODE_REGISTRATION_STATUS
[2025-09-16T18:19:29.833] debug:  _handle_node_reg_resp: slurmctld sent back 8 TRES.
[2025-09-16T18:19:29.833] debug2: Finish processing RPC: REQUEST_NODE_REGISTRATION_STATUS
[2025-09-16T18:19:29.833] debug:  _handle_node_reg_resp: slurmctld sent back 8 TRES.
[2025-09-16T18:19:29.834] debug2: Finish processing RPC: REQUEST_NODE_REGISTRATION_STATUS
[2025-09-16T18:22:49.384] debug2: Start processing RPC: REQUEST_PING
[2025-09-16T18:22:49.384] debug2: Start processing RPC: REQUEST_PING
[2025-09-16T18:22:49.384] debug2: Processing RPC: REQUEST_PING
[2025-09-16T18:22:49.384] debug2: Processing RPC: REQUEST_PING
[2025-09-16T18:22:49.384] debug2: Finish processing RPC: REQUEST_PING
[2025-09-16T18:22:49.384] debug2: Finish processing RPC: REQUEST_PING
[2025-09-16T18:26:09.686] debug2: Start processing RPC: REQUEST_PING
[2025-09-16T18:26:09.686] debug2: Start processing RPC: REQUEST_PING
[2025-09-16T18:26:09.686] debug2: Processing RPC: REQUEST_PING
[2025-09-16T18:26:09.686] debug2: Processing RPC: REQUEST_PING
[2025-09-16T18:26:09.687] debug2: Finish processing RPC: REQUEST_PING
[2025-09-16T18:26:09.687] debug2: Finish processing RPC: REQUEST_PING
[2025-09-16T18:29:29.501] debug2: Start processing RPC: REQUEST_PING
[2025-09-16T18:29:29.501] debug2: Processing RPC: REQUEST_PING
[2025-09-16T18:29:29.501] debug2: Start processing RPC: REQUEST_PING
[2025-09-16T18:29:29.501] debug2: Processing RPC: REQUEST_PING
[2025-09-16T18:29:29.501] debug2: Finish processing RPC: REQUEST_PING
[2025-09-16T18:29:29.501] debug2: Finish processing RPC: REQUEST_PING
[2025-09-16T18:32:49.439] debug2: Start processing RPC: REQUEST_PING
[2025-09-16T18:32:49.440] debug2: Processing RPC: REQUEST_PING
[2025-09-16T18:32:49.440] debug2: Start processing RPC: REQUEST_PING
[2025-09-16T18:32:49.440] debug2: Processing RPC: REQUEST_PING
[2025-09-16T18:32:49.440] debug2: Finish processing RPC: REQUEST_PING
[2025-09-16T18:32:49.440] debug2: Finish processing RPC: REQUEST_PING
[2025-09-16T18:36:09.527] debug2: Start processing RPC: REQUEST_PING
[2025-09-16T18:36:09.527] debug2: Processing RPC: REQUEST_PING
[2025-09-16T18:36:09.527] debug2: Start processing RPC: REQUEST_PING
[2025-09-16T18:36:09.527] debug2: Processing RPC: REQUEST_PING
[2025-09-16T18:36:09.527] debug2: Finish processing RPC: REQUEST_PING
[2025-09-16T18:36:09.527] debug2: Finish processing RPC: REQUEST_PING
[2025-09-16T18:39:29.933] debug2: Start processing RPC: REQUEST_PING
[2025-09-16T18:39:29.933] debug2: Start processing RPC: REQUEST_PING
[2025-09-16T18:39:29.933] debug2: Processing RPC: REQUEST_PING
[2025-09-16T18:39:29.933] debug2: Processing RPC: REQUEST_PING
[2025-09-16T18:39:29.933] debug2: Finish processing RPC: REQUEST_PING
[2025-09-16T18:39:29.933] debug2: Finish processing RPC: REQUEST_PING
[2025-09-16T18:42:49.326] debug2: Start processing RPC: REQUEST_PING
[2025-09-16T18:42:49.326] debug2: Start processing RPC: REQUEST_PING
[2025-09-16T18:42:49.326] debug2: Processing RPC: REQUEST_PING
[2025-09-16T18:42:49.326] debug2: Processing RPC: REQUEST_PING
[2025-09-16T18:42:49.327] debug2: Finish processing RPC: REQUEST_PING
[2025-09-16T18:42:49.327] debug2: Finish processing RPC: REQUEST_PING
[2025-09-16T18:46:09.768] debug2: Start processing RPC: REQUEST_PING
[2025-09-16T18:46:09.768] debug2: Start processing RPC: REQUEST_PING
[2025-09-16T18:46:09.768] debug2: Processing RPC: REQUEST_PING
[2025-09-16T18:46:09.768] debug2: Processing RPC: REQUEST_PING
[2025-09-16T18:46:09.769] debug2: Finish processing RPC: REQUEST_PING
[2025-09-16T18:46:09.769] debug2: Finish processing RPC: REQUEST_PING
[2025-09-16T18:49:29.265] debug2: Start processing RPC: REQUEST_PING
[2025-09-16T18:49:29.265] debug2: Processing RPC: REQUEST_PING
[2025-09-16T18:49:29.265] debug2: Start processing RPC: REQUEST_PING
[2025-09-16T18:49:29.265] debug2: Processing RPC: REQUEST_PING
[2025-09-16T18:49:29.265] debug2: Finish processing RPC: REQUEST_PING
[2025-09-16T18:49:29.265] debug2: Finish processing RPC: REQUEST_PING
[2025-09-16T18:52:49.132] debug2: Start processing RPC: REQUEST_NODE_REGISTRATION_STATUS
[2025-09-16T18:52:49.132] debug2: Start processing RPC: REQUEST_NODE_REGISTRATION_STATUS
[2025-09-16T18:52:49.132] debug2: Processing RPC: REQUEST_NODE_REGISTRATION_STATUS
[2025-09-16T18:52:49.132] debug2: Processing RPC: REQUEST_NODE_REGISTRATION_STATUS
[2025-09-16T18:52:49.134] debug:  _handle_node_reg_resp: slurmctld sent back 8 TRES.
[2025-09-16T18:52:49.134] debug:  _handle_node_reg_resp: slurmctld sent back 8 TRES.
[2025-09-16T18:52:49.134] debug2: Finish processing RPC: REQUEST_NODE_REGISTRATION_STATUS
[2025-09-16T18:52:49.134] debug2: Finish processing RPC: REQUEST_NODE_REGISTRATION_STATUS
[2025-09-16T18:56:09.491] debug2: Start processing RPC: REQUEST_PING
[2025-09-16T18:56:09.491] debug2: Start processing RPC: REQUEST_PING
[2025-09-16T18:56:09.491] debug2: Processing RPC: REQUEST_PING
[2025-09-16T18:56:09.491] debug2: Processing RPC: REQUEST_PING
[2025-09-16T18:56:09.492] debug2: Finish processing RPC: REQUEST_PING
[2025-09-16T18:56:09.492] debug2: Finish processing RPC: REQUEST_PING
[2025-09-16T18:59:29.646] debug2: Start processing RPC: REQUEST_PING
[2025-09-16T18:59:29.646] debug2: Start processing RPC: REQUEST_PING
[2025-09-16T18:59:29.646] debug2: Processing RPC: REQUEST_PING
[2025-09-16T18:59:29.646] debug2: Processing RPC: REQUEST_PING
[2025-09-16T18:59:29.646] debug2: Finish processing RPC: REQUEST_PING
[2025-09-16T18:59:29.647] debug2: Finish processing RPC: REQUEST_PING
[2025-09-16T19:02:49.832] debug2: Start processing RPC: REQUEST_PING
[2025-09-16T19:02:49.832] debug2: Start processing RPC: REQUEST_PING
[2025-09-16T19:02:49.832] debug2: Processing RPC: REQUEST_PING
[2025-09-16T19:02:49.832] debug2: Processing RPC: REQUEST_PING
[2025-09-16T19:02:49.832] debug2: Finish processing RPC: REQUEST_PING
[2025-09-16T19:02:49.832] debug2: Finish processing RPC: REQUEST_PING
[2025-09-16T19:06:09.106] debug2: Start processing RPC: REQUEST_PING
[2025-09-16T19:06:09.106] debug2: Start processing RPC: REQUEST_PING
[2025-09-16T19:06:09.106] debug2: Processing RPC: REQUEST_PING
[2025-09-16T19:06:09.106] debug2: Processing RPC: REQUEST_PING
[2025-09-16T19:06:09.106] debug2: Finish processing RPC: REQUEST_PING
[2025-09-16T19:06:09.106] debug2: Finish processing RPC: REQUEST_PING
[2025-09-16T19:09:29.111] debug2: Start processing RPC: REQUEST_PING
[2025-09-16T19:09:29.111] debug2: Start processing RPC: REQUEST_PING
[2025-09-16T19:09:29.111] debug2: Processing RPC: REQUEST_PING
[2025-09-16T19:09:29.111] debug2: Processing RPC: REQUEST_PING
[2025-09-16T19:09:29.111] debug2: Finish processing RPC: REQUEST_PING
[2025-09-16T19:09:29.111] debug2: Finish processing RPC: REQUEST_PING
[2025-09-16T19:12:49.707] debug2: Start processing RPC: REQUEST_PING
[2025-09-16T19:12:49.707] debug2: Start processing RPC: REQUEST_PING
[2025-09-16T19:12:49.707] debug2: Processing RPC: REQUEST_PING
[2025-09-16T19:12:49.707] debug2: Processing RPC: REQUEST_PING
[2025-09-16T19:12:49.707] debug2: Finish processing RPC: REQUEST_PING
[2025-09-16T19:12:49.707] debug2: Finish processing RPC: REQUEST_PING
[2025-09-16T19:16:09.264] debug2: Start processing RPC: REQUEST_PING
[2025-09-16T19:16:09.264] debug2: Start processing RPC: REQUEST_PING
[2025-09-16T19:16:09.264] debug2: Processing RPC: REQUEST_PING
[2025-09-16T19:16:09.264] debug2: Processing RPC: REQUEST_PING
[2025-09-16T19:16:09.264] debug2: Finish processing RPC: REQUEST_PING
[2025-09-16T19:16:09.264] debug2: Finish processing RPC: REQUEST_PING
[2025-09-16T19:19:29.935] debug2: Start processing RPC: REQUEST_PING
[2025-09-16T19:19:29.935] debug2: Processing RPC: REQUEST_PING
[2025-09-16T19:19:29.935] debug2: Start processing RPC: REQUEST_PING
[2025-09-16T19:19:29.935] debug2: Processing RPC: REQUEST_PING
[2025-09-16T19:19:29.935] debug2: Finish processing RPC: REQUEST_PING
[2025-09-16T19:19:29.935] debug2: Finish processing RPC: REQUEST_PING
[2025-09-16T19:22:49.858] debug2: Start processing RPC: REQUEST_PING
[2025-09-16T19:22:49.858] debug2: Start processing RPC: REQUEST_PING
[2025-09-16T19:22:49.858] debug2: Processing RPC: REQUEST_PING
[2025-09-16T19:22:49.858] debug2: Processing RPC: REQUEST_PING
[2025-09-16T19:22:49.858] debug2: Finish processing RPC: REQUEST_PING
[2025-09-16T19:22:49.859] debug2: Finish processing RPC: REQUEST_PING
[2025-09-16T19:26:09.672] debug2: Start processing RPC: REQUEST_NODE_REGISTRATION_STATUS
[2025-09-16T19:26:09.672] debug2: Processing RPC: REQUEST_NODE_REGISTRATION_STATUS
[2025-09-16T19:26:09.672] debug2: Start processing RPC: REQUEST_NODE_REGISTRATION_STATUS
[2025-09-16T19:26:09.672] debug2: Processing RPC: REQUEST_NODE_REGISTRATION_STATUS
[2025-09-16T19:26:09.674] debug:  _handle_node_reg_resp: slurmctld sent back 8 TRES.
[2025-09-16T19:26:09.674] debug:  _handle_node_reg_resp: slurmctld sent back 8 TRES.
[2025-09-16T19:26:09.675] debug2: Finish processing RPC: REQUEST_NODE_REGISTRATION_STATUS
[2025-09-16T19:26:09.675] debug2: Finish processing RPC: REQUEST_NODE_REGISTRATION_STATUS
[2025-09-16T19:29:29.327] debug2: Start processing RPC: REQUEST_PING
[2025-09-16T19:29:29.327] debug2: Start processing RPC: REQUEST_PING
[2025-09-16T19:29:29.327] debug2: Processing RPC: REQUEST_PING
[2025-09-16T19:29:29.327] debug2: Processing RPC: REQUEST_PING
[2025-09-16T19:29:29.328] debug2: Finish processing RPC: REQUEST_PING
[2025-09-16T19:29:29.328] debug2: Finish processing RPC: REQUEST_PING
[2025-09-16T19:31:10.007] debug2: Start processing RPC: REQUEST_PING
[2025-09-16T19:31:10.007] debug2: Start processing RPC: REQUEST_PING
[2025-09-16T19:31:10.007] debug2: Processing RPC: REQUEST_PING
[2025-09-16T19:31:10.007] debug2: Processing RPC: REQUEST_PING
[2025-09-16T19:31:10.008] debug2: Finish processing RPC: REQUEST_PING
[2025-09-16T19:31:10.008] debug2: Finish processing RPC: REQUEST_PING
[2025-09-16T19:34:30.371] debug2: Start processing RPC: REQUEST_PING
[2025-09-16T19:34:30.371] debug2: Start processing RPC: REQUEST_PING
[2025-09-16T19:34:30.371] debug2: Processing RPC: REQUEST_PING
[2025-09-16T19:34:30.371] debug2: Processing RPC: REQUEST_PING
[2025-09-16T19:34:30.371] debug2: Finish processing RPC: REQUEST_PING
[2025-09-16T19:34:30.371] debug2: Finish processing RPC: REQUEST_PING
[2025-09-16T19:37:50.311] debug2: Start processing RPC: REQUEST_PING
[2025-09-16T19:37:50.311] debug2: Start processing RPC: REQUEST_PING
[2025-09-16T19:37:50.311] debug2: Processing RPC: REQUEST_PING
[2025-09-16T19:37:50.311] debug2: Processing RPC: REQUEST_PING
[2025-09-16T19:37:50.311] debug2: Finish processing RPC: REQUEST_PING
[2025-09-16T19:37:50.311] debug2: Finish processing RPC: REQUEST_PING
[2025-09-16T19:41:10.408] debug2: Start processing RPC: REQUEST_PING
[2025-09-16T19:41:10.408] debug2: Start processing RPC: REQUEST_PING
[2025-09-16T19:41:10.408] debug2: Processing RPC: REQUEST_PING
[2025-09-16T19:41:10.408] debug2: Processing RPC: REQUEST_PING
[2025-09-16T19:41:10.409] debug2: Finish processing RPC: REQUEST_PING
[2025-09-16T19:41:10.409] debug2: Finish processing RPC: REQUEST_PING
[2025-09-16T19:44:30.185] debug2: Start processing RPC: REQUEST_PING
[2025-09-16T19:44:30.185] debug2: Start processing RPC: REQUEST_PING
[2025-09-16T19:44:30.185] debug2: Processing RPC: REQUEST_PING
[2025-09-16T19:44:30.185] debug2: Processing RPC: REQUEST_PING
[2025-09-16T19:44:30.185] debug2: Finish processing RPC: REQUEST_PING
[2025-09-16T19:44:30.185] debug2: Finish processing RPC: REQUEST_PING
[2025-09-16T19:47:50.437] debug2: Start processing RPC: REQUEST_PING
[2025-09-16T19:47:50.437] debug2: Start processing RPC: REQUEST_PING
[2025-09-16T19:47:50.437] debug2: Processing RPC: REQUEST_PING
[2025-09-16T19:47:50.437] debug2: Processing RPC: REQUEST_PING
[2025-09-16T19:47:50.438] debug2: Finish processing RPC: REQUEST_PING
[2025-09-16T19:47:50.438] debug2: Finish processing RPC: REQUEST_PING
[2025-09-16T19:51:10.786] debug2: Start processing RPC: REQUEST_PING
[2025-09-16T19:51:10.786] debug2: Start processing RPC: REQUEST_PING
[2025-09-16T19:51:10.786] debug2: Processing RPC: REQUEST_PING
[2025-09-16T19:51:10.786] debug2: Processing RPC: REQUEST_PING
[2025-09-16T19:51:10.786] debug2: Finish processing RPC: REQUEST_PING
[2025-09-16T19:51:10.786] debug2: Finish processing RPC: REQUEST_PING
[2025-09-16T19:54:30.554] debug2: Start processing RPC: REQUEST_PING
[2025-09-16T19:54:30.554] debug2: Start processing RPC: REQUEST_PING
[2025-09-16T19:54:30.555] debug2: Processing RPC: REQUEST_PING
[2025-09-16T19:54:30.555] debug2: Processing RPC: REQUEST_PING
[2025-09-16T19:54:30.555] debug2: Finish processing RPC: REQUEST_PING
[2025-09-16T19:54:30.555] debug2: Finish processing RPC: REQUEST_PING
[2025-09-16T19:57:50.533] debug2: Start processing RPC: REQUEST_PING
[2025-09-16T19:57:50.533] debug2: Processing RPC: REQUEST_PING
[2025-09-16T19:57:50.533] debug2: Start processing RPC: REQUEST_PING
[2025-09-16T19:57:50.533] debug2: Processing RPC: REQUEST_PING
[2025-09-16T19:57:50.534] debug2: Finish processing RPC: REQUEST_PING
[2025-09-16T19:57:50.534] debug2: Finish processing RPC: REQUEST_PING
[2025-09-16T19:59:30.773] debug2: Start processing RPC: REQUEST_NODE_REGISTRATION_STATUS
[2025-09-16T19:59:30.773] debug2: Processing RPC: REQUEST_NODE_REGISTRATION_STATUS
[2025-09-16T19:59:30.773] debug2: Start processing RPC: REQUEST_NODE_REGISTRATION_STATUS
[2025-09-16T19:59:30.773] debug2: Processing RPC: REQUEST_NODE_REGISTRATION_STATUS
[2025-09-16T19:59:30.775] debug:  _handle_node_reg_resp: slurmctld sent back 8 TRES.
[2025-09-16T19:59:30.775] debug2: Finish processing RPC: REQUEST_NODE_REGISTRATION_STATUS
[2025-09-16T19:59:30.775] debug:  _handle_node_reg_resp: slurmctld sent back 8 TRES.
[2025-09-16T19:59:30.775] debug2: Finish processing RPC: REQUEST_NODE_REGISTRATION_STATUS
[2025-09-16T20:02:50.177] debug2: Start processing RPC: REQUEST_PING
[2025-09-16T20:02:50.177] debug2: Start processing RPC: REQUEST_PING
[2025-09-16T20:02:50.177] debug2: Processing RPC: REQUEST_PING
[2025-09-16T20:02:50.177] debug2: Processing RPC: REQUEST_PING
[2025-09-16T20:02:50.177] debug2: Finish processing RPC: REQUEST_PING
[2025-09-16T20:02:50.177] debug2: Finish processing RPC: REQUEST_PING
[2025-09-16T20:06:10.219] debug2: Start processing RPC: REQUEST_PING
[2025-09-16T20:06:10.219] debug2: Start processing RPC: REQUEST_PING
[2025-09-16T20:06:10.219] debug2: Processing RPC: REQUEST_PING
[2025-09-16T20:06:10.219] debug2: Processing RPC: REQUEST_PING
[2025-09-16T20:06:10.220] debug2: Finish processing RPC: REQUEST_PING
[2025-09-16T20:06:10.220] debug2: Finish processing RPC: REQUEST_PING
[2025-09-16T20:09:30.078] debug2: Start processing RPC: REQUEST_PING
[2025-09-16T20:09:30.078] debug2: Processing RPC: REQUEST_PING
[2025-09-16T20:09:30.078] debug2: Start processing RPC: REQUEST_PING
[2025-09-16T20:09:30.078] debug2: Processing RPC: REQUEST_PING
[2025-09-16T20:09:30.079] debug2: Finish processing RPC: REQUEST_PING
[2025-09-16T20:09:30.079] debug2: Finish processing RPC: REQUEST_PING
[2025-09-16T20:12:50.831] debug2: Start processing RPC: REQUEST_PING
[2025-09-16T20:12:50.831] debug2: Start processing RPC: REQUEST_PING
[2025-09-16T20:12:50.831] debug2: Processing RPC: REQUEST_PING
[2025-09-16T20:12:50.831] debug2: Processing RPC: REQUEST_PING
[2025-09-16T20:12:50.832] debug2: Finish processing RPC: REQUEST_PING
[2025-09-16T20:12:50.832] debug2: Finish processing RPC: REQUEST_PING
[2025-09-16T20:16:10.316] debug2: Start processing RPC: REQUEST_PING
[2025-09-16T20:16:10.316] debug2: Start processing RPC: REQUEST_PING
[2025-09-16T20:16:10.316] debug2: Processing RPC: REQUEST_PING
[2025-09-16T20:16:10.316] debug2: Processing RPC: REQUEST_PING
[2025-09-16T20:16:10.317] debug2: Finish processing RPC: REQUEST_PING
[2025-09-16T20:16:10.317] debug2: Finish processing RPC: REQUEST_PING
[2025-09-16T20:17:51.003] debug2: Start processing RPC: REQUEST_PING
[2025-09-16T20:17:51.003] debug2: Start processing RPC: REQUEST_PING
[2025-09-16T20:17:51.003] debug2: Processing RPC: REQUEST_PING
[2025-09-16T20:17:51.003] debug2: Processing RPC: REQUEST_PING
[2025-09-16T20:17:51.004] debug2: Finish processing RPC: REQUEST_PING
[2025-09-16T20:17:51.004] debug2: Finish processing RPC: REQUEST_PING
[2025-09-16T20:21:11.647] debug2: Start processing RPC: REQUEST_PING
[2025-09-16T20:21:11.647] debug2: Processing RPC: REQUEST_PING
[2025-09-16T20:21:11.647] debug2: Start processing RPC: REQUEST_PING
[2025-09-16T20:21:11.647] debug2: Processing RPC: REQUEST_PING
[2025-09-16T20:21:11.647] debug2: Finish processing RPC: REQUEST_PING
[2025-09-16T20:21:11.647] debug2: Finish processing RPC: REQUEST_PING
[2025-09-16T20:24:31.704] debug2: Start processing RPC: REQUEST_PING
[2025-09-16T20:24:31.704] debug2: Processing RPC: REQUEST_PING
[2025-09-16T20:24:31.704] debug2: Start processing RPC: REQUEST_PING
[2025-09-16T20:24:31.704] debug2: Processing RPC: REQUEST_PING
[2025-09-16T20:24:31.705] debug2: Finish processing RPC: REQUEST_PING
[2025-09-16T20:24:31.705] debug2: Finish processing RPC: REQUEST_PING
[2025-09-16T20:27:51.867] debug2: Start processing RPC: REQUEST_PING
[2025-09-16T20:27:51.867] debug2: Processing RPC: REQUEST_PING
[2025-09-16T20:27:51.867] debug2: Start processing RPC: REQUEST_PING
[2025-09-16T20:27:51.867] debug2: Processing RPC: REQUEST_PING
[2025-09-16T20:27:51.868] debug2: Finish processing RPC: REQUEST_PING
[2025-09-16T20:27:51.868] debug2: Finish processing RPC: REQUEST_PING
[2025-09-16T20:31:11.148] debug2: Start processing RPC: REQUEST_PING
[2025-09-16T20:31:11.148] debug2: Processing RPC: REQUEST_PING
[2025-09-16T20:31:11.148] debug2: Start processing RPC: REQUEST_PING
[2025-09-16T20:31:11.148] debug2: Processing RPC: REQUEST_PING
[2025-09-16T20:31:11.149] debug2: Finish processing RPC: REQUEST_PING
[2025-09-16T20:31:11.149] debug2: Finish processing RPC: REQUEST_PING
[2025-09-16T20:32:51.925] debug2: Start processing RPC: REQUEST_NODE_REGISTRATION_STATUS
[2025-09-16T20:32:51.925] debug2: Start processing RPC: REQUEST_NODE_REGISTRATION_STATUS
[2025-09-16T20:32:51.925] debug2: Processing RPC: REQUEST_NODE_REGISTRATION_STATUS
[2025-09-16T20:32:51.925] debug2: Processing RPC: REQUEST_NODE_REGISTRATION_STATUS
[2025-09-16T20:32:51.927] debug:  _handle_node_reg_resp: slurmctld sent back 8 TRES.
[2025-09-16T20:32:51.927] debug2: Finish processing RPC: REQUEST_NODE_REGISTRATION_STATUS
[2025-09-16T20:32:51.927] debug:  _handle_node_reg_resp: slurmctld sent back 8 TRES.
[2025-09-16T20:32:51.927] debug2: Finish processing RPC: REQUEST_NODE_REGISTRATION_STATUS
[2025-09-16T20:36:11.753] debug2: Start processing RPC: REQUEST_PING
[2025-09-16T20:36:11.753] debug2: Start processing RPC: REQUEST_PING
[2025-09-16T20:36:11.753] debug2: Processing RPC: REQUEST_PING
[2025-09-16T20:36:11.753] debug2: Processing RPC: REQUEST_PING
[2025-09-16T20:36:11.753] debug2: Finish processing RPC: REQUEST_PING
[2025-09-16T20:36:11.753] debug2: Finish processing RPC: REQUEST_PING
[2025-09-16T20:39:31.440] debug2: Start processing RPC: REQUEST_PING
[2025-09-16T20:39:31.440] debug2: Start processing RPC: REQUEST_PING
[2025-09-16T20:39:31.440] debug2: Processing RPC: REQUEST_PING
[2025-09-16T20:39:31.440] debug2: Processing RPC: REQUEST_PING
[2025-09-16T20:39:31.440] debug2: Finish processing RPC: REQUEST_PING
[2025-09-16T20:39:31.440] debug2: Finish processing RPC: REQUEST_PING
[2025-09-16T20:42:51.357] debug2: Start processing RPC: REQUEST_PING
[2025-09-16T20:42:51.357] debug2: Start processing RPC: REQUEST_PING
[2025-09-16T20:42:51.357] debug2: Processing RPC: REQUEST_PING
[2025-09-16T20:42:51.357] debug2: Processing RPC: REQUEST_PING
[2025-09-16T20:42:51.357] debug2: Finish processing RPC: REQUEST_PING
[2025-09-16T20:42:51.358] debug2: Finish processing RPC: REQUEST_PING
[2025-09-16T20:46:11.824] debug2: Start processing RPC: REQUEST_PING
[2025-09-16T20:46:11.824] debug2: Processing RPC: REQUEST_PING
[2025-09-16T20:46:11.824] debug2: Start processing RPC: REQUEST_PING
[2025-09-16T20:46:11.824] debug2: Processing RPC: REQUEST_PING
[2025-09-16T20:46:11.824] debug2: Finish processing RPC: REQUEST_PING
[2025-09-16T20:46:11.824] debug2: Finish processing RPC: REQUEST_PING
[2025-09-16T20:49:31.077] debug2: Start processing RPC: REQUEST_PING
[2025-09-16T20:49:31.077] debug2: Start processing RPC: REQUEST_PING
[2025-09-16T20:49:31.077] debug2: Processing RPC: REQUEST_PING
[2025-09-16T20:49:31.077] debug2: Processing RPC: REQUEST_PING
[2025-09-16T20:49:31.077] debug2: Finish processing RPC: REQUEST_PING
[2025-09-16T20:49:31.077] debug2: Finish processing RPC: REQUEST_PING
[2025-09-16T20:52:51.102] debug2: Start processing RPC: REQUEST_PING
[2025-09-16T20:52:51.102] debug2: Processing RPC: REQUEST_PING
[2025-09-16T20:52:51.102] debug2: Start processing RPC: REQUEST_PING
[2025-09-16T20:52:51.102] debug2: Processing RPC: REQUEST_PING
[2025-09-16T20:52:51.103] debug2: Finish processing RPC: REQUEST_PING
[2025-09-16T20:52:51.103] debug2: Finish processing RPC: REQUEST_PING
[2025-09-16T20:56:11.009] debug2: Start processing RPC: REQUEST_PING
[2025-09-16T20:56:11.009] debug2: Start processing RPC: REQUEST_PING
[2025-09-16T20:56:11.009] debug2: Processing RPC: REQUEST_PING
[2025-09-16T20:56:11.009] debug2: Processing RPC: REQUEST_PING
[2025-09-16T20:56:11.009] debug2: Finish processing RPC: REQUEST_PING
[2025-09-16T20:56:11.009] debug2: Finish processing RPC: REQUEST_PING
[2025-09-16T20:59:31.691] debug2: Start processing RPC: REQUEST_PING
[2025-09-16T20:59:31.691] debug2: Start processing RPC: REQUEST_PING
[2025-09-16T20:59:31.691] debug2: Processing RPC: REQUEST_PING
[2025-09-16T20:59:31.691] debug2: Processing RPC: REQUEST_PING
[2025-09-16T20:59:31.691] debug2: Finish processing RPC: REQUEST_PING
[2025-09-16T20:59:31.691] debug2: Finish processing RPC: REQUEST_PING
[2025-09-16T21:02:51.264] debug2: Start processing RPC: REQUEST_PING
[2025-09-16T21:02:51.264] debug2: Processing RPC: REQUEST_PING
[2025-09-16T21:02:51.264] debug2: Start processing RPC: REQUEST_PING
[2025-09-16T21:02:51.264] debug2: Processing RPC: REQUEST_PING
[2025-09-16T21:02:51.264] debug2: Finish processing RPC: REQUEST_PING
[2025-09-16T21:02:51.264] debug2: Finish processing RPC: REQUEST_PING
[2025-09-16T21:06:11.239] debug2: Start processing RPC: REQUEST_NODE_REGISTRATION_STATUS
[2025-09-16T21:06:11.239] debug2: Start processing RPC: REQUEST_NODE_REGISTRATION_STATUS
[2025-09-16T21:06:11.239] debug2: Processing RPC: REQUEST_NODE_REGISTRATION_STATUS
[2025-09-16T21:06:11.239] debug2: Processing RPC: REQUEST_NODE_REGISTRATION_STATUS
[2025-09-16T21:06:11.241] debug:  _handle_node_reg_resp: slurmctld sent back 8 TRES.
[2025-09-16T21:06:11.241] debug:  _handle_node_reg_resp: slurmctld sent back 8 TRES.
[2025-09-16T21:06:11.241] debug2: Finish processing RPC: REQUEST_NODE_REGISTRATION_STATUS
[2025-09-16T21:06:11.241] debug2: Finish processing RPC: REQUEST_NODE_REGISTRATION_STATUS
[2025-09-16T21:09:31.650] debug2: Start processing RPC: REQUEST_PING
[2025-09-16T21:09:31.650] debug2: Start processing RPC: REQUEST_PING
[2025-09-16T21:09:31.650] debug2: Processing RPC: REQUEST_PING
[2025-09-16T21:09:31.650] debug2: Processing RPC: REQUEST_PING
[2025-09-16T21:09:31.650] debug2: Finish processing RPC: REQUEST_PING
[2025-09-16T21:09:31.650] debug2: Finish processing RPC: REQUEST_PING
[2025-09-16T21:12:52.042] debug2: Start processing RPC: REQUEST_PING
[2025-09-16T21:12:52.042] debug2: Start processing RPC: REQUEST_PING
[2025-09-16T21:12:52.042] debug2: Processing RPC: REQUEST_PING
[2025-09-16T21:12:52.042] debug2: Processing RPC: REQUEST_PING
[2025-09-16T21:12:52.043] debug2: Finish processing RPC: REQUEST_PING
[2025-09-16T21:12:52.043] debug2: Finish processing RPC: REQUEST_PING
[2025-09-16T21:16:12.184] debug2: Start processing RPC: REQUEST_PING
[2025-09-16T21:16:12.184] debug2: Start processing RPC: REQUEST_PING
[2025-09-16T21:16:12.184] debug2: Processing RPC: REQUEST_PING
[2025-09-16T21:16:12.184] debug2: Processing RPC: REQUEST_PING
[2025-09-16T21:16:12.184] debug2: Finish processing RPC: REQUEST_PING
[2025-09-16T21:16:12.184] debug2: Finish processing RPC: REQUEST_PING
[2025-09-16T21:19:33.053] debug2: Start processing RPC: REQUEST_PING
[2025-09-16T21:19:33.053] debug2: Start processing RPC: REQUEST_PING
[2025-09-16T21:19:33.053] debug2: Processing RPC: REQUEST_PING
[2025-09-16T21:19:33.053] debug2: Processing RPC: REQUEST_PING
[2025-09-16T21:19:33.053] debug2: Finish processing RPC: REQUEST_PING
[2025-09-16T21:19:33.053] debug2: Finish processing RPC: REQUEST_PING
[2025-09-16T21:22:53.787] debug2: Start processing RPC: REQUEST_PING
[2025-09-16T21:22:53.787] debug2: Start processing RPC: REQUEST_PING
[2025-09-16T21:22:53.787] debug2: Processing RPC: REQUEST_PING
[2025-09-16T21:22:53.787] debug2: Processing RPC: REQUEST_PING
[2025-09-16T21:22:53.788] debug2: Finish processing RPC: REQUEST_PING
[2025-09-16T21:22:53.788] debug2: Finish processing RPC: REQUEST_PING
[2025-09-16T21:26:13.436] debug2: Start processing RPC: REQUEST_PING
[2025-09-16T21:26:13.436] debug2: Start processing RPC: REQUEST_PING
[2025-09-16T21:26:13.436] debug2: Processing RPC: REQUEST_PING
[2025-09-16T21:26:13.436] debug2: Processing RPC: REQUEST_PING
[2025-09-16T21:26:13.436] debug2: Finish processing RPC: REQUEST_PING
[2025-09-16T21:26:13.436] debug2: Finish processing RPC: REQUEST_PING
[2025-09-16T21:29:33.284] debug2: Start processing RPC: REQUEST_PING
[2025-09-16T21:29:33.284] debug2: Start processing RPC: REQUEST_PING
[2025-09-16T21:29:33.284] debug2: Processing RPC: REQUEST_PING
[2025-09-16T21:29:33.284] debug2: Processing RPC: REQUEST_PING
[2025-09-16T21:29:33.285] debug2: Finish processing RPC: REQUEST_PING
[2025-09-16T21:29:33.285] debug2: Finish processing RPC: REQUEST_PING
[2025-09-16T21:32:53.186] debug2: Start processing RPC: REQUEST_PING
[2025-09-16T21:32:53.186] debug2: Processing RPC: REQUEST_PING
[2025-09-16T21:32:53.186] debug2: Start processing RPC: REQUEST_PING
[2025-09-16T21:32:53.186] debug2: Processing RPC: REQUEST_PING
[2025-09-16T21:32:53.186] debug2: Finish processing RPC: REQUEST_PING
[2025-09-16T21:32:53.186] debug2: Finish processing RPC: REQUEST_PING
[2025-09-16T21:36:14.007] debug2: Start processing RPC: REQUEST_PING
[2025-09-16T21:36:14.007] debug2: Start processing RPC: REQUEST_PING
[2025-09-16T21:36:14.007] debug2: Processing RPC: REQUEST_PING
[2025-09-16T21:36:14.007] debug2: Processing RPC: REQUEST_PING
[2025-09-16T21:36:14.007] debug2: Finish processing RPC: REQUEST_PING
[2025-09-16T21:36:14.007] debug2: Finish processing RPC: REQUEST_PING
[2025-09-16T21:39:34.466] debug2: Start processing RPC: REQUEST_NODE_REGISTRATION_STATUS
[2025-09-16T21:39:34.466] debug2: Start processing RPC: REQUEST_NODE_REGISTRATION_STATUS
[2025-09-16T21:39:34.466] debug2: Processing RPC: REQUEST_NODE_REGISTRATION_STATUS
[2025-09-16T21:39:34.466] debug2: Processing RPC: REQUEST_NODE_REGISTRATION_STATUS
[2025-09-16T21:39:34.468] debug:  _handle_node_reg_resp: slurmctld sent back 8 TRES.
[2025-09-16T21:39:34.468] debug:  _handle_node_reg_resp: slurmctld sent back 8 TRES.
[2025-09-16T21:39:34.468] debug2: Finish processing RPC: REQUEST_NODE_REGISTRATION_STATUS
[2025-09-16T21:39:34.468] debug2: Finish processing RPC: REQUEST_NODE_REGISTRATION_STATUS
[2025-09-16T21:42:54.150] debug2: Start processing RPC: REQUEST_PING
[2025-09-16T21:42:54.150] debug2: Start processing RPC: REQUEST_PING
[2025-09-16T21:42:54.150] debug2: Processing RPC: REQUEST_PING
[2025-09-16T21:42:54.150] debug2: Processing RPC: REQUEST_PING
[2025-09-16T21:42:54.151] debug2: Finish processing RPC: REQUEST_PING
[2025-09-16T21:42:54.151] debug2: Finish processing RPC: REQUEST_PING
[2025-09-16T21:46:14.535] debug2: Start processing RPC: REQUEST_PING
[2025-09-16T21:46:14.535] debug2: Processing RPC: REQUEST_PING
[2025-09-16T21:46:14.535] debug2: Start processing RPC: REQUEST_PING
[2025-09-16T21:46:14.535] debug2: Processing RPC: REQUEST_PING
[2025-09-16T21:46:14.536] debug2: Finish processing RPC: REQUEST_PING
[2025-09-16T21:46:14.536] debug2: Finish processing RPC: REQUEST_PING
[2025-09-16T21:49:34.817] debug2: Start processing RPC: REQUEST_PING
[2025-09-16T21:49:34.817] debug2: Start processing RPC: REQUEST_PING
[2025-09-16T21:49:34.817] debug2: Processing RPC: REQUEST_PING
[2025-09-16T21:49:34.817] debug2: Processing RPC: REQUEST_PING
[2025-09-16T21:49:34.817] debug2: Finish processing RPC: REQUEST_PING
[2025-09-16T21:49:34.817] debug2: Finish processing RPC: REQUEST_PING
[2025-09-16T21:52:54.592] debug2: Start processing RPC: REQUEST_PING
[2025-09-16T21:52:54.592] debug2: Start processing RPC: REQUEST_PING
[2025-09-16T21:52:54.592] debug2: Processing RPC: REQUEST_PING
[2025-09-16T21:52:54.592] debug2: Processing RPC: REQUEST_PING
[2025-09-16T21:52:54.592] debug2: Finish processing RPC: REQUEST_PING
[2025-09-16T21:52:54.592] debug2: Finish processing RPC: REQUEST_PING
[2025-09-16T21:56:14.151] debug2: Start processing RPC: REQUEST_PING
[2025-09-16T21:56:14.151] debug2: Start processing RPC: REQUEST_PING
[2025-09-16T21:56:14.151] debug2: Processing RPC: REQUEST_PING
[2025-09-16T21:56:14.151] debug2: Processing RPC: REQUEST_PING
[2025-09-16T21:56:14.152] debug2: Finish processing RPC: REQUEST_PING
[2025-09-16T21:56:14.152] debug2: Finish processing RPC: REQUEST_PING
[2025-09-16T21:59:34.657] debug2: Start processing RPC: REQUEST_PING
[2025-09-16T21:59:34.657] debug2: Start processing RPC: REQUEST_PING
[2025-09-16T21:59:34.657] debug2: Processing RPC: REQUEST_PING
[2025-09-16T21:59:34.657] debug2: Processing RPC: REQUEST_PING
[2025-09-16T21:59:34.657] debug2: Finish processing RPC: REQUEST_PING
[2025-09-16T21:59:34.657] debug2: Finish processing RPC: REQUEST_PING
[2025-09-16T22:02:54.837] debug2: Start processing RPC: REQUEST_PING
[2025-09-16T22:02:54.837] debug2: Start processing RPC: REQUEST_PING
[2025-09-16T22:02:54.837] debug2: Processing RPC: REQUEST_PING
[2025-09-16T22:02:54.837] debug2: Processing RPC: REQUEST_PING
[2025-09-16T22:02:54.837] debug2: Finish processing RPC: REQUEST_PING
[2025-09-16T22:02:54.837] debug2: Finish processing RPC: REQUEST_PING
[2025-09-16T22:06:14.426] debug2: Start processing RPC: REQUEST_PING
[2025-09-16T22:06:14.426] debug2: Start processing RPC: REQUEST_PING
[2025-09-16T22:06:14.426] debug2: Processing RPC: REQUEST_PING
[2025-09-16T22:06:14.426] debug2: Processing RPC: REQUEST_PING
[2025-09-16T22:06:14.426] debug2: Finish processing RPC: REQUEST_PING
[2025-09-16T22:06:14.426] debug2: Finish processing RPC: REQUEST_PING
[2025-09-16T22:09:34.347] debug2: Start processing RPC: REQUEST_PING
[2025-09-16T22:09:34.347] debug2: Start processing RPC: REQUEST_PING
[2025-09-16T22:09:34.347] debug2: Processing RPC: REQUEST_PING
[2025-09-16T22:09:34.347] debug2: Processing RPC: REQUEST_PING
[2025-09-16T22:09:34.347] debug2: Finish processing RPC: REQUEST_PING
[2025-09-16T22:09:34.347] debug2: Finish processing RPC: REQUEST_PING
[2025-09-16T22:12:54.609] debug2: Start processing RPC: REQUEST_NODE_REGISTRATION_STATUS
[2025-09-16T22:12:54.609] debug2: Start processing RPC: REQUEST_NODE_REGISTRATION_STATUS
[2025-09-16T22:12:54.609] debug2: Processing RPC: REQUEST_NODE_REGISTRATION_STATUS
[2025-09-16T22:12:54.609] debug2: Processing RPC: REQUEST_NODE_REGISTRATION_STATUS
[2025-09-16T22:12:54.612] debug:  _handle_node_reg_resp: slurmctld sent back 8 TRES.
[2025-09-16T22:12:54.612] debug:  _handle_node_reg_resp: slurmctld sent back 8 TRES.
[2025-09-16T22:12:54.612] debug2: Finish processing RPC: REQUEST_NODE_REGISTRATION_STATUS
[2025-09-16T22:12:54.612] debug2: Finish processing RPC: REQUEST_NODE_REGISTRATION_STATUS
[2025-09-16T22:16:14.994] debug2: Start processing RPC: REQUEST_PING
[2025-09-16T22:16:14.994] debug2: Processing RPC: REQUEST_PING
[2025-09-16T22:16:14.994] debug2: Start processing RPC: REQUEST_PING
[2025-09-16T22:16:14.994] debug2: Processing RPC: REQUEST_PING
[2025-09-16T22:16:14.994] debug2: Finish processing RPC: REQUEST_PING
[2025-09-16T22:16:14.994] debug2: Finish processing RPC: REQUEST_PING
[2025-09-16T22:19:34.729] debug2: Start processing RPC: REQUEST_PING
[2025-09-16T22:19:34.729] debug2: Start processing RPC: REQUEST_PING
[2025-09-16T22:19:34.729] debug2: Processing RPC: REQUEST_PING
[2025-09-16T22:19:34.729] debug2: Processing RPC: REQUEST_PING
[2025-09-16T22:19:34.729] debug2: Finish processing RPC: REQUEST_PING
[2025-09-16T22:19:34.729] debug2: Finish processing RPC: REQUEST_PING
[2025-09-16T22:22:54.675] debug2: Start processing RPC: REQUEST_PING
[2025-09-16T22:22:54.675] debug2: Start processing RPC: REQUEST_PING
[2025-09-16T22:22:54.675] debug2: Processing RPC: REQUEST_PING
[2025-09-16T22:22:54.675] debug2: Processing RPC: REQUEST_PING
[2025-09-16T22:22:54.676] debug2: Finish processing RPC: REQUEST_PING
[2025-09-16T22:22:54.676] debug2: Finish processing RPC: REQUEST_PING
[2025-09-16T22:26:14.124] debug2: Start processing RPC: REQUEST_PING
[2025-09-16T22:26:14.124] debug2: Start processing RPC: REQUEST_PING
[2025-09-16T22:26:14.124] debug2: Processing RPC: REQUEST_PING
[2025-09-16T22:26:14.124] debug2: Processing RPC: REQUEST_PING
[2025-09-16T22:26:14.124] debug2: Finish processing RPC: REQUEST_PING
[2025-09-16T22:26:14.124] debug2: Finish processing RPC: REQUEST_PING
[2025-09-16T22:29:34.548] debug2: Start processing RPC: REQUEST_PING
[2025-09-16T22:29:34.548] debug2: Start processing RPC: REQUEST_PING
[2025-09-16T22:29:34.548] debug2: Processing RPC: REQUEST_PING
[2025-09-16T22:29:34.548] debug2: Processing RPC: REQUEST_PING
[2025-09-16T22:29:34.548] debug2: Finish processing RPC: REQUEST_PING
[2025-09-16T22:29:34.548] debug2: Finish processing RPC: REQUEST_PING
[2025-09-16T22:32:54.389] debug2: Start processing RPC: REQUEST_PING
[2025-09-16T22:32:54.389] debug2: Start processing RPC: REQUEST_PING
[2025-09-16T22:32:54.389] debug2: Processing RPC: REQUEST_PING
[2025-09-16T22:32:54.389] debug2: Processing RPC: REQUEST_PING
[2025-09-16T22:32:54.389] debug2: Finish processing RPC: REQUEST_PING
[2025-09-16T22:32:54.389] debug2: Finish processing RPC: REQUEST_PING
[2025-09-16T22:36:14.749] debug2: Start processing RPC: REQUEST_PING
[2025-09-16T22:36:14.749] debug2: Start processing RPC: REQUEST_PING
[2025-09-16T22:36:14.749] debug2: Processing RPC: REQUEST_PING
[2025-09-16T22:36:14.749] debug2: Processing RPC: REQUEST_PING
[2025-09-16T22:36:14.749] debug2: Finish processing RPC: REQUEST_PING
[2025-09-16T22:36:14.749] debug2: Finish processing RPC: REQUEST_PING
[2025-09-16T22:39:34.107] debug2: Start processing RPC: REQUEST_PING
[2025-09-16T22:39:34.107] debug2: Processing RPC: REQUEST_PING
[2025-09-16T22:39:34.108] debug2: Start processing RPC: REQUEST_PING
[2025-09-16T22:39:34.108] debug2: Processing RPC: REQUEST_PING
[2025-09-16T22:39:34.108] debug2: Finish processing RPC: REQUEST_PING
[2025-09-16T22:39:34.108] debug2: Finish processing RPC: REQUEST_PING
[2025-09-16T22:42:54.415] debug2: Start processing RPC: REQUEST_PING
[2025-09-16T22:42:54.415] debug2: Processing RPC: REQUEST_PING
[2025-09-16T22:42:54.415] debug2: Start processing RPC: REQUEST_PING
[2025-09-16T22:42:54.415] debug2: Processing RPC: REQUEST_PING
[2025-09-16T22:42:54.416] debug2: Finish processing RPC: REQUEST_PING
[2025-09-16T22:42:54.416] debug2: Finish processing RPC: REQUEST_PING
[2025-09-16T22:46:14.425] debug2: Start processing RPC: REQUEST_NODE_REGISTRATION_STATUS
[2025-09-16T22:46:14.425] debug2: Start processing RPC: REQUEST_NODE_REGISTRATION_STATUS
[2025-09-16T22:46:14.425] debug2: Processing RPC: REQUEST_NODE_REGISTRATION_STATUS
[2025-09-16T22:46:14.425] debug2: Processing RPC: REQUEST_NODE_REGISTRATION_STATUS
[2025-09-16T22:46:14.428] debug:  _handle_node_reg_resp: slurmctld sent back 8 TRES.
[2025-09-16T22:46:14.428] debug2: Finish processing RPC: REQUEST_NODE_REGISTRATION_STATUS
[2025-09-16T22:46:14.428] debug:  _handle_node_reg_resp: slurmctld sent back 8 TRES.
[2025-09-16T22:46:14.428] debug2: Finish processing RPC: REQUEST_NODE_REGISTRATION_STATUS
[2025-09-16T22:49:34.871] debug2: Start processing RPC: REQUEST_PING
[2025-09-16T22:49:34.871] debug2: Start processing RPC: REQUEST_PING
[2025-09-16T22:49:34.871] debug2: Processing RPC: REQUEST_PING
[2025-09-16T22:49:34.871] debug2: Processing RPC: REQUEST_PING
[2025-09-16T22:49:34.871] debug2: Finish processing RPC: REQUEST_PING
[2025-09-16T22:49:34.871] debug2: Finish processing RPC: REQUEST_PING
[2025-09-16T22:52:54.995] debug2: Start processing RPC: REQUEST_PING
[2025-09-16T22:52:54.995] debug2: Start processing RPC: REQUEST_PING
[2025-09-16T22:52:54.995] debug2: Processing RPC: REQUEST_PING
[2025-09-16T22:52:54.995] debug2: Processing RPC: REQUEST_PING
[2025-09-16T22:52:54.996] debug2: Finish processing RPC: REQUEST_PING
[2025-09-16T22:52:54.996] debug2: Finish processing RPC: REQUEST_PING
[2025-09-16T22:56:14.732] debug2: Start processing RPC: REQUEST_PING
[2025-09-16T22:56:14.732] debug2: Start processing RPC: REQUEST_PING
[2025-09-16T22:56:14.732] debug2: Processing RPC: REQUEST_PING
[2025-09-16T22:56:14.732] debug2: Processing RPC: REQUEST_PING
[2025-09-16T22:56:14.733] debug2: Finish processing RPC: REQUEST_PING
[2025-09-16T22:56:14.733] debug2: Finish processing RPC: REQUEST_PING
[2025-09-16T22:59:35.000] debug2: Start processing RPC: REQUEST_PING
[2025-09-16T22:59:35.000] debug2: Processing RPC: REQUEST_PING
[2025-09-16T22:59:35.000] debug2: Start processing RPC: REQUEST_PING
[2025-09-16T22:59:35.000] debug2: Processing RPC: REQUEST_PING
[2025-09-16T22:59:35.000] debug2: Finish processing RPC: REQUEST_PING
[2025-09-16T22:59:35.000] debug2: Finish processing RPC: REQUEST_PING
[2025-09-16T23:02:54.576] debug2: Start processing RPC: REQUEST_PING
[2025-09-16T23:02:54.576] debug2: Start processing RPC: REQUEST_PING
[2025-09-16T23:02:54.576] debug2: Processing RPC: REQUEST_PING
[2025-09-16T23:02:54.576] debug2: Processing RPC: REQUEST_PING
[2025-09-16T23:02:54.576] debug2: Finish processing RPC: REQUEST_PING
[2025-09-16T23:02:54.576] debug2: Finish processing RPC: REQUEST_PING
[2025-09-16T23:06:14.839] debug2: Start processing RPC: REQUEST_PING
[2025-09-16T23:06:14.839] debug2: Start processing RPC: REQUEST_PING
[2025-09-16T23:06:14.839] debug2: Processing RPC: REQUEST_PING
[2025-09-16T23:06:14.839] debug2: Processing RPC: REQUEST_PING
[2025-09-16T23:06:14.839] debug2: Finish processing RPC: REQUEST_PING
[2025-09-16T23:06:14.839] debug2: Finish processing RPC: REQUEST_PING
[2025-09-16T23:09:34.045] debug2: Start processing RPC: REQUEST_PING
[2025-09-16T23:09:34.046] debug2: Processing RPC: REQUEST_PING
[2025-09-16T23:09:34.046] debug2: Start processing RPC: REQUEST_PING
[2025-09-16T23:09:34.046] debug2: Processing RPC: REQUEST_PING
[2025-09-16T23:09:34.046] debug2: Finish processing RPC: REQUEST_PING
[2025-09-16T23:09:34.046] debug2: Finish processing RPC: REQUEST_PING
[2025-09-16T23:12:54.199] debug2: Start processing RPC: REQUEST_PING
[2025-09-16T23:12:54.199] debug2: Processing RPC: REQUEST_PING
[2025-09-16T23:12:54.199] debug2: Start processing RPC: REQUEST_PING
[2025-09-16T23:12:54.199] debug2: Processing RPC: REQUEST_PING
[2025-09-16T23:12:54.199] debug2: Finish processing RPC: REQUEST_PING
[2025-09-16T23:12:54.199] debug2: Finish processing RPC: REQUEST_PING
[2025-09-16T23:16:14.228] debug2: Start processing RPC: REQUEST_PING
[2025-09-16T23:16:14.228] debug2: Start processing RPC: REQUEST_PING
[2025-09-16T23:16:14.228] debug2: Processing RPC: REQUEST_PING
[2025-09-16T23:16:14.228] debug2: Processing RPC: REQUEST_PING
[2025-09-16T23:16:14.229] debug2: Finish processing RPC: REQUEST_PING
[2025-09-16T23:16:14.229] debug2: Finish processing RPC: REQUEST_PING
[2025-09-16T23:19:34.348] debug2: Start processing RPC: REQUEST_NODE_REGISTRATION_STATUS
[2025-09-16T23:19:34.348] debug2: Start processing RPC: REQUEST_NODE_REGISTRATION_STATUS
[2025-09-16T23:19:34.348] debug2: Processing RPC: REQUEST_NODE_REGISTRATION_STATUS
[2025-09-16T23:19:34.348] debug2: Processing RPC: REQUEST_NODE_REGISTRATION_STATUS
[2025-09-16T23:19:34.350] debug:  _handle_node_reg_resp: slurmctld sent back 8 TRES.
[2025-09-16T23:19:34.350] debug2: Finish processing RPC: REQUEST_NODE_REGISTRATION_STATUS
[2025-09-16T23:19:34.350] debug:  _handle_node_reg_resp: slurmctld sent back 8 TRES.
[2025-09-16T23:19:34.350] debug2: Finish processing RPC: REQUEST_NODE_REGISTRATION_STATUS
[2025-09-16T23:22:54.469] debug2: Start processing RPC: REQUEST_PING
[2025-09-16T23:22:54.469] debug2: Start processing RPC: REQUEST_PING
[2025-09-16T23:22:54.469] debug2: Processing RPC: REQUEST_PING
[2025-09-16T23:22:54.469] debug2: Processing RPC: REQUEST_PING
[2025-09-16T23:22:54.469] debug2: Finish processing RPC: REQUEST_PING
[2025-09-16T23:22:54.469] debug2: Finish processing RPC: REQUEST_PING
[2025-09-16T23:26:14.986] debug2: Start processing RPC: REQUEST_PING
[2025-09-16T23:26:14.986] debug2: Processing RPC: REQUEST_PING
[2025-09-16T23:26:14.986] debug2: Start processing RPC: REQUEST_PING
[2025-09-16T23:26:14.986] debug2: Processing RPC: REQUEST_PING
[2025-09-16T23:26:14.986] debug2: Finish processing RPC: REQUEST_PING
[2025-09-16T23:26:14.986] debug2: Finish processing RPC: REQUEST_PING
[2025-09-16T23:29:34.373] debug2: Start processing RPC: REQUEST_PING
[2025-09-16T23:29:34.373] debug2: Start processing RPC: REQUEST_PING
[2025-09-16T23:29:34.373] debug2: Processing RPC: REQUEST_PING
[2025-09-16T23:29:34.373] debug2: Processing RPC: REQUEST_PING
[2025-09-16T23:29:34.373] debug2: Finish processing RPC: REQUEST_PING
[2025-09-16T23:29:34.373] debug2: Finish processing RPC: REQUEST_PING
[2025-09-16T23:32:54.928] debug2: Start processing RPC: REQUEST_PING
[2025-09-16T23:32:54.928] debug2: Start processing RPC: REQUEST_PING
[2025-09-16T23:32:54.928] debug2: Processing RPC: REQUEST_PING
[2025-09-16T23:32:54.928] debug2: Processing RPC: REQUEST_PING
[2025-09-16T23:32:54.928] debug2: Finish processing RPC: REQUEST_PING
[2025-09-16T23:32:54.928] debug2: Finish processing RPC: REQUEST_PING
[2025-09-16T23:36:14.317] debug2: Start processing RPC: REQUEST_PING
[2025-09-16T23:36:14.317] debug2: Start processing RPC: REQUEST_PING
[2025-09-16T23:36:14.317] debug2: Processing RPC: REQUEST_PING
[2025-09-16T23:36:14.317] debug2: Processing RPC: REQUEST_PING
[2025-09-16T23:36:14.317] debug2: Finish processing RPC: REQUEST_PING
[2025-09-16T23:36:14.317] debug2: Finish processing RPC: REQUEST_PING
[2025-09-16T23:39:34.797] debug2: Start processing RPC: REQUEST_PING
[2025-09-16T23:39:34.797] debug2: Start processing RPC: REQUEST_PING
[2025-09-16T23:39:34.797] debug2: Processing RPC: REQUEST_PING
[2025-09-16T23:39:34.797] debug2: Processing RPC: REQUEST_PING
[2025-09-16T23:39:34.797] debug2: Finish processing RPC: REQUEST_PING
[2025-09-16T23:39:34.797] debug2: Finish processing RPC: REQUEST_PING
[2025-09-16T23:42:54.604] debug2: Start processing RPC: REQUEST_PING
[2025-09-16T23:42:54.604] debug2: Processing RPC: REQUEST_PING
[2025-09-16T23:42:54.604] debug2: Start processing RPC: REQUEST_PING
[2025-09-16T23:42:54.604] debug2: Processing RPC: REQUEST_PING
[2025-09-16T23:42:54.605] debug2: Finish processing RPC: REQUEST_PING
[2025-09-16T23:42:54.605] debug2: Finish processing RPC: REQUEST_PING
[2025-09-16T23:46:14.202] debug2: Start processing RPC: REQUEST_PING
[2025-09-16T23:46:14.202] debug2: Processing RPC: REQUEST_PING
[2025-09-16T23:46:14.202] debug2: Start processing RPC: REQUEST_PING
[2025-09-16T23:46:14.202] debug2: Processing RPC: REQUEST_PING
[2025-09-16T23:46:14.203] debug2: Finish processing RPC: REQUEST_PING
[2025-09-16T23:46:14.203] debug2: Finish processing RPC: REQUEST_PING
[2025-09-16T23:49:34.329] debug2: Start processing RPC: REQUEST_PING
[2025-09-16T23:49:34.329] debug2: Start processing RPC: REQUEST_PING
[2025-09-16T23:49:34.329] debug2: Processing RPC: REQUEST_PING
[2025-09-16T23:49:34.329] debug2: Processing RPC: REQUEST_PING
[2025-09-16T23:49:34.330] debug2: Finish processing RPC: REQUEST_PING
[2025-09-16T23:49:34.330] debug2: Finish processing RPC: REQUEST_PING
[2025-09-16T23:52:54.755] debug2: Start processing RPC: REQUEST_NODE_REGISTRATION_STATUS
[2025-09-16T23:52:54.755] debug2: Start processing RPC: REQUEST_NODE_REGISTRATION_STATUS
[2025-09-16T23:52:54.755] debug2: Processing RPC: REQUEST_NODE_REGISTRATION_STATUS
[2025-09-16T23:52:54.755] debug2: Processing RPC: REQUEST_NODE_REGISTRATION_STATUS
[2025-09-16T23:52:54.758] debug:  _handle_node_reg_resp: slurmctld sent back 8 TRES.
[2025-09-16T23:52:54.758] debug2: Finish processing RPC: REQUEST_NODE_REGISTRATION_STATUS
[2025-09-16T23:52:54.758] debug:  _handle_node_reg_resp: slurmctld sent back 8 TRES.
[2025-09-16T23:52:54.758] debug2: Finish processing RPC: REQUEST_NODE_REGISTRATION_STATUS
[2025-09-16T23:56:14.345] debug2: Start processing RPC: REQUEST_PING
[2025-09-16T23:56:14.345] debug2: Start processing RPC: REQUEST_PING
[2025-09-16T23:56:14.345] debug2: Processing RPC: REQUEST_PING
[2025-09-16T23:56:14.345] debug2: Processing RPC: REQUEST_PING
[2025-09-16T23:56:14.345] debug2: Finish processing RPC: REQUEST_PING
[2025-09-16T23:56:14.345] debug2: Finish processing RPC: REQUEST_PING
[2025-09-16T23:59:34.247] debug2: Start processing RPC: REQUEST_PING
[2025-09-16T23:59:34.247] debug2: Processing RPC: REQUEST_PING
[2025-09-16T23:59:34.247] debug2: Start processing RPC: REQUEST_PING
[2025-09-16T23:59:34.247] debug2: Processing RPC: REQUEST_PING
[2025-09-16T23:59:34.247] debug2: Finish processing RPC: REQUEST_PING
[2025-09-16T23:59:34.247] debug2: Finish processing RPC: REQUEST_PING
[2025-09-17T00:02:54.146] debug2: Start processing RPC: REQUEST_PING
[2025-09-17T00:02:54.146] debug2: Processing RPC: REQUEST_PING
[2025-09-17T00:02:54.146] debug2: Start processing RPC: REQUEST_PING
[2025-09-17T00:02:54.146] debug2: Processing RPC: REQUEST_PING
[2025-09-17T00:02:54.146] debug2: Finish processing RPC: REQUEST_PING
[2025-09-17T00:02:54.146] debug2: Finish processing RPC: REQUEST_PING
[2025-09-17T00:06:14.363] debug2: Start processing RPC: REQUEST_PING
[2025-09-17T00:06:14.363] debug2: Start processing RPC: REQUEST_PING
[2025-09-17T00:06:14.363] debug2: Processing RPC: REQUEST_PING
[2025-09-17T00:06:14.363] debug2: Processing RPC: REQUEST_PING
[2025-09-17T00:06:14.363] debug2: Finish processing RPC: REQUEST_PING
[2025-09-17T00:06:14.363] debug2: Finish processing RPC: REQUEST_PING
[2025-09-17T00:09:34.438] debug2: Start processing RPC: REQUEST_PING
[2025-09-17T00:09:34.438] debug2: Processing RPC: REQUEST_PING
[2025-09-17T00:09:34.438] debug2: Start processing RPC: REQUEST_PING
[2025-09-17T00:09:34.438] debug2: Processing RPC: REQUEST_PING
[2025-09-17T00:09:34.439] debug2: Finish processing RPC: REQUEST_PING
[2025-09-17T00:09:34.439] debug2: Finish processing RPC: REQUEST_PING
[2025-09-17T00:12:54.443] debug2: Start processing RPC: REQUEST_PING
[2025-09-17T00:12:54.443] debug2: Start processing RPC: REQUEST_PING
[2025-09-17T00:12:54.443] debug2: Processing RPC: REQUEST_PING
[2025-09-17T00:12:54.443] debug2: Processing RPC: REQUEST_PING
[2025-09-17T00:12:54.444] debug2: Finish processing RPC: REQUEST_PING
[2025-09-17T00:12:54.444] debug2: Finish processing RPC: REQUEST_PING
[2025-09-17T00:16:14.186] debug2: Start processing RPC: REQUEST_PING
[2025-09-17T00:16:14.186] debug2: Start processing RPC: REQUEST_PING
[2025-09-17T00:16:14.186] debug2: Processing RPC: REQUEST_PING
[2025-09-17T00:16:14.186] debug2: Processing RPC: REQUEST_PING
[2025-09-17T00:16:14.186] debug2: Finish processing RPC: REQUEST_PING
[2025-09-17T00:16:14.186] debug2: Finish processing RPC: REQUEST_PING
[2025-09-17T00:19:34.891] debug2: Start processing RPC: REQUEST_PING
[2025-09-17T00:19:34.891] debug2: Start processing RPC: REQUEST_PING
[2025-09-17T00:19:34.891] debug2: Processing RPC: REQUEST_PING
[2025-09-17T00:19:34.891] debug2: Processing RPC: REQUEST_PING
[2025-09-17T00:19:34.892] debug2: Finish processing RPC: REQUEST_PING
[2025-09-17T00:19:34.892] debug2: Finish processing RPC: REQUEST_PING
[2025-09-17T00:22:54.357] debug2: Start processing RPC: REQUEST_PING
[2025-09-17T00:22:54.357] debug2: Start processing RPC: REQUEST_PING
[2025-09-17T00:22:54.357] debug2: Processing RPC: REQUEST_PING
[2025-09-17T00:22:54.357] debug2: Processing RPC: REQUEST_PING
[2025-09-17T00:22:54.357] debug2: Finish processing RPC: REQUEST_PING
[2025-09-17T00:22:54.357] debug2: Finish processing RPC: REQUEST_PING
[2025-09-17T00:26:14.266] debug2: Start processing RPC: REQUEST_NODE_REGISTRATION_STATUS
[2025-09-17T00:26:14.266] debug2: Start processing RPC: REQUEST_NODE_REGISTRATION_STATUS
[2025-09-17T00:26:14.266] debug2: Processing RPC: REQUEST_NODE_REGISTRATION_STATUS
[2025-09-17T00:26:14.266] debug2: Processing RPC: REQUEST_NODE_REGISTRATION_STATUS
[2025-09-17T00:26:14.268] debug:  _handle_node_reg_resp: slurmctld sent back 8 TRES.
[2025-09-17T00:26:14.268] debug:  _handle_node_reg_resp: slurmctld sent back 8 TRES.
[2025-09-17T00:26:14.268] debug2: Finish processing RPC: REQUEST_NODE_REGISTRATION_STATUS
[2025-09-17T00:26:14.268] debug2: Finish processing RPC: REQUEST_NODE_REGISTRATION_STATUS
[2025-09-17T00:29:34.633] debug2: Start processing RPC: REQUEST_PING
[2025-09-17T00:29:34.633] debug2: Start processing RPC: REQUEST_PING
[2025-09-17T00:29:34.633] debug2: Processing RPC: REQUEST_PING
[2025-09-17T00:29:34.633] debug2: Processing RPC: REQUEST_PING
[2025-09-17T00:29:34.633] debug2: Finish processing RPC: REQUEST_PING
[2025-09-17T00:29:34.633] debug2: Finish processing RPC: REQUEST_PING
[2025-09-17T00:32:54.345] debug2: Start processing RPC: REQUEST_PING
[2025-09-17T00:32:54.345] debug2: Start processing RPC: REQUEST_PING
[2025-09-17T00:32:54.345] debug2: Processing RPC: REQUEST_PING
[2025-09-17T00:32:54.345] debug2: Processing RPC: REQUEST_PING
[2025-09-17T00:32:54.345] debug2: Finish processing RPC: REQUEST_PING
[2025-09-17T00:32:54.345] debug2: Finish processing RPC: REQUEST_PING
[2025-09-17T00:36:14.829] debug2: Start processing RPC: REQUEST_PING
[2025-09-17T00:36:14.829] debug2: Processing RPC: REQUEST_PING
[2025-09-17T00:36:14.829] debug2: Start processing RPC: REQUEST_PING
[2025-09-17T00:36:14.829] debug2: Processing RPC: REQUEST_PING
[2025-09-17T00:36:14.829] debug2: Finish processing RPC: REQUEST_PING
[2025-09-17T00:36:14.829] debug2: Finish processing RPC: REQUEST_PING
[2025-09-17T00:39:34.531] debug2: Start processing RPC: REQUEST_PING
[2025-09-17T00:39:34.531] debug2: Start processing RPC: REQUEST_PING
[2025-09-17T00:39:34.531] debug2: Processing RPC: REQUEST_PING
[2025-09-17T00:39:34.531] debug2: Processing RPC: REQUEST_PING
[2025-09-17T00:39:34.531] debug2: Finish processing RPC: REQUEST_PING
[2025-09-17T00:39:34.531] debug2: Finish processing RPC: REQUEST_PING
[2025-09-17T00:42:54.291] debug2: Start processing RPC: REQUEST_PING
[2025-09-17T00:42:54.291] debug2: Start processing RPC: REQUEST_PING
[2025-09-17T00:42:54.291] debug2: Processing RPC: REQUEST_PING
[2025-09-17T00:42:54.291] debug2: Processing RPC: REQUEST_PING
[2025-09-17T00:42:54.291] debug2: Finish processing RPC: REQUEST_PING
[2025-09-17T00:42:54.291] debug2: Finish processing RPC: REQUEST_PING
[2025-09-17T00:46:14.312] debug2: Start processing RPC: REQUEST_PING
[2025-09-17T00:46:14.312] debug2: Start processing RPC: REQUEST_PING
[2025-09-17T00:46:14.312] debug2: Processing RPC: REQUEST_PING
[2025-09-17T00:46:14.312] debug2: Processing RPC: REQUEST_PING
[2025-09-17T00:46:14.313] debug2: Finish processing RPC: REQUEST_PING
[2025-09-17T00:46:14.313] debug2: Finish processing RPC: REQUEST_PING
[2025-09-17T00:49:34.418] debug2: Start processing RPC: REQUEST_PING
[2025-09-17T00:49:34.418] debug2: Start processing RPC: REQUEST_PING
[2025-09-17T00:49:34.419] debug2: Processing RPC: REQUEST_PING
[2025-09-17T00:49:34.419] debug2: Processing RPC: REQUEST_PING
[2025-09-17T00:49:34.419] debug2: Finish processing RPC: REQUEST_PING
[2025-09-17T00:49:34.419] debug2: Finish processing RPC: REQUEST_PING
[2025-09-17T00:52:54.686] debug2: Start processing RPC: REQUEST_PING
[2025-09-17T00:52:54.686] debug2: Processing RPC: REQUEST_PING
[2025-09-17T00:52:54.686] debug2: Start processing RPC: REQUEST_PING
[2025-09-17T00:52:54.686] debug2: Processing RPC: REQUEST_PING
[2025-09-17T00:52:54.686] debug2: Finish processing RPC: REQUEST_PING
[2025-09-17T00:52:54.686] debug2: Finish processing RPC: REQUEST_PING
[2025-09-17T00:56:14.223] debug2: Start processing RPC: REQUEST_PING
[2025-09-17T00:56:14.223] debug2: Start processing RPC: REQUEST_PING
[2025-09-17T00:56:14.223] debug2: Processing RPC: REQUEST_PING
[2025-09-17T00:56:14.223] debug2: Processing RPC: REQUEST_PING
[2025-09-17T00:56:14.223] debug2: Finish processing RPC: REQUEST_PING
[2025-09-17T00:56:14.223] debug2: Finish processing RPC: REQUEST_PING
[2025-09-17T00:59:34.299] debug2: Start processing RPC: REQUEST_NODE_REGISTRATION_STATUS
[2025-09-17T00:59:34.299] debug2: Processing RPC: REQUEST_NODE_REGISTRATION_STATUS
[2025-09-17T00:59:34.299] debug2: Start processing RPC: REQUEST_NODE_REGISTRATION_STATUS
[2025-09-17T00:59:34.299] debug2: Processing RPC: REQUEST_NODE_REGISTRATION_STATUS
[2025-09-17T00:59:34.301] debug:  _handle_node_reg_resp: slurmctld sent back 8 TRES.
[2025-09-17T00:59:34.301] debug:  _handle_node_reg_resp: slurmctld sent back 8 TRES.
[2025-09-17T00:59:34.301] debug2: Finish processing RPC: REQUEST_NODE_REGISTRATION_STATUS
[2025-09-17T00:59:34.301] debug2: Finish processing RPC: REQUEST_NODE_REGISTRATION_STATUS
[2025-09-17T01:02:54.096] debug2: Start processing RPC: REQUEST_PING
[2025-09-17T01:02:54.096] debug2: Start processing RPC: REQUEST_PING
[2025-09-17T01:02:54.096] debug2: Processing RPC: REQUEST_PING
[2025-09-17T01:02:54.096] debug2: Processing RPC: REQUEST_PING
[2025-09-17T01:02:54.096] debug2: Finish processing RPC: REQUEST_PING
[2025-09-17T01:02:54.096] debug2: Finish processing RPC: REQUEST_PING
[2025-09-17T01:04:35.040] debug2: Start processing RPC: REQUEST_PING
[2025-09-17T01:04:35.040] debug2: Start processing RPC: REQUEST_PING
[2025-09-17T01:04:35.040] debug2: Processing RPC: REQUEST_PING
[2025-09-17T01:04:35.040] debug2: Processing RPC: REQUEST_PING
[2025-09-17T01:04:35.040] debug2: Finish processing RPC: REQUEST_PING
[2025-09-17T01:04:35.040] debug2: Finish processing RPC: REQUEST_PING
[2025-09-17T01:07:55.429] debug2: Start processing RPC: REQUEST_PING
[2025-09-17T01:07:55.429] debug2: Start processing RPC: REQUEST_PING
[2025-09-17T01:07:55.429] debug2: Processing RPC: REQUEST_PING
[2025-09-17T01:07:55.429] debug2: Processing RPC: REQUEST_PING
[2025-09-17T01:07:55.429] debug2: Finish processing RPC: REQUEST_PING
[2025-09-17T01:07:55.429] debug2: Finish processing RPC: REQUEST_PING
[2025-09-17T01:11:15.256] debug2: Start processing RPC: REQUEST_PING
[2025-09-17T01:11:15.256] debug2: Start processing RPC: REQUEST_PING
[2025-09-17T01:11:15.256] debug2: Processing RPC: REQUEST_PING
[2025-09-17T01:11:15.256] debug2: Processing RPC: REQUEST_PING
[2025-09-17T01:11:15.256] debug2: Finish processing RPC: REQUEST_PING
[2025-09-17T01:11:15.256] debug2: Finish processing RPC: REQUEST_PING
[2025-09-17T01:14:35.600] debug2: Start processing RPC: REQUEST_PING
[2025-09-17T01:14:35.600] debug2: Start processing RPC: REQUEST_PING
[2025-09-17T01:14:35.600] debug2: Processing RPC: REQUEST_PING
[2025-09-17T01:14:35.600] debug2: Processing RPC: REQUEST_PING
[2025-09-17T01:14:35.601] debug2: Finish processing RPC: REQUEST_PING
[2025-09-17T01:14:35.601] debug2: Finish processing RPC: REQUEST_PING
[2025-09-17T01:17:55.687] debug2: Start processing RPC: REQUEST_PING
[2025-09-17T01:17:55.687] debug2: Start processing RPC: REQUEST_PING
[2025-09-17T01:17:55.687] debug2: Processing RPC: REQUEST_PING
[2025-09-17T01:17:55.687] debug2: Processing RPC: REQUEST_PING
[2025-09-17T01:17:55.687] debug2: Finish processing RPC: REQUEST_PING
[2025-09-17T01:17:55.687] debug2: Finish processing RPC: REQUEST_PING
[2025-09-17T01:21:15.375] debug2: Start processing RPC: REQUEST_PING
[2025-09-17T01:21:15.375] debug2: Start processing RPC: REQUEST_PING
[2025-09-17T01:21:15.375] debug2: Processing RPC: REQUEST_PING
[2025-09-17T01:21:15.376] debug2: Processing RPC: REQUEST_PING
[2025-09-17T01:21:15.376] debug2: Finish processing RPC: REQUEST_PING
[2025-09-17T01:21:15.376] debug2: Finish processing RPC: REQUEST_PING
[2025-09-17T01:24:35.187] debug2: Start processing RPC: REQUEST_PING
[2025-09-17T01:24:35.187] debug2: Start processing RPC: REQUEST_PING
[2025-09-17T01:24:35.187] debug2: Processing RPC: REQUEST_PING
[2025-09-17T01:24:35.187] debug2: Processing RPC: REQUEST_PING
[2025-09-17T01:24:35.188] debug2: Finish processing RPC: REQUEST_PING
[2025-09-17T01:24:35.188] debug2: Finish processing RPC: REQUEST_PING
[2025-09-17T01:27:55.874] debug2: Start processing RPC: REQUEST_PING
[2025-09-17T01:27:55.874] debug2: Processing RPC: REQUEST_PING
[2025-09-17T01:27:55.874] debug2: Start processing RPC: REQUEST_PING
[2025-09-17T01:27:55.874] debug2: Processing RPC: REQUEST_PING
[2025-09-17T01:27:55.874] debug2: Finish processing RPC: REQUEST_PING
[2025-09-17T01:27:55.874] debug2: Finish processing RPC: REQUEST_PING
[2025-09-17T01:31:15.049] debug2: Start processing RPC: REQUEST_PING
[2025-09-17T01:31:15.049] debug2: Start processing RPC: REQUEST_PING
[2025-09-17T01:31:15.049] debug2: Processing RPC: REQUEST_PING
[2025-09-17T01:31:15.049] debug2: Processing RPC: REQUEST_PING
[2025-09-17T01:31:15.049] debug2: Finish processing RPC: REQUEST_PING
[2025-09-17T01:31:15.049] debug2: Finish processing RPC: REQUEST_PING
[2025-09-17T01:32:55.449] debug2: Start processing RPC: REQUEST_NODE_REGISTRATION_STATUS
[2025-09-17T01:32:55.449] debug2: Start processing RPC: REQUEST_NODE_REGISTRATION_STATUS
[2025-09-17T01:32:55.449] debug2: Processing RPC: REQUEST_NODE_REGISTRATION_STATUS
[2025-09-17T01:32:55.449] debug2: Processing RPC: REQUEST_NODE_REGISTRATION_STATUS
[2025-09-17T01:32:55.451] debug:  _handle_node_reg_resp: slurmctld sent back 8 TRES.
[2025-09-17T01:32:55.451] debug:  _handle_node_reg_resp: slurmctld sent back 8 TRES.
[2025-09-17T01:32:55.451] debug2: Finish processing RPC: REQUEST_NODE_REGISTRATION_STATUS
[2025-09-17T01:32:55.451] debug2: Finish processing RPC: REQUEST_NODE_REGISTRATION_STATUS
[2025-09-17T01:36:15.813] debug2: Start processing RPC: REQUEST_PING
[2025-09-17T01:36:15.813] debug2: Start processing RPC: REQUEST_PING
[2025-09-17T01:36:15.813] debug2: Processing RPC: REQUEST_PING
[2025-09-17T01:36:15.813] debug2: Processing RPC: REQUEST_PING
[2025-09-17T01:36:15.813] debug2: Finish processing RPC: REQUEST_PING
[2025-09-17T01:36:15.813] debug2: Finish processing RPC: REQUEST_PING
[2025-09-17T01:39:35.687] debug2: Start processing RPC: REQUEST_PING
[2025-09-17T01:39:35.687] debug2: Start processing RPC: REQUEST_PING
[2025-09-17T01:39:35.687] debug2: Processing RPC: REQUEST_PING
[2025-09-17T01:39:35.687] debug2: Processing RPC: REQUEST_PING
[2025-09-17T01:39:35.687] debug2: Finish processing RPC: REQUEST_PING
[2025-09-17T01:39:35.687] debug2: Finish processing RPC: REQUEST_PING
[2025-09-17T01:42:55.617] debug2: Start processing RPC: REQUEST_PING
[2025-09-17T01:42:55.617] debug2: Start processing RPC: REQUEST_PING
[2025-09-17T01:42:55.617] debug2: Processing RPC: REQUEST_PING
[2025-09-17T01:42:55.618] debug2: Processing RPC: REQUEST_PING
[2025-09-17T01:42:55.618] debug2: Finish processing RPC: REQUEST_PING
[2025-09-17T01:42:55.618] debug2: Finish processing RPC: REQUEST_PING
[2025-09-17T01:46:15.165] debug2: Start processing RPC: REQUEST_PING
[2025-09-17T01:46:15.165] debug2: Processing RPC: REQUEST_PING
[2025-09-17T01:46:15.165] debug2: Start processing RPC: REQUEST_PING
[2025-09-17T01:46:15.165] debug2: Processing RPC: REQUEST_PING
[2025-09-17T01:46:15.165] debug2: Finish processing RPC: REQUEST_PING
[2025-09-17T01:46:15.165] debug2: Finish processing RPC: REQUEST_PING
[2025-09-17T01:49:35.788] debug2: Start processing RPC: REQUEST_PING
[2025-09-17T01:49:35.788] debug2: Processing RPC: REQUEST_PING
[2025-09-17T01:49:35.788] debug2: Start processing RPC: REQUEST_PING
[2025-09-17T01:49:35.788] debug2: Processing RPC: REQUEST_PING
[2025-09-17T01:49:35.789] debug2: Finish processing RPC: REQUEST_PING
[2025-09-17T01:49:35.789] debug2: Finish processing RPC: REQUEST_PING
[2025-09-17T01:52:55.788] debug2: Start processing RPC: REQUEST_PING
[2025-09-17T01:52:55.788] debug2: Start processing RPC: REQUEST_PING
[2025-09-17T01:52:55.788] debug2: Processing RPC: REQUEST_PING
[2025-09-17T01:52:55.788] debug2: Processing RPC: REQUEST_PING
[2025-09-17T01:52:55.788] debug2: Finish processing RPC: REQUEST_PING
[2025-09-17T01:52:55.788] debug2: Finish processing RPC: REQUEST_PING
[2025-09-17T01:56:15.652] debug2: Start processing RPC: REQUEST_PING
[2025-09-17T01:56:15.652] debug2: Start processing RPC: REQUEST_PING
[2025-09-17T01:56:15.652] debug2: Processing RPC: REQUEST_PING
[2025-09-17T01:56:15.652] debug2: Processing RPC: REQUEST_PING
[2025-09-17T01:56:15.653] debug2: Finish processing RPC: REQUEST_PING
[2025-09-17T01:56:15.653] debug2: Finish processing RPC: REQUEST_PING
[2025-09-17T01:59:35.015] debug2: Start processing RPC: REQUEST_PING
[2025-09-17T01:59:35.015] debug2: Start processing RPC: REQUEST_PING
[2025-09-17T01:59:35.015] debug2: Processing RPC: REQUEST_PING
[2025-09-17T01:59:35.015] debug2: Processing RPC: REQUEST_PING
[2025-09-17T01:59:35.015] debug2: Finish processing RPC: REQUEST_PING
[2025-09-17T01:59:35.015] debug2: Finish processing RPC: REQUEST_PING
[2025-09-17T02:02:55.893] debug2: Start processing RPC: REQUEST_PING
[2025-09-17T02:02:55.893] debug2: Processing RPC: REQUEST_PING
[2025-09-17T02:02:55.893] debug2: Start processing RPC: REQUEST_PING
[2025-09-17T02:02:55.893] debug2: Processing RPC: REQUEST_PING
[2025-09-17T02:02:55.894] debug2: Finish processing RPC: REQUEST_PING
[2025-09-17T02:02:55.894] debug2: Finish processing RPC: REQUEST_PING
[2025-09-17T02:06:15.286] debug2: Start processing RPC: REQUEST_NODE_REGISTRATION_STATUS
[2025-09-17T02:06:15.286] debug2: Start processing RPC: REQUEST_NODE_REGISTRATION_STATUS
[2025-09-17T02:06:15.286] debug2: Processing RPC: REQUEST_NODE_REGISTRATION_STATUS
[2025-09-17T02:06:15.286] debug2: Processing RPC: REQUEST_NODE_REGISTRATION_STATUS
[2025-09-17T02:06:15.288] debug:  _handle_node_reg_resp: slurmctld sent back 8 TRES.
[2025-09-17T02:06:15.288] debug:  _handle_node_reg_resp: slurmctld sent back 8 TRES.
[2025-09-17T02:06:15.288] debug2: Finish processing RPC: REQUEST_NODE_REGISTRATION_STATUS
[2025-09-17T02:06:15.288] debug2: Finish processing RPC: REQUEST_NODE_REGISTRATION_STATUS
[2025-09-17T02:09:35.545] debug2: Start processing RPC: REQUEST_PING
[2025-09-17T02:09:35.545] debug2: Start processing RPC: REQUEST_PING
[2025-09-17T02:09:35.545] debug2: Processing RPC: REQUEST_PING
[2025-09-17T02:09:35.545] debug2: Processing RPC: REQUEST_PING
[2025-09-17T02:09:35.546] debug2: Finish processing RPC: REQUEST_PING
[2025-09-17T02:09:35.546] debug2: Finish processing RPC: REQUEST_PING
[2025-09-17T02:12:55.654] debug2: Start processing RPC: REQUEST_PING
[2025-09-17T02:12:55.655] debug2: Processing RPC: REQUEST_PING
[2025-09-17T02:12:55.655] debug2: Start processing RPC: REQUEST_PING
[2025-09-17T02:12:55.655] debug2: Processing RPC: REQUEST_PING
[2025-09-17T02:12:55.655] debug2: Finish processing RPC: REQUEST_PING
[2025-09-17T02:12:55.655] debug2: Finish processing RPC: REQUEST_PING
[2025-09-17T02:16:15.209] debug2: Start processing RPC: REQUEST_PING
[2025-09-17T02:16:15.209] debug2: Processing RPC: REQUEST_PING
[2025-09-17T02:16:15.209] debug2: Start processing RPC: REQUEST_PING
[2025-09-17T02:16:15.209] debug2: Processing RPC: REQUEST_PING
[2025-09-17T02:16:15.209] debug2: Finish processing RPC: REQUEST_PING
[2025-09-17T02:16:15.209] debug2: Finish processing RPC: REQUEST_PING
[2025-09-17T02:19:35.682] debug2: Start processing RPC: REQUEST_PING
[2025-09-17T02:19:35.682] debug2: Start processing RPC: REQUEST_PING
[2025-09-17T02:19:35.682] debug2: Processing RPC: REQUEST_PING
[2025-09-17T02:19:35.682] debug2: Processing RPC: REQUEST_PING
[2025-09-17T02:19:35.683] debug2: Finish processing RPC: REQUEST_PING
[2025-09-17T02:19:35.683] debug2: Finish processing RPC: REQUEST_PING
[2025-09-17T02:22:55.350] debug2: Start processing RPC: REQUEST_PING
[2025-09-17T02:22:55.350] debug2: Processing RPC: REQUEST_PING
[2025-09-17T02:22:55.350] debug2: Start processing RPC: REQUEST_PING
[2025-09-17T02:22:55.350] debug2: Processing RPC: REQUEST_PING
[2025-09-17T02:22:55.351] debug2: Finish processing RPC: REQUEST_PING
[2025-09-17T02:22:55.351] debug2: Finish processing RPC: REQUEST_PING
[2025-09-17T02:26:15.549] debug2: Start processing RPC: REQUEST_PING
[2025-09-17T02:26:15.549] debug2: Start processing RPC: REQUEST_PING
[2025-09-17T02:26:15.549] debug2: Processing RPC: REQUEST_PING
[2025-09-17T02:26:15.549] debug2: Processing RPC: REQUEST_PING
[2025-09-17T02:26:15.549] debug2: Finish processing RPC: REQUEST_PING
[2025-09-17T02:26:15.549] debug2: Finish processing RPC: REQUEST_PING
[2025-09-17T02:29:35.795] debug2: Start processing RPC: REQUEST_PING
[2025-09-17T02:29:35.795] debug2: Processing RPC: REQUEST_PING
[2025-09-17T02:29:35.795] debug2: Start processing RPC: REQUEST_PING
[2025-09-17T02:29:35.795] debug2: Processing RPC: REQUEST_PING
[2025-09-17T02:29:35.795] debug2: Finish processing RPC: REQUEST_PING
[2025-09-17T02:29:35.796] debug2: Finish processing RPC: REQUEST_PING
[2025-09-17T02:32:55.987] debug2: Start processing RPC: REQUEST_PING
[2025-09-17T02:32:55.987] debug2: Processing RPC: REQUEST_PING
[2025-09-17T02:32:55.987] debug2: Start processing RPC: REQUEST_PING
[2025-09-17T02:32:55.987] debug2: Processing RPC: REQUEST_PING
[2025-09-17T02:32:55.988] debug2: Finish processing RPC: REQUEST_PING
[2025-09-17T02:32:55.988] debug2: Finish processing RPC: REQUEST_PING
[2025-09-17T02:36:15.240] debug2: Start processing RPC: REQUEST_PING
[2025-09-17T02:36:15.240] debug2: Start processing RPC: REQUEST_PING
[2025-09-17T02:36:15.240] debug2: Processing RPC: REQUEST_PING
[2025-09-17T02:36:15.240] debug2: Processing RPC: REQUEST_PING
[2025-09-17T02:36:15.240] debug2: Finish processing RPC: REQUEST_PING
[2025-09-17T02:36:15.240] debug2: Finish processing RPC: REQUEST_PING
[2025-09-17T02:39:35.490] debug2: Start processing RPC: REQUEST_NODE_REGISTRATION_STATUS
[2025-09-17T02:39:35.490] debug2: Processing RPC: REQUEST_NODE_REGISTRATION_STATUS
[2025-09-17T02:39:35.490] debug2: Start processing RPC: REQUEST_NODE_REGISTRATION_STATUS
[2025-09-17T02:39:35.490] debug2: Processing RPC: REQUEST_NODE_REGISTRATION_STATUS
[2025-09-17T02:39:35.491] debug:  _handle_node_reg_resp: slurmctld sent back 8 TRES.
[2025-09-17T02:39:35.492] debug2: Finish processing RPC: REQUEST_NODE_REGISTRATION_STATUS
[2025-09-17T02:39:35.492] debug:  _handle_node_reg_resp: slurmctld sent back 8 TRES.
[2025-09-17T02:39:35.492] debug2: Finish processing RPC: REQUEST_NODE_REGISTRATION_STATUS
[2025-09-17T02:42:55.682] debug2: Start processing RPC: REQUEST_PING
[2025-09-17T02:42:55.682] debug2: Start processing RPC: REQUEST_PING
[2025-09-17T02:42:55.682] debug2: Processing RPC: REQUEST_PING
[2025-09-17T02:42:55.682] debug2: Processing RPC: REQUEST_PING
[2025-09-17T02:42:55.682] debug2: Finish processing RPC: REQUEST_PING
[2025-09-17T02:42:55.682] debug2: Finish processing RPC: REQUEST_PING
[2025-09-17T02:46:15.927] debug2: Start processing RPC: REQUEST_PING
[2025-09-17T02:46:15.927] debug2: Start processing RPC: REQUEST_PING
[2025-09-17T02:46:15.927] debug2: Processing RPC: REQUEST_PING
[2025-09-17T02:46:15.927] debug2: Processing RPC: REQUEST_PING
[2025-09-17T02:46:15.928] debug2: Finish processing RPC: REQUEST_PING
[2025-09-17T02:46:15.928] debug2: Finish processing RPC: REQUEST_PING
[2025-09-17T02:49:35.172] debug2: Start processing RPC: REQUEST_PING
[2025-09-17T02:49:35.172] debug2: Processing RPC: REQUEST_PING
[2025-09-17T02:49:35.172] debug2: Start processing RPC: REQUEST_PING
[2025-09-17T02:49:35.172] debug2: Processing RPC: REQUEST_PING
[2025-09-17T02:49:35.172] debug2: Finish processing RPC: REQUEST_PING
[2025-09-17T02:49:35.172] debug2: Finish processing RPC: REQUEST_PING
[2025-09-17T02:52:55.366] debug2: Start processing RPC: REQUEST_PING
[2025-09-17T02:52:55.366] debug2: Start processing RPC: REQUEST_PING
[2025-09-17T02:52:55.367] debug2: Processing RPC: REQUEST_PING
[2025-09-17T02:52:55.367] debug2: Processing RPC: REQUEST_PING
[2025-09-17T02:52:55.367] debug2: Finish processing RPC: REQUEST_PING
[2025-09-17T02:52:55.367] debug2: Finish processing RPC: REQUEST_PING
[2025-09-17T02:56:15.613] debug2: Start processing RPC: REQUEST_PING
[2025-09-17T02:56:15.613] debug2: Start processing RPC: REQUEST_PING
[2025-09-17T02:56:15.613] debug2: Processing RPC: REQUEST_PING
[2025-09-17T02:56:15.613] debug2: Processing RPC: REQUEST_PING
[2025-09-17T02:56:15.614] debug2: Finish processing RPC: REQUEST_PING
[2025-09-17T02:56:15.614] debug2: Finish processing RPC: REQUEST_PING
[2025-09-17T02:59:35.859] debug2: Start processing RPC: REQUEST_PING
[2025-09-17T02:59:35.859] debug2: Start processing RPC: REQUEST_PING
[2025-09-17T02:59:35.860] debug2: Processing RPC: REQUEST_PING
[2025-09-17T02:59:35.860] debug2: Processing RPC: REQUEST_PING
[2025-09-17T02:59:35.860] debug2: Finish processing RPC: REQUEST_PING
[2025-09-17T02:59:35.860] debug2: Finish processing RPC: REQUEST_PING
[2025-09-17T03:02:55.055] debug2: Start processing RPC: REQUEST_PING
[2025-09-17T03:02:55.055] debug2: Start processing RPC: REQUEST_PING
[2025-09-17T03:02:55.055] debug2: Processing RPC: REQUEST_PING
[2025-09-17T03:02:55.055] debug2: Processing RPC: REQUEST_PING
[2025-09-17T03:02:55.055] debug2: Finish processing RPC: REQUEST_PING
[2025-09-17T03:02:55.055] debug2: Finish processing RPC: REQUEST_PING
[2025-09-17T03:06:15.298] debug2: Start processing RPC: REQUEST_PING
[2025-09-17T03:06:15.298] debug2: Start processing RPC: REQUEST_PING
[2025-09-17T03:06:15.298] debug2: Processing RPC: REQUEST_PING
[2025-09-17T03:06:15.298] debug2: Processing RPC: REQUEST_PING
[2025-09-17T03:06:15.299] debug2: Finish processing RPC: REQUEST_PING
[2025-09-17T03:06:15.299] debug2: Finish processing RPC: REQUEST_PING
[2025-09-17T03:09:35.541] debug2: Start processing RPC: REQUEST_PING
[2025-09-17T03:09:35.541] debug2: Start processing RPC: REQUEST_PING
[2025-09-17T03:09:35.541] debug2: Processing RPC: REQUEST_PING
[2025-09-17T03:09:35.541] debug2: Processing RPC: REQUEST_PING
[2025-09-17T03:09:35.541] debug2: Finish processing RPC: REQUEST_PING
[2025-09-17T03:09:35.541] debug2: Finish processing RPC: REQUEST_PING
[2025-09-17T03:12:55.734] debug2: Start processing RPC: REQUEST_NODE_REGISTRATION_STATUS
[2025-09-17T03:12:55.734] debug2: Start processing RPC: REQUEST_NODE_REGISTRATION_STATUS
[2025-09-17T03:12:55.734] debug2: Processing RPC: REQUEST_NODE_REGISTRATION_STATUS
[2025-09-17T03:12:55.734] debug2: Processing RPC: REQUEST_NODE_REGISTRATION_STATUS
[2025-09-17T03:12:55.736] debug:  _handle_node_reg_resp: slurmctld sent back 8 TRES.
[2025-09-17T03:12:55.736] debug:  _handle_node_reg_resp: slurmctld sent back 8 TRES.
[2025-09-17T03:12:55.736] debug2: Finish processing RPC: REQUEST_NODE_REGISTRATION_STATUS
[2025-09-17T03:12:55.736] debug2: Finish processing RPC: REQUEST_NODE_REGISTRATION_STATUS
[2025-09-17T03:16:15.978] debug2: Start processing RPC: REQUEST_PING
[2025-09-17T03:16:15.978] debug2: Start processing RPC: REQUEST_PING
[2025-09-17T03:16:15.978] debug2: Processing RPC: REQUEST_PING
[2025-09-17T03:16:15.978] debug2: Processing RPC: REQUEST_PING
[2025-09-17T03:16:15.979] debug2: Finish processing RPC: REQUEST_PING
[2025-09-17T03:16:15.979] debug2: Finish processing RPC: REQUEST_PING
[2025-09-17T03:19:35.222] debug2: Start processing RPC: REQUEST_PING
[2025-09-17T03:19:35.222] debug2: Start processing RPC: REQUEST_PING
[2025-09-17T03:19:35.222] debug2: Processing RPC: REQUEST_PING
[2025-09-17T03:19:35.222] debug2: Processing RPC: REQUEST_PING
[2025-09-17T03:19:35.222] debug2: Finish processing RPC: REQUEST_PING
[2025-09-17T03:19:35.222] debug2: Finish processing RPC: REQUEST_PING
[2025-09-17T03:22:55.415] debug2: Start processing RPC: REQUEST_PING
[2025-09-17T03:22:55.415] debug2: Start processing RPC: REQUEST_PING
[2025-09-17T03:22:55.415] debug2: Processing RPC: REQUEST_PING
[2025-09-17T03:22:55.415] debug2: Processing RPC: REQUEST_PING
[2025-09-17T03:22:55.415] debug2: Finish processing RPC: REQUEST_PING
[2025-09-17T03:22:55.415] debug2: Finish processing RPC: REQUEST_PING
[2025-09-17T03:26:15.658] debug2: Start processing RPC: REQUEST_PING
[2025-09-17T03:26:15.658] debug2: Start processing RPC: REQUEST_PING
[2025-09-17T03:26:15.659] debug2: Processing RPC: REQUEST_PING
[2025-09-17T03:26:15.659] debug2: Processing RPC: REQUEST_PING
[2025-09-17T03:26:15.659] debug2: Finish processing RPC: REQUEST_PING
[2025-09-17T03:26:15.659] debug2: Finish processing RPC: REQUEST_PING
[2025-09-17T03:29:35.907] debug2: Start processing RPC: REQUEST_PING
[2025-09-17T03:29:35.907] debug2: Processing RPC: REQUEST_PING
[2025-09-17T03:29:35.907] debug2: Start processing RPC: REQUEST_PING
[2025-09-17T03:29:35.907] debug2: Processing RPC: REQUEST_PING
[2025-09-17T03:29:35.907] debug2: Finish processing RPC: REQUEST_PING
[2025-09-17T03:29:35.907] debug2: Finish processing RPC: REQUEST_PING
[2025-09-17T03:32:55.099] debug2: Start processing RPC: REQUEST_PING
[2025-09-17T03:32:55.099] debug2: Processing RPC: REQUEST_PING
[2025-09-17T03:32:55.099] debug2: Start processing RPC: REQUEST_PING
[2025-09-17T03:32:55.099] debug2: Processing RPC: REQUEST_PING
[2025-09-17T03:32:55.099] debug2: Finish processing RPC: REQUEST_PING
[2025-09-17T03:32:55.099] debug2: Finish processing RPC: REQUEST_PING
[2025-09-17T03:36:15.345] debug2: Start processing RPC: REQUEST_PING
[2025-09-17T03:36:15.345] debug2: Processing RPC: REQUEST_PING
[2025-09-17T03:36:15.345] debug2: Start processing RPC: REQUEST_PING
[2025-09-17T03:36:15.345] debug2: Processing RPC: REQUEST_PING
[2025-09-17T03:36:15.345] debug2: Finish processing RPC: REQUEST_PING
[2025-09-17T03:36:15.345] debug2: Finish processing RPC: REQUEST_PING
[2025-09-17T03:39:35.585] debug2: Start processing RPC: REQUEST_PING
[2025-09-17T03:39:35.585] debug2: Start processing RPC: REQUEST_PING
[2025-09-17T03:39:35.586] debug2: Processing RPC: REQUEST_PING
[2025-09-17T03:39:35.586] debug2: Processing RPC: REQUEST_PING
[2025-09-17T03:39:35.586] debug2: Finish processing RPC: REQUEST_PING
[2025-09-17T03:39:35.586] debug2: Finish processing RPC: REQUEST_PING
[2025-09-17T03:42:55.775] debug2: Start processing RPC: REQUEST_PING
[2025-09-17T03:42:55.775] debug2: Start processing RPC: REQUEST_PING
[2025-09-17T03:42:55.775] debug2: Processing RPC: REQUEST_PING
[2025-09-17T03:42:55.775] debug2: Processing RPC: REQUEST_PING
[2025-09-17T03:42:55.775] debug2: Finish processing RPC: REQUEST_PING
[2025-09-17T03:42:55.775] debug2: Finish processing RPC: REQUEST_PING
[2025-09-17T03:46:15.017] debug2: Start processing RPC: REQUEST_NODE_REGISTRATION_STATUS
[2025-09-17T03:46:15.017] debug2: Processing RPC: REQUEST_NODE_REGISTRATION_STATUS
[2025-09-17T03:46:15.017] debug2: Start processing RPC: REQUEST_NODE_REGISTRATION_STATUS
[2025-09-17T03:46:15.017] debug2: Processing RPC: REQUEST_NODE_REGISTRATION_STATUS
[2025-09-17T03:46:15.019] debug:  _handle_node_reg_resp: slurmctld sent back 8 TRES.
[2025-09-17T03:46:15.019] debug:  _handle_node_reg_resp: slurmctld sent back 8 TRES.
[2025-09-17T03:46:15.019] debug2: Finish processing RPC: REQUEST_NODE_REGISTRATION_STATUS
[2025-09-17T03:46:15.019] debug2: Finish processing RPC: REQUEST_NODE_REGISTRATION_STATUS
[2025-09-17T03:49:35.258] debug2: Start processing RPC: REQUEST_PING
[2025-09-17T03:49:35.258] debug2: Processing RPC: REQUEST_PING
[2025-09-17T03:49:35.258] debug2: Start processing RPC: REQUEST_PING
[2025-09-17T03:49:35.258] debug2: Processing RPC: REQUEST_PING
[2025-09-17T03:49:35.259] debug2: Finish processing RPC: REQUEST_PING
[2025-09-17T03:49:35.259] debug2: Finish processing RPC: REQUEST_PING
[2025-09-17T03:52:55.452] debug2: Start processing RPC: REQUEST_PING
[2025-09-17T03:52:55.452] debug2: Start processing RPC: REQUEST_PING
[2025-09-17T03:52:55.452] debug2: Processing RPC: REQUEST_PING
[2025-09-17T03:52:55.452] debug2: Processing RPC: REQUEST_PING
[2025-09-17T03:52:55.453] debug2: Finish processing RPC: REQUEST_PING
[2025-09-17T03:52:55.453] debug2: Finish processing RPC: REQUEST_PING
[2025-09-17T03:56:15.699] debug2: Start processing RPC: REQUEST_PING
[2025-09-17T03:56:15.699] debug2: Start processing RPC: REQUEST_PING
[2025-09-17T03:56:15.699] debug2: Processing RPC: REQUEST_PING
[2025-09-17T03:56:15.699] debug2: Processing RPC: REQUEST_PING
[2025-09-17T03:56:15.699] debug2: Finish processing RPC: REQUEST_PING
[2025-09-17T03:56:15.699] debug2: Finish processing RPC: REQUEST_PING
[2025-09-17T03:59:35.943] debug2: Start processing RPC: REQUEST_PING
[2025-09-17T03:59:35.943] debug2: Start processing RPC: REQUEST_PING
[2025-09-17T03:59:35.943] debug2: Processing RPC: REQUEST_PING
[2025-09-17T03:59:35.943] debug2: Processing RPC: REQUEST_PING
[2025-09-17T03:59:35.944] debug2: Finish processing RPC: REQUEST_PING
[2025-09-17T03:59:35.944] debug2: Finish processing RPC: REQUEST_PING
[2025-09-17T04:02:55.135] debug2: Start processing RPC: REQUEST_PING
[2025-09-17T04:02:55.135] debug2: Processing RPC: REQUEST_PING
[2025-09-17T04:02:55.135] debug2: Start processing RPC: REQUEST_PING
[2025-09-17T04:02:55.136] debug2: Processing RPC: REQUEST_PING
[2025-09-17T04:02:55.136] debug2: Finish processing RPC: REQUEST_PING
[2025-09-17T04:02:55.136] debug2: Finish processing RPC: REQUEST_PING
[2025-09-17T04:06:15.378] debug2: Start processing RPC: REQUEST_PING
[2025-09-17T04:06:15.378] debug2: Start processing RPC: REQUEST_PING
[2025-09-17T04:06:15.378] debug2: Processing RPC: REQUEST_PING
[2025-09-17T04:06:15.378] debug2: Processing RPC: REQUEST_PING
[2025-09-17T04:06:15.378] debug2: Finish processing RPC: REQUEST_PING
[2025-09-17T04:06:15.379] debug2: Finish processing RPC: REQUEST_PING
[2025-09-17T04:09:35.625] debug2: Start processing RPC: REQUEST_PING
[2025-09-17T04:09:35.625] debug2: Start processing RPC: REQUEST_PING
[2025-09-17T04:09:35.625] debug2: Processing RPC: REQUEST_PING
[2025-09-17T04:09:35.625] debug2: Processing RPC: REQUEST_PING
[2025-09-17T04:09:35.625] debug2: Finish processing RPC: REQUEST_PING
[2025-09-17T04:09:35.625] debug2: Finish processing RPC: REQUEST_PING
[2025-09-17T04:12:55.817] debug2: Start processing RPC: REQUEST_PING
[2025-09-17T04:12:55.817] debug2: Start processing RPC: REQUEST_PING
[2025-09-17T04:12:55.818] debug2: Processing RPC: REQUEST_PING
[2025-09-17T04:12:55.818] debug2: Processing RPC: REQUEST_PING
[2025-09-17T04:12:55.818] debug2: Finish processing RPC: REQUEST_PING
[2025-09-17T04:12:55.818] debug2: Finish processing RPC: REQUEST_PING
[2025-09-17T04:16:15.062] debug2: Start processing RPC: REQUEST_PING
[2025-09-17T04:16:15.062] debug2: Processing RPC: REQUEST_PING
[2025-09-17T04:16:15.062] debug2: Start processing RPC: REQUEST_PING
[2025-09-17T04:16:15.062] debug2: Processing RPC: REQUEST_PING
[2025-09-17T04:16:15.062] debug2: Finish processing RPC: REQUEST_PING
[2025-09-17T04:16:15.063] debug2: Finish processing RPC: REQUEST_PING
[2025-09-17T04:19:35.308] debug2: Start processing RPC: REQUEST_NODE_REGISTRATION_STATUS
[2025-09-17T04:19:35.308] debug2: Start processing RPC: REQUEST_NODE_REGISTRATION_STATUS
[2025-09-17T04:19:35.308] debug2: Processing RPC: REQUEST_NODE_REGISTRATION_STATUS
[2025-09-17T04:19:35.308] debug2: Processing RPC: REQUEST_NODE_REGISTRATION_STATUS
[2025-09-17T04:19:35.310] debug:  _handle_node_reg_resp: slurmctld sent back 8 TRES.
[2025-09-17T04:19:35.310] debug:  _handle_node_reg_resp: slurmctld sent back 8 TRES.
[2025-09-17T04:19:35.310] debug2: Finish processing RPC: REQUEST_NODE_REGISTRATION_STATUS
[2025-09-17T04:19:35.310] debug2: Finish processing RPC: REQUEST_NODE_REGISTRATION_STATUS
[2025-09-17T04:22:55.501] debug2: Start processing RPC: REQUEST_PING
[2025-09-17T04:22:55.501] debug2: Start processing RPC: REQUEST_PING
[2025-09-17T04:22:55.501] debug2: Processing RPC: REQUEST_PING
[2025-09-17T04:22:55.501] debug2: Processing RPC: REQUEST_PING
[2025-09-17T04:22:55.502] debug2: Finish processing RPC: REQUEST_PING
[2025-09-17T04:22:55.502] debug2: Finish processing RPC: REQUEST_PING
[2025-09-17T04:26:15.749] debug2: Start processing RPC: REQUEST_PING
[2025-09-17T04:26:15.749] debug2: Processing RPC: REQUEST_PING
[2025-09-17T04:26:15.749] debug2: Start processing RPC: REQUEST_PING
[2025-09-17T04:26:15.749] debug2: Processing RPC: REQUEST_PING
[2025-09-17T04:26:15.749] debug2: Finish processing RPC: REQUEST_PING
[2025-09-17T04:26:15.749] debug2: Finish processing RPC: REQUEST_PING
[2025-09-17T04:29:35.998] debug2: Start processing RPC: REQUEST_PING
[2025-09-17T04:29:35.998] debug2: Processing RPC: REQUEST_PING
[2025-09-17T04:29:35.998] debug2: Start processing RPC: REQUEST_PING
[2025-09-17T04:29:35.998] debug2: Processing RPC: REQUEST_PING
[2025-09-17T04:29:35.998] debug2: Finish processing RPC: REQUEST_PING
[2025-09-17T04:29:35.998] debug2: Finish processing RPC: REQUEST_PING
[2025-09-17T04:32:55.190] debug2: Start processing RPC: REQUEST_PING
[2025-09-17T04:32:55.190] debug2: Processing RPC: REQUEST_PING
[2025-09-17T04:32:55.190] debug2: Start processing RPC: REQUEST_PING
[2025-09-17T04:32:55.190] debug2: Processing RPC: REQUEST_PING
[2025-09-17T04:32:55.191] debug2: Finish processing RPC: REQUEST_PING
[2025-09-17T04:32:55.191] debug2: Finish processing RPC: REQUEST_PING
[2025-09-17T04:36:15.436] debug2: Start processing RPC: REQUEST_PING
[2025-09-17T04:36:15.436] debug2: Start processing RPC: REQUEST_PING
[2025-09-17T04:36:15.436] debug2: Processing RPC: REQUEST_PING
[2025-09-17T04:36:15.436] debug2: Processing RPC: REQUEST_PING
[2025-09-17T04:36:15.436] debug2: Finish processing RPC: REQUEST_PING
[2025-09-17T04:36:15.436] debug2: Finish processing RPC: REQUEST_PING
[2025-09-17T04:39:35.686] debug2: Start processing RPC: REQUEST_PING
[2025-09-17T04:39:35.686] debug2: Start processing RPC: REQUEST_PING
[2025-09-17T04:39:35.686] debug2: Processing RPC: REQUEST_PING
[2025-09-17T04:39:35.686] debug2: Processing RPC: REQUEST_PING
[2025-09-17T04:39:35.686] debug2: Finish processing RPC: REQUEST_PING
[2025-09-17T04:39:35.686] debug2: Finish processing RPC: REQUEST_PING
[2025-09-17T04:42:55.881] debug2: Start processing RPC: REQUEST_PING
[2025-09-17T04:42:55.881] debug2: Start processing RPC: REQUEST_PING
[2025-09-17T04:42:55.881] debug2: Processing RPC: REQUEST_PING
[2025-09-17T04:42:55.881] debug2: Processing RPC: REQUEST_PING
[2025-09-17T04:42:55.881] debug2: Finish processing RPC: REQUEST_PING
[2025-09-17T04:42:55.881] debug2: Finish processing RPC: REQUEST_PING
[2025-09-17T04:46:15.132] debug2: Start processing RPC: REQUEST_PING
[2025-09-17T04:46:15.132] debug2: Start processing RPC: REQUEST_PING
[2025-09-17T04:46:15.132] debug2: Processing RPC: REQUEST_PING
[2025-09-17T04:46:15.132] debug2: Processing RPC: REQUEST_PING
[2025-09-17T04:46:15.132] debug2: Finish processing RPC: REQUEST_PING
[2025-09-17T04:46:15.132] debug2: Finish processing RPC: REQUEST_PING
[2025-09-17T04:49:35.384] debug2: Start processing RPC: REQUEST_PING
[2025-09-17T04:49:35.384] debug2: Start processing RPC: REQUEST_PING
[2025-09-17T04:49:35.384] debug2: Processing RPC: REQUEST_PING
[2025-09-17T04:49:35.384] debug2: Processing RPC: REQUEST_PING
[2025-09-17T04:49:35.384] debug2: Finish processing RPC: REQUEST_PING
[2025-09-17T04:49:35.384] debug2: Finish processing RPC: REQUEST_PING
[2025-09-17T04:52:55.579] debug2: Start processing RPC: REQUEST_NODE_REGISTRATION_STATUS
[2025-09-17T04:52:55.579] debug2: Start processing RPC: REQUEST_NODE_REGISTRATION_STATUS
[2025-09-17T04:52:55.579] debug2: Processing RPC: REQUEST_NODE_REGISTRATION_STATUS
[2025-09-17T04:52:55.579] debug2: Processing RPC: REQUEST_NODE_REGISTRATION_STATUS
[2025-09-17T04:52:55.581] debug:  _handle_node_reg_resp: slurmctld sent back 8 TRES.
[2025-09-17T04:52:55.581] debug:  _handle_node_reg_resp: slurmctld sent back 8 TRES.
[2025-09-17T04:52:55.581] debug2: Finish processing RPC: REQUEST_NODE_REGISTRATION_STATUS
[2025-09-17T04:52:55.581] debug2: Finish processing RPC: REQUEST_NODE_REGISTRATION_STATUS
[2025-09-17T04:56:15.827] debug2: Start processing RPC: REQUEST_PING
[2025-09-17T04:56:15.827] debug2: Start processing RPC: REQUEST_PING
[2025-09-17T04:56:15.827] debug2: Processing RPC: REQUEST_PING
[2025-09-17T04:56:15.827] debug2: Processing RPC: REQUEST_PING
[2025-09-17T04:56:15.827] debug2: Finish processing RPC: REQUEST_PING
[2025-09-17T04:56:15.827] debug2: Finish processing RPC: REQUEST_PING
[2025-09-17T04:59:35.075] debug2: Start processing RPC: REQUEST_PING
[2025-09-17T04:59:35.075] debug2: Start processing RPC: REQUEST_PING
[2025-09-17T04:59:35.075] debug2: Processing RPC: REQUEST_PING
[2025-09-17T04:59:35.075] debug2: Processing RPC: REQUEST_PING
[2025-09-17T04:59:35.076] debug2: Finish processing RPC: REQUEST_PING
[2025-09-17T04:59:35.076] debug2: Finish processing RPC: REQUEST_PING
[2025-09-17T05:02:55.287] debug2: Start processing RPC: REQUEST_PING
[2025-09-17T05:02:55.287] debug2: Start processing RPC: REQUEST_PING
[2025-09-17T05:02:55.287] debug2: Processing RPC: REQUEST_PING
[2025-09-17T05:02:55.287] debug2: Processing RPC: REQUEST_PING
[2025-09-17T05:02:55.287] debug2: Finish processing RPC: REQUEST_PING
[2025-09-17T05:02:55.287] debug2: Finish processing RPC: REQUEST_PING
[2025-09-17T05:06:15.549] debug2: Start processing RPC: REQUEST_PING
[2025-09-17T05:06:15.549] debug2: Start processing RPC: REQUEST_PING
[2025-09-17T05:06:15.550] debug2: Processing RPC: REQUEST_PING
[2025-09-17T05:06:15.550] debug2: Processing RPC: REQUEST_PING
[2025-09-17T05:06:15.550] debug2: Finish processing RPC: REQUEST_PING
[2025-09-17T05:06:15.550] debug2: Finish processing RPC: REQUEST_PING
[2025-09-17T05:09:35.804] debug2: Start processing RPC: REQUEST_PING
[2025-09-17T05:09:35.804] debug2: Start processing RPC: REQUEST_PING
[2025-09-17T05:09:35.804] debug2: Processing RPC: REQUEST_PING
[2025-09-17T05:09:35.804] debug2: Processing RPC: REQUEST_PING
[2025-09-17T05:09:35.804] debug2: Finish processing RPC: REQUEST_PING
[2025-09-17T05:09:35.804] debug2: Finish processing RPC: REQUEST_PING
[2025-09-17T05:12:55.078] debug2: Start processing RPC: REQUEST_PING
[2025-09-17T05:12:55.078] debug2: Start processing RPC: REQUEST_PING
[2025-09-17T05:12:55.078] debug2: Processing RPC: REQUEST_PING
[2025-09-17T05:12:55.078] debug2: Processing RPC: REQUEST_PING
[2025-09-17T05:12:55.078] debug2: Finish processing RPC: REQUEST_PING
[2025-09-17T05:12:55.078] debug2: Finish processing RPC: REQUEST_PING
[2025-09-17T05:16:15.332] debug2: Start processing RPC: REQUEST_PING
[2025-09-17T05:16:15.332] debug2: Start processing RPC: REQUEST_PING
[2025-09-17T05:16:15.333] debug2: Processing RPC: REQUEST_PING
[2025-09-17T05:16:15.333] debug2: Processing RPC: REQUEST_PING
[2025-09-17T05:16:15.333] debug2: Finish processing RPC: REQUEST_PING
[2025-09-17T05:16:15.333] debug2: Finish processing RPC: REQUEST_PING
[2025-09-17T05:19:35.592] debug2: Start processing RPC: REQUEST_PING
[2025-09-17T05:19:35.592] debug2: Start processing RPC: REQUEST_PING
[2025-09-17T05:19:35.592] debug2: Processing RPC: REQUEST_PING
[2025-09-17T05:19:35.592] debug2: Processing RPC: REQUEST_PING
[2025-09-17T05:19:35.593] debug2: Finish processing RPC: REQUEST_PING
[2025-09-17T05:19:35.593] debug2: Finish processing RPC: REQUEST_PING
[2025-09-17T05:22:55.798] debug2: Start processing RPC: REQUEST_PING
[2025-09-17T05:22:55.798] debug2: Processing RPC: REQUEST_PING
[2025-09-17T05:22:55.798] debug2: Start processing RPC: REQUEST_PING
[2025-09-17T05:22:55.798] debug2: Processing RPC: REQUEST_PING
[2025-09-17T05:22:55.799] debug2: Finish processing RPC: REQUEST_PING
[2025-09-17T05:22:55.799] debug2: Finish processing RPC: REQUEST_PING
[2025-09-17T05:26:15.325] debug2: Start processing RPC: REQUEST_NODE_REGISTRATION_STATUS
[2025-09-17T05:26:15.325] debug2: Start processing RPC: REQUEST_NODE_REGISTRATION_STATUS
[2025-09-17T05:26:15.325] debug2: Processing RPC: REQUEST_NODE_REGISTRATION_STATUS
[2025-09-17T05:26:15.325] debug2: Processing RPC: REQUEST_NODE_REGISTRATION_STATUS
[2025-09-17T05:26:15.327] debug:  _handle_node_reg_resp: slurmctld sent back 8 TRES.
[2025-09-17T05:26:15.327] debug:  _handle_node_reg_resp: slurmctld sent back 8 TRES.
[2025-09-17T05:26:15.327] debug2: Finish processing RPC: REQUEST_NODE_REGISTRATION_STATUS
[2025-09-17T05:26:15.327] debug2: Finish processing RPC: REQUEST_NODE_REGISTRATION_STATUS
[2025-09-17T05:29:35.584] debug2: Start processing RPC: REQUEST_PING
[2025-09-17T05:29:35.584] debug2: Start processing RPC: REQUEST_PING
[2025-09-17T05:29:35.584] debug2: Processing RPC: REQUEST_PING
[2025-09-17T05:29:35.584] debug2: Processing RPC: REQUEST_PING
[2025-09-17T05:29:35.584] debug2: Finish processing RPC: REQUEST_PING
[2025-09-17T05:29:35.584] debug2: Finish processing RPC: REQUEST_PING
[2025-09-17T05:32:55.778] debug2: Start processing RPC: REQUEST_PING
[2025-09-17T05:32:55.778] debug2: Start processing RPC: REQUEST_PING
[2025-09-17T05:32:55.778] debug2: Processing RPC: REQUEST_PING
[2025-09-17T05:32:55.778] debug2: Processing RPC: REQUEST_PING
[2025-09-17T05:32:55.779] debug2: Finish processing RPC: REQUEST_PING
[2025-09-17T05:32:55.779] debug2: Finish processing RPC: REQUEST_PING
[2025-09-17T05:36:15.190] debug2: Start processing RPC: REQUEST_PING
[2025-09-17T05:36:15.190] debug2: Start processing RPC: REQUEST_PING
[2025-09-17T05:36:15.190] debug2: Processing RPC: REQUEST_PING
[2025-09-17T05:36:15.190] debug2: Processing RPC: REQUEST_PING
[2025-09-17T05:36:15.191] debug2: Finish processing RPC: REQUEST_PING
[2025-09-17T05:36:15.191] debug2: Finish processing RPC: REQUEST_PING
[2025-09-17T05:39:35.421] debug2: Start processing RPC: REQUEST_PING
[2025-09-17T05:39:35.421] debug2: Start processing RPC: REQUEST_PING
[2025-09-17T05:39:35.421] debug2: Processing RPC: REQUEST_PING
[2025-09-17T05:39:35.421] debug2: Processing RPC: REQUEST_PING
[2025-09-17T05:39:35.421] debug2: Finish processing RPC: REQUEST_PING
[2025-09-17T05:39:35.421] debug2: Finish processing RPC: REQUEST_PING
[2025-09-17T05:42:55.602] debug2: Start processing RPC: REQUEST_PING
[2025-09-17T05:42:55.602] debug2: Start processing RPC: REQUEST_PING
[2025-09-17T05:42:55.602] debug2: Processing RPC: REQUEST_PING
[2025-09-17T05:42:55.602] debug2: Processing RPC: REQUEST_PING
[2025-09-17T05:42:55.603] debug2: Finish processing RPC: REQUEST_PING
[2025-09-17T05:42:55.603] debug2: Finish processing RPC: REQUEST_PING
[2025-09-17T05:46:15.760] debug2: Start processing RPC: REQUEST_PING
[2025-09-17T05:46:15.760] debug2: Start processing RPC: REQUEST_PING
[2025-09-17T05:46:15.761] debug2: Processing RPC: REQUEST_PING
[2025-09-17T05:46:15.761] debug2: Processing RPC: REQUEST_PING
[2025-09-17T05:46:15.761] debug2: Finish processing RPC: REQUEST_PING
[2025-09-17T05:46:15.761] debug2: Finish processing RPC: REQUEST_PING
[2025-09-17T05:49:35.860] debug2: Start processing RPC: REQUEST_PING
[2025-09-17T05:49:35.860] debug2: Start processing RPC: REQUEST_PING
[2025-09-17T05:49:35.860] debug2: Processing RPC: REQUEST_PING
[2025-09-17T05:49:35.860] debug2: Processing RPC: REQUEST_PING
[2025-09-17T05:49:35.861] debug2: Finish processing RPC: REQUEST_PING
[2025-09-17T05:49:35.861] debug2: Finish processing RPC: REQUEST_PING
[2025-09-17T05:52:55.933] debug2: Start processing RPC: REQUEST_PING
[2025-09-17T05:52:55.933] debug2: Processing RPC: REQUEST_PING
[2025-09-17T05:52:55.933] debug2: Start processing RPC: REQUEST_PING
[2025-09-17T05:52:55.933] debug2: Processing RPC: REQUEST_PING
[2025-09-17T05:52:55.933] debug2: Finish processing RPC: REQUEST_PING
[2025-09-17T05:52:55.933] debug2: Finish processing RPC: REQUEST_PING
[2025-09-17T05:56:15.106] debug2: Start processing RPC: REQUEST_PING
[2025-09-17T05:56:15.106] debug2: Start processing RPC: REQUEST_PING
[2025-09-17T05:56:15.106] debug2: Processing RPC: REQUEST_PING
[2025-09-17T05:56:15.106] debug2: Processing RPC: REQUEST_PING
[2025-09-17T05:56:15.106] debug2: Finish processing RPC: REQUEST_PING
[2025-09-17T05:56:15.106] debug2: Finish processing RPC: REQUEST_PING
[2025-09-17T05:59:35.106] debug2: Start processing RPC: REQUEST_NODE_REGISTRATION_STATUS
[2025-09-17T05:59:35.106] debug2: Start processing RPC: REQUEST_NODE_REGISTRATION_STATUS
[2025-09-17T05:59:35.106] debug2: Processing RPC: REQUEST_NODE_REGISTRATION_STATUS
[2025-09-17T05:59:35.106] debug2: Processing RPC: REQUEST_NODE_REGISTRATION_STATUS
[2025-09-17T05:59:35.108] debug:  _handle_node_reg_resp: slurmctld sent back 8 TRES.
[2025-09-17T05:59:35.108] debug:  _handle_node_reg_resp: slurmctld sent back 8 TRES.
[2025-09-17T05:59:35.108] debug2: Finish processing RPC: REQUEST_NODE_REGISTRATION_STATUS
[2025-09-17T05:59:35.108] debug2: Finish processing RPC: REQUEST_NODE_REGISTRATION_STATUS
[2025-09-17T06:02:55.159] debug2: Start processing RPC: REQUEST_PING
[2025-09-17T06:02:55.159] debug2: Start processing RPC: REQUEST_PING
[2025-09-17T06:02:55.159] debug2: Processing RPC: REQUEST_PING
[2025-09-17T06:02:55.159] debug2: Processing RPC: REQUEST_PING
[2025-09-17T06:02:55.159] debug2: Finish processing RPC: REQUEST_PING
[2025-09-17T06:02:55.159] debug2: Finish processing RPC: REQUEST_PING
[2025-09-17T06:06:15.188] debug2: Start processing RPC: REQUEST_PING
[2025-09-17T06:06:15.188] debug2: Start processing RPC: REQUEST_PING
[2025-09-17T06:06:15.188] debug2: Processing RPC: REQUEST_PING
[2025-09-17T06:06:15.188] debug2: Processing RPC: REQUEST_PING
[2025-09-17T06:06:15.188] debug2: Finish processing RPC: REQUEST_PING
[2025-09-17T06:06:15.189] debug2: Finish processing RPC: REQUEST_PING
[2025-09-17T06:09:35.189] debug2: Start processing RPC: REQUEST_PING
[2025-09-17T06:09:35.189] debug2: Start processing RPC: REQUEST_PING
[2025-09-17T06:09:35.189] debug2: Processing RPC: REQUEST_PING
[2025-09-17T06:09:35.189] debug2: Processing RPC: REQUEST_PING
[2025-09-17T06:09:35.190] debug2: Finish processing RPC: REQUEST_PING
[2025-09-17T06:09:35.190] debug2: Finish processing RPC: REQUEST_PING
[2025-09-17T06:12:55.138] debug2: Start processing RPC: REQUEST_PING
[2025-09-17T06:12:55.138] debug2: Processing RPC: REQUEST_PING
[2025-09-17T06:12:55.138] debug2: Start processing RPC: REQUEST_PING
[2025-09-17T06:12:55.138] debug2: Processing RPC: REQUEST_PING
[2025-09-17T06:12:55.138] debug2: Finish processing RPC: REQUEST_PING
[2025-09-17T06:12:55.138] debug2: Finish processing RPC: REQUEST_PING
[2025-09-17T06:16:15.229] debug2: Start processing RPC: REQUEST_PING
[2025-09-17T06:16:15.229] debug2: Start processing RPC: REQUEST_PING
[2025-09-17T06:16:15.230] debug2: Processing RPC: REQUEST_PING
[2025-09-17T06:16:15.230] debug2: Processing RPC: REQUEST_PING
[2025-09-17T06:16:15.230] debug2: Finish processing RPC: REQUEST_PING
[2025-09-17T06:16:15.230] debug2: Finish processing RPC: REQUEST_PING
[2025-09-17T06:19:35.281] debug2: Start processing RPC: REQUEST_PING
[2025-09-17T06:19:35.281] debug2: Start processing RPC: REQUEST_PING
[2025-09-17T06:19:35.282] debug2: Processing RPC: REQUEST_PING
[2025-09-17T06:19:35.282] debug2: Processing RPC: REQUEST_PING
[2025-09-17T06:19:35.282] debug2: Finish processing RPC: REQUEST_PING
[2025-09-17T06:19:35.283] debug2: Finish processing RPC: REQUEST_PING
[2025-09-17T06:22:55.239] debug2: Start processing RPC: REQUEST_PING
[2025-09-17T06:22:55.239] debug2: Start processing RPC: REQUEST_PING
[2025-09-17T06:22:55.239] debug2: Processing RPC: REQUEST_PING
[2025-09-17T06:22:55.239] debug2: Processing RPC: REQUEST_PING
[2025-09-17T06:22:55.239] debug2: Finish processing RPC: REQUEST_PING
[2025-09-17T06:22:55.239] debug2: Finish processing RPC: REQUEST_PING
[2025-09-17T06:26:15.292] debug2: Start processing RPC: REQUEST_PING
[2025-09-17T06:26:15.292] debug2: Processing RPC: REQUEST_PING
[2025-09-17T06:26:15.292] debug2: Start processing RPC: REQUEST_PING
[2025-09-17T06:26:15.292] debug2: Processing RPC: REQUEST_PING
[2025-09-17T06:26:15.293] debug2: Finish processing RPC: REQUEST_PING
[2025-09-17T06:26:15.293] debug2: Finish processing RPC: REQUEST_PING
[2025-09-17T06:29:35.252] debug2: Start processing RPC: REQUEST_PING
[2025-09-17T06:29:35.252] debug2: Start processing RPC: REQUEST_PING
[2025-09-17T06:29:35.252] debug2: Processing RPC: REQUEST_PING
[2025-09-17T06:29:35.252] debug2: Processing RPC: REQUEST_PING
[2025-09-17T06:29:35.252] debug2: Finish processing RPC: REQUEST_PING
[2025-09-17T06:29:35.252] debug2: Finish processing RPC: REQUEST_PING
[2025-09-17T06:32:55.136] debug2: Start processing RPC: REQUEST_NODE_REGISTRATION_STATUS
[2025-09-17T06:32:55.136] debug2: Start processing RPC: REQUEST_NODE_REGISTRATION_STATUS
[2025-09-17T06:32:55.136] debug2: Processing RPC: REQUEST_NODE_REGISTRATION_STATUS
[2025-09-17T06:32:55.136] debug2: Processing RPC: REQUEST_NODE_REGISTRATION_STATUS
[2025-09-17T06:32:55.139] debug:  _handle_node_reg_resp: slurmctld sent back 8 TRES.
[2025-09-17T06:32:55.139] debug:  _handle_node_reg_resp: slurmctld sent back 8 TRES.
[2025-09-17T06:32:55.139] debug2: Finish processing RPC: REQUEST_NODE_REGISTRATION_STATUS
[2025-09-17T06:32:55.139] debug2: Finish processing RPC: REQUEST_NODE_REGISTRATION_STATUS
[2025-09-17T06:36:15.106] debug2: Start processing RPC: REQUEST_PING
[2025-09-17T06:36:15.106] debug2: Processing RPC: REQUEST_PING
[2025-09-17T06:36:15.106] debug2: Start processing RPC: REQUEST_PING
[2025-09-17T06:36:15.106] debug2: Processing RPC: REQUEST_PING
[2025-09-17T06:36:15.106] debug2: Finish processing RPC: REQUEST_PING
[2025-09-17T06:36:15.106] debug2: Finish processing RPC: REQUEST_PING
[2025-09-17T06:39:35.068] debug2: Start processing RPC: REQUEST_PING
[2025-09-17T06:39:35.068] debug2: Start processing RPC: REQUEST_PING
[2025-09-17T06:39:35.068] debug2: Processing RPC: REQUEST_PING
[2025-09-17T06:39:35.068] debug2: Processing RPC: REQUEST_PING
[2025-09-17T06:39:35.068] debug2: Finish processing RPC: REQUEST_PING
[2025-09-17T06:39:35.068] debug2: Finish processing RPC: REQUEST_PING
[2025-09-17T06:42:55.129] debug2: Start processing RPC: REQUEST_PING
[2025-09-17T06:42:55.129] debug2: Start processing RPC: REQUEST_PING
[2025-09-17T06:42:55.129] debug2: Processing RPC: REQUEST_PING
[2025-09-17T06:42:55.129] debug2: Processing RPC: REQUEST_PING
[2025-09-17T06:42:55.129] debug2: Finish processing RPC: REQUEST_PING
[2025-09-17T06:42:55.129] debug2: Finish processing RPC: REQUEST_PING
[2025-09-17T06:46:15.100] debug2: Start processing RPC: REQUEST_PING
[2025-09-17T06:46:15.100] debug2: Start processing RPC: REQUEST_PING
[2025-09-17T06:46:15.101] debug2: Processing RPC: REQUEST_PING
[2025-09-17T06:46:15.101] debug2: Processing RPC: REQUEST_PING
[2025-09-17T06:46:15.101] debug2: Finish processing RPC: REQUEST_PING
[2025-09-17T06:46:15.101] debug2: Finish processing RPC: REQUEST_PING
[2025-09-17T06:49:35.042] debug2: Start processing RPC: REQUEST_PING
[2025-09-17T06:49:35.042] debug2: Start processing RPC: REQUEST_PING
[2025-09-17T06:49:35.042] debug2: Processing RPC: REQUEST_PING
[2025-09-17T06:49:35.042] debug2: Processing RPC: REQUEST_PING
[2025-09-17T06:49:35.042] debug2: Finish processing RPC: REQUEST_PING
[2025-09-17T06:49:35.042] debug2: Finish processing RPC: REQUEST_PING
[2025-09-17T06:52:55.929] debug2: Start processing RPC: REQUEST_PING
[2025-09-17T06:52:55.929] debug2: Start processing RPC: REQUEST_PING
[2025-09-17T06:52:55.929] debug2: Processing RPC: REQUEST_PING
[2025-09-17T06:52:55.929] debug2: Processing RPC: REQUEST_PING
[2025-09-17T06:52:55.929] debug2: Finish processing RPC: REQUEST_PING
[2025-09-17T06:52:55.929] debug2: Finish processing RPC: REQUEST_PING
[2025-09-17T06:56:15.799] debug2: Start processing RPC: REQUEST_PING
[2025-09-17T06:56:15.799] debug2: Start processing RPC: REQUEST_PING
[2025-09-17T06:56:15.800] debug2: Processing RPC: REQUEST_PING
[2025-09-17T06:56:15.800] debug2: Processing RPC: REQUEST_PING
[2025-09-17T06:56:15.800] debug2: Finish processing RPC: REQUEST_PING
[2025-09-17T06:56:15.800] debug2: Finish processing RPC: REQUEST_PING
[2025-09-17T06:59:35.787] debug2: Start processing RPC: REQUEST_PING
[2025-09-17T06:59:35.787] debug2: Start processing RPC: REQUEST_PING
[2025-09-17T06:59:35.788] debug2: Processing RPC: REQUEST_PING
[2025-09-17T06:59:35.788] debug2: Processing RPC: REQUEST_PING
[2025-09-17T06:59:35.788] debug2: Finish processing RPC: REQUEST_PING
[2025-09-17T06:59:35.788] debug2: Finish processing RPC: REQUEST_PING
[2025-09-17T07:02:55.556] debug2: Start processing RPC: REQUEST_PING
[2025-09-17T07:02:55.556] debug2: Start processing RPC: REQUEST_PING
[2025-09-17T07:02:55.556] debug2: Processing RPC: REQUEST_PING
[2025-09-17T07:02:55.556] debug2: Processing RPC: REQUEST_PING
[2025-09-17T07:02:55.557] debug2: Finish processing RPC: REQUEST_PING
[2025-09-17T07:02:55.557] debug2: Finish processing RPC: REQUEST_PING
[2025-09-17T07:06:15.385] debug2: Start processing RPC: REQUEST_NODE_REGISTRATION_STATUS
[2025-09-17T07:06:15.385] debug2: Start processing RPC: REQUEST_NODE_REGISTRATION_STATUS
[2025-09-17T07:06:15.385] debug2: Processing RPC: REQUEST_NODE_REGISTRATION_STATUS
[2025-09-17T07:06:15.385] debug2: Processing RPC: REQUEST_NODE_REGISTRATION_STATUS
[2025-09-17T07:06:15.388] debug:  _handle_node_reg_resp: slurmctld sent back 8 TRES.
[2025-09-17T07:06:15.388] debug:  _handle_node_reg_resp: slurmctld sent back 8 TRES.
[2025-09-17T07:06:15.388] debug2: Finish processing RPC: REQUEST_NODE_REGISTRATION_STATUS
[2025-09-17T07:06:15.388] debug2: Finish processing RPC: REQUEST_NODE_REGISTRATION_STATUS
[2025-09-17T07:09:35.365] debug2: Start processing RPC: REQUEST_PING
[2025-09-17T07:09:35.365] debug2: Processing RPC: REQUEST_PING
[2025-09-17T07:09:35.365] debug2: Start processing RPC: REQUEST_PING
[2025-09-17T07:09:35.365] debug2: Processing RPC: REQUEST_PING
[2025-09-17T07:09:35.365] debug2: Finish processing RPC: REQUEST_PING
[2025-09-17T07:09:35.365] debug2: Finish processing RPC: REQUEST_PING
[2025-09-17T07:12:55.095] debug2: Start processing RPC: REQUEST_PING
[2025-09-17T07:12:55.095] debug2: Start processing RPC: REQUEST_PING
[2025-09-17T07:12:55.095] debug2: Processing RPC: REQUEST_PING
[2025-09-17T07:12:55.095] debug2: Processing RPC: REQUEST_PING
[2025-09-17T07:12:55.096] debug2: Finish processing RPC: REQUEST_PING
[2025-09-17T07:12:55.096] debug2: Finish processing RPC: REQUEST_PING
[2025-09-17T07:16:15.012] debug2: Start processing RPC: REQUEST_PING
[2025-09-17T07:16:15.012] debug2: Start processing RPC: REQUEST_PING
[2025-09-17T07:16:15.012] debug2: Processing RPC: REQUEST_PING
[2025-09-17T07:16:15.012] debug2: Processing RPC: REQUEST_PING
[2025-09-17T07:16:15.013] debug2: Finish processing RPC: REQUEST_PING
[2025-09-17T07:16:15.013] debug2: Finish processing RPC: REQUEST_PING
[2025-09-17T07:19:35.003] debug2: Start processing RPC: REQUEST_PING
[2025-09-17T07:19:35.003] debug2: Start processing RPC: REQUEST_PING
[2025-09-17T07:19:35.003] debug2: Processing RPC: REQUEST_PING
[2025-09-17T07:19:35.003] debug2: Processing RPC: REQUEST_PING
[2025-09-17T07:19:35.004] debug2: Finish processing RPC: REQUEST_PING
[2025-09-17T07:19:35.004] debug2: Finish processing RPC: REQUEST_PING
[2025-09-17T07:22:55.861] debug2: Start processing RPC: REQUEST_PING
[2025-09-17T07:22:55.861] debug2: Start processing RPC: REQUEST_PING
[2025-09-17T07:22:55.861] debug2: Processing RPC: REQUEST_PING
[2025-09-17T07:22:55.861] debug2: Processing RPC: REQUEST_PING
[2025-09-17T07:22:55.862] debug2: Finish processing RPC: REQUEST_PING
[2025-09-17T07:22:55.862] debug2: Finish processing RPC: REQUEST_PING
[2025-09-17T07:26:15.486] debug2: Start processing RPC: REQUEST_PING
[2025-09-17T07:26:15.486] debug2: Start processing RPC: REQUEST_PING
[2025-09-17T07:26:15.486] debug2: Processing RPC: REQUEST_PING
[2025-09-17T07:26:15.486] debug2: Processing RPC: REQUEST_PING
[2025-09-17T07:26:15.486] debug2: Finish processing RPC: REQUEST_PING
[2025-09-17T07:26:15.486] debug2: Finish processing RPC: REQUEST_PING
[2025-09-17T07:29:35.430] debug2: Start processing RPC: REQUEST_PING
[2025-09-17T07:29:35.430] debug2: Start processing RPC: REQUEST_PING
[2025-09-17T07:29:35.430] debug2: Processing RPC: REQUEST_PING
[2025-09-17T07:29:35.430] debug2: Processing RPC: REQUEST_PING
[2025-09-17T07:29:35.430] debug2: Finish processing RPC: REQUEST_PING
[2025-09-17T07:29:35.430] debug2: Finish processing RPC: REQUEST_PING
[2025-09-17T07:32:55.075] debug2: Start processing RPC: REQUEST_PING
[2025-09-17T07:32:55.075] debug2: Processing RPC: REQUEST_PING
[2025-09-17T07:32:55.075] debug2: Start processing RPC: REQUEST_PING
[2025-09-17T07:32:55.075] debug2: Processing RPC: REQUEST_PING
[2025-09-17T07:32:55.076] debug2: Finish processing RPC: REQUEST_PING
[2025-09-17T07:32:55.076] debug2: Finish processing RPC: REQUEST_PING
[2025-09-17T07:36:15.937] debug2: Start processing RPC: REQUEST_PING
[2025-09-17T07:36:15.937] debug2: Start processing RPC: REQUEST_PING
[2025-09-17T07:36:15.937] debug2: Processing RPC: REQUEST_PING
[2025-09-17T07:36:15.937] debug2: Processing RPC: REQUEST_PING
[2025-09-17T07:36:15.937] debug2: Finish processing RPC: REQUEST_PING
[2025-09-17T07:36:15.937] debug2: Finish processing RPC: REQUEST_PING
[2025-09-17T07:39:35.759] debug2: Start processing RPC: REQUEST_NODE_REGISTRATION_STATUS
[2025-09-17T07:39:35.759] debug2: Start processing RPC: REQUEST_NODE_REGISTRATION_STATUS
[2025-09-17T07:39:35.759] debug2: Processing RPC: REQUEST_NODE_REGISTRATION_STATUS
[2025-09-17T07:39:35.759] debug2: Processing RPC: REQUEST_NODE_REGISTRATION_STATUS
[2025-09-17T07:39:35.762] debug:  _handle_node_reg_resp: slurmctld sent back 8 TRES.
[2025-09-17T07:39:35.762] debug:  _handle_node_reg_resp: slurmctld sent back 8 TRES.
[2025-09-17T07:39:35.762] debug2: Finish processing RPC: REQUEST_NODE_REGISTRATION_STATUS
[2025-09-17T07:39:35.762] debug2: Finish processing RPC: REQUEST_NODE_REGISTRATION_STATUS
[2025-09-17T07:42:55.430] debug2: Start processing RPC: REQUEST_PING
[2025-09-17T07:42:55.430] debug2: Processing RPC: REQUEST_PING
[2025-09-17T07:42:55.430] debug2: Start processing RPC: REQUEST_PING
[2025-09-17T07:42:55.430] debug2: Processing RPC: REQUEST_PING
[2025-09-17T07:42:55.430] debug2: Finish processing RPC: REQUEST_PING
[2025-09-17T07:42:55.430] debug2: Finish processing RPC: REQUEST_PING
[2025-09-17T07:46:15.043] debug2: Start processing RPC: REQUEST_PING
[2025-09-17T07:46:15.043] debug2: Start processing RPC: REQUEST_PING
[2025-09-17T07:46:15.044] debug2: Processing RPC: REQUEST_PING
[2025-09-17T07:46:15.044] debug2: Processing RPC: REQUEST_PING
[2025-09-17T07:46:15.044] debug2: Finish processing RPC: REQUEST_PING
[2025-09-17T07:46:15.044] debug2: Finish processing RPC: REQUEST_PING
[2025-09-17T07:49:35.782] debug2: Start processing RPC: REQUEST_PING
[2025-09-17T07:49:35.782] debug2: Start processing RPC: REQUEST_PING
[2025-09-17T07:49:35.783] debug2: Processing RPC: REQUEST_PING
[2025-09-17T07:49:35.783] debug2: Processing RPC: REQUEST_PING
[2025-09-17T07:49:35.783] debug2: Finish processing RPC: REQUEST_PING
[2025-09-17T07:49:35.784] debug2: Finish processing RPC: REQUEST_PING
[2025-09-17T07:52:55.527] debug2: Start processing RPC: REQUEST_PING
[2025-09-17T07:52:55.527] debug2: Processing RPC: REQUEST_PING
[2025-09-17T07:52:55.527] debug2: Start processing RPC: REQUEST_PING
[2025-09-17T07:52:55.527] debug2: Processing RPC: REQUEST_PING
[2025-09-17T07:52:55.527] debug2: Finish processing RPC: REQUEST_PING
[2025-09-17T07:52:55.527] debug2: Finish processing RPC: REQUEST_PING
[2025-09-17T07:56:15.275] debug2: Start processing RPC: REQUEST_PING
[2025-09-17T07:56:15.275] debug2: Start processing RPC: REQUEST_PING
[2025-09-17T07:56:15.275] debug2: Processing RPC: REQUEST_PING
[2025-09-17T07:56:15.275] debug2: Processing RPC: REQUEST_PING
[2025-09-17T07:56:15.276] debug2: Finish processing RPC: REQUEST_PING
[2025-09-17T07:56:15.276] debug2: Finish processing RPC: REQUEST_PING
[2025-09-17T07:59:35.862] debug2: Start processing RPC: REQUEST_PING
[2025-09-17T07:59:35.862] debug2: Processing RPC: REQUEST_PING
[2025-09-17T07:59:35.862] debug2: Start processing RPC: REQUEST_PING
[2025-09-17T07:59:35.862] debug2: Processing RPC: REQUEST_PING
[2025-09-17T07:59:35.862] debug2: Finish processing RPC: REQUEST_PING
[2025-09-17T07:59:35.862] debug2: Finish processing RPC: REQUEST_PING
[2025-09-17T08:02:55.470] debug2: Start processing RPC: REQUEST_PING
[2025-09-17T08:02:55.470] debug2: Start processing RPC: REQUEST_PING
[2025-09-17T08:02:55.470] debug2: Processing RPC: REQUEST_PING
[2025-09-17T08:02:55.470] debug2: Processing RPC: REQUEST_PING
[2025-09-17T08:02:55.470] debug2: Finish processing RPC: REQUEST_PING
[2025-09-17T08:02:55.470] debug2: Finish processing RPC: REQUEST_PING
[2025-09-17T08:06:15.047] debug2: Start processing RPC: REQUEST_PING
[2025-09-17T08:06:15.047] debug2: Start processing RPC: REQUEST_PING
[2025-09-17T08:06:15.047] debug2: Processing RPC: REQUEST_PING
[2025-09-17T08:06:15.047] debug2: Processing RPC: REQUEST_PING
[2025-09-17T08:06:15.048] debug2: Finish processing RPC: REQUEST_PING
[2025-09-17T08:06:15.048] debug2: Finish processing RPC: REQUEST_PING
[2025-09-17T08:09:35.607] debug2: Start processing RPC: REQUEST_PING
[2025-09-17T08:09:35.607] debug2: Processing RPC: REQUEST_PING
[2025-09-17T08:09:35.607] debug2: Start processing RPC: REQUEST_PING
[2025-09-17T08:09:35.607] debug2: Processing RPC: REQUEST_PING
[2025-09-17T08:09:35.607] debug2: Finish processing RPC: REQUEST_PING
[2025-09-17T08:09:35.607] debug2: Finish processing RPC: REQUEST_PING
[2025-09-17T08:12:55.130] debug2: Start processing RPC: REQUEST_NODE_REGISTRATION_STATUS
[2025-09-17T08:12:55.130] debug2: Start processing RPC: REQUEST_NODE_REGISTRATION_STATUS
[2025-09-17T08:12:55.130] debug2: Processing RPC: REQUEST_NODE_REGISTRATION_STATUS
[2025-09-17T08:12:55.130] debug2: Processing RPC: REQUEST_NODE_REGISTRATION_STATUS
[2025-09-17T08:12:55.133] debug:  _handle_node_reg_resp: slurmctld sent back 8 TRES.
[2025-09-17T08:12:55.133] debug:  _handle_node_reg_resp: slurmctld sent back 8 TRES.
[2025-09-17T08:12:55.133] debug2: Finish processing RPC: REQUEST_NODE_REGISTRATION_STATUS
[2025-09-17T08:12:55.133] debug2: Finish processing RPC: REQUEST_NODE_REGISTRATION_STATUS
[2025-09-17T08:16:15.690] debug2: Start processing RPC: REQUEST_PING
[2025-09-17T08:16:15.690] debug2: Processing RPC: REQUEST_PING
[2025-09-17T08:16:15.690] debug2: Start processing RPC: REQUEST_PING
[2025-09-17T08:16:15.690] debug2: Processing RPC: REQUEST_PING
[2025-09-17T08:16:15.690] debug2: Finish processing RPC: REQUEST_PING
[2025-09-17T08:16:15.690] debug2: Finish processing RPC: REQUEST_PING
[2025-09-17T08:19:35.389] debug2: Start processing RPC: REQUEST_PING
[2025-09-17T08:19:35.389] debug2: Processing RPC: REQUEST_PING
[2025-09-17T08:19:35.389] debug2: Start processing RPC: REQUEST_PING
[2025-09-17T08:19:35.389] debug2: Processing RPC: REQUEST_PING
[2025-09-17T08:19:35.389] debug2: Finish processing RPC: REQUEST_PING
[2025-09-17T08:19:35.389] debug2: Finish processing RPC: REQUEST_PING
[2025-09-17T08:22:55.573] debug2: Start processing RPC: REQUEST_PING
[2025-09-17T08:22:55.573] debug2: Start processing RPC: REQUEST_PING
[2025-09-17T08:22:55.573] debug2: Processing RPC: REQUEST_PING
[2025-09-17T08:22:55.573] debug2: Processing RPC: REQUEST_PING
[2025-09-17T08:22:55.573] debug2: Finish processing RPC: REQUEST_PING
[2025-09-17T08:22:55.573] debug2: Finish processing RPC: REQUEST_PING
[2025-09-17T08:26:15.948] debug2: Start processing RPC: REQUEST_PING
[2025-09-17T08:26:15.948] debug2: Start processing RPC: REQUEST_PING
[2025-09-17T08:26:15.948] debug2: Processing RPC: REQUEST_PING
[2025-09-17T08:26:15.948] debug2: Processing RPC: REQUEST_PING
[2025-09-17T08:26:15.948] debug2: Finish processing RPC: REQUEST_PING
[2025-09-17T08:26:15.948] debug2: Finish processing RPC: REQUEST_PING
[2025-09-17T08:29:35.921] debug2: Start processing RPC: REQUEST_PING
[2025-09-17T08:29:35.921] debug2: Start processing RPC: REQUEST_PING
[2025-09-17T08:29:35.921] debug2: Processing RPC: REQUEST_PING
[2025-09-17T08:29:35.921] debug2: Processing RPC: REQUEST_PING
[2025-09-17T08:29:35.922] debug2: Finish processing RPC: REQUEST_PING
[2025-09-17T08:29:35.922] debug2: Finish processing RPC: REQUEST_PING
[2025-09-17T08:32:55.510] debug2: Start processing RPC: REQUEST_PING
[2025-09-17T08:32:55.510] debug2: Start processing RPC: REQUEST_PING
[2025-09-17T08:32:55.511] debug2: Processing RPC: REQUEST_PING
[2025-09-17T08:32:55.511] debug2: Processing RPC: REQUEST_PING
[2025-09-17T08:32:55.511] debug2: Finish processing RPC: REQUEST_PING
[2025-09-17T08:32:55.511] debug2: Finish processing RPC: REQUEST_PING
[2025-09-17T08:36:15.312] debug2: Start processing RPC: REQUEST_PING
[2025-09-17T08:36:15.312] debug2: Processing RPC: REQUEST_PING
[2025-09-17T08:36:15.312] debug2: Start processing RPC: REQUEST_PING
[2025-09-17T08:36:15.312] debug2: Processing RPC: REQUEST_PING
[2025-09-17T08:36:15.312] debug2: Finish processing RPC: REQUEST_PING
[2025-09-17T08:36:15.313] debug2: Finish processing RPC: REQUEST_PING
[2025-09-17T08:39:35.881] debug2: Start processing RPC: REQUEST_PING
[2025-09-17T08:39:35.881] debug2: Processing RPC: REQUEST_PING
[2025-09-17T08:39:35.881] debug2: Start processing RPC: REQUEST_PING
[2025-09-17T08:39:35.881] debug2: Processing RPC: REQUEST_PING
[2025-09-17T08:39:35.882] debug2: Finish processing RPC: REQUEST_PING
[2025-09-17T08:39:35.882] debug2: Finish processing RPC: REQUEST_PING
[2025-09-17T08:42:55.282] debug2: Start processing RPC: REQUEST_PING
[2025-09-17T08:42:55.282] debug2: Processing RPC: REQUEST_PING
[2025-09-17T08:42:55.282] debug2: Start processing RPC: REQUEST_PING
[2025-09-17T08:42:55.282] debug2: Processing RPC: REQUEST_PING
[2025-09-17T08:42:55.283] debug2: Finish processing RPC: REQUEST_PING
[2025-09-17T08:42:55.283] debug2: Finish processing RPC: REQUEST_PING
[2025-09-17T08:46:15.079] debug2: Start processing RPC: REQUEST_NODE_REGISTRATION_STATUS
[2025-09-17T08:46:15.079] debug2: Start processing RPC: REQUEST_NODE_REGISTRATION_STATUS
[2025-09-17T08:46:15.079] debug2: Processing RPC: REQUEST_NODE_REGISTRATION_STATUS
[2025-09-17T08:46:15.079] debug2: Processing RPC: REQUEST_NODE_REGISTRATION_STATUS
[2025-09-17T08:46:15.081] debug:  _handle_node_reg_resp: slurmctld sent back 8 TRES.
[2025-09-17T08:46:15.081] debug:  _handle_node_reg_resp: slurmctld sent back 8 TRES.
[2025-09-17T08:46:15.081] debug2: Finish processing RPC: REQUEST_NODE_REGISTRATION_STATUS
[2025-09-17T08:46:15.081] debug2: Finish processing RPC: REQUEST_NODE_REGISTRATION_STATUS
[2025-09-17T08:49:35.448] debug2: Start processing RPC: REQUEST_PING
[2025-09-17T08:49:35.448] debug2: Start processing RPC: REQUEST_PING
[2025-09-17T08:49:35.448] debug2: Processing RPC: REQUEST_PING
[2025-09-17T08:49:35.448] debug2: Processing RPC: REQUEST_PING
[2025-09-17T08:49:35.448] debug2: Finish processing RPC: REQUEST_PING
[2025-09-17T08:49:35.448] debug2: Finish processing RPC: REQUEST_PING
[2025-09-17T08:52:55.424] debug2: Start processing RPC: REQUEST_PING
[2025-09-17T08:52:55.425] debug2: Processing RPC: REQUEST_PING
[2025-09-17T08:52:55.425] debug2: Start processing RPC: REQUEST_PING
[2025-09-17T08:52:55.425] debug2: Processing RPC: REQUEST_PING
[2025-09-17T08:52:55.425] debug2: Finish processing RPC: REQUEST_PING
[2025-09-17T08:52:55.425] debug2: Finish processing RPC: REQUEST_PING
[2025-09-17T08:56:15.811] debug2: Start processing RPC: REQUEST_PING
[2025-09-17T08:56:15.811] debug2: Start processing RPC: REQUEST_PING
[2025-09-17T08:56:15.811] debug2: Processing RPC: REQUEST_PING
[2025-09-17T08:56:15.811] debug2: Processing RPC: REQUEST_PING
[2025-09-17T08:56:15.811] debug2: Finish processing RPC: REQUEST_PING
[2025-09-17T08:56:15.811] debug2: Finish processing RPC: REQUEST_PING
[2025-09-17T08:59:35.635] debug2: Start processing RPC: REQUEST_PING
[2025-09-17T08:59:35.635] debug2: Start processing RPC: REQUEST_PING
[2025-09-17T08:59:35.635] debug2: Processing RPC: REQUEST_PING
[2025-09-17T08:59:35.635] debug2: Processing RPC: REQUEST_PING
[2025-09-17T08:59:35.635] debug2: Finish processing RPC: REQUEST_PING
[2025-09-17T08:59:35.635] debug2: Finish processing RPC: REQUEST_PING
[2025-09-17T09:02:55.378] debug2: Start processing RPC: REQUEST_PING
[2025-09-17T09:02:55.378] debug2: Start processing RPC: REQUEST_PING
[2025-09-17T09:02:55.378] debug2: Processing RPC: REQUEST_PING
[2025-09-17T09:02:55.378] debug2: Processing RPC: REQUEST_PING
[2025-09-17T09:02:55.379] debug2: Finish processing RPC: REQUEST_PING
[2025-09-17T09:02:55.379] debug2: Finish processing RPC: REQUEST_PING
[2025-09-17T09:06:15.976] debug2: Start processing RPC: REQUEST_PING
[2025-09-17T09:06:15.976] debug2: Processing RPC: REQUEST_PING
[2025-09-17T09:06:15.976] debug2: Start processing RPC: REQUEST_PING
[2025-09-17T09:06:15.976] debug2: Processing RPC: REQUEST_PING
[2025-09-17T09:06:15.976] debug2: Finish processing RPC: REQUEST_PING
[2025-09-17T09:06:15.976] debug2: Finish processing RPC: REQUEST_PING
[2025-09-17T09:09:35.323] debug2: Start processing RPC: REQUEST_PING
[2025-09-17T09:09:35.323] debug2: Start processing RPC: REQUEST_PING
[2025-09-17T09:09:35.323] debug2: Processing RPC: REQUEST_PING
[2025-09-17T09:09:35.323] debug2: Processing RPC: REQUEST_PING
[2025-09-17T09:09:35.324] debug2: Finish processing RPC: REQUEST_PING
[2025-09-17T09:09:35.324] debug2: Finish processing RPC: REQUEST_PING
[2025-09-17T09:12:55.687] debug2: Start processing RPC: REQUEST_PING
[2025-09-17T09:12:55.687] debug2: Start processing RPC: REQUEST_PING
[2025-09-17T09:12:55.687] debug2: Processing RPC: REQUEST_PING
[2025-09-17T09:12:55.687] debug2: Processing RPC: REQUEST_PING
[2025-09-17T09:12:55.687] debug2: Finish processing RPC: REQUEST_PING
[2025-09-17T09:12:55.687] debug2: Finish processing RPC: REQUEST_PING
[2025-09-17T09:16:15.017] debug2: Start processing RPC: REQUEST_PING
[2025-09-17T09:16:15.017] debug2: Start processing RPC: REQUEST_PING
[2025-09-17T09:16:15.018] debug2: Processing RPC: REQUEST_PING
[2025-09-17T09:16:15.018] debug2: Processing RPC: REQUEST_PING
[2025-09-17T09:16:15.018] debug2: Finish processing RPC: REQUEST_PING
[2025-09-17T09:16:15.018] debug2: Finish processing RPC: REQUEST_PING
[2025-09-17T09:19:35.500] debug2: Start processing RPC: REQUEST_NODE_REGISTRATION_STATUS
[2025-09-17T09:19:35.500] debug2: Processing RPC: REQUEST_NODE_REGISTRATION_STATUS
[2025-09-17T09:19:35.501] debug2: Start processing RPC: REQUEST_NODE_REGISTRATION_STATUS
[2025-09-17T09:19:35.501] debug2: Processing RPC: REQUEST_NODE_REGISTRATION_STATUS
[2025-09-17T09:19:35.503] debug:  _handle_node_reg_resp: slurmctld sent back 8 TRES.
[2025-09-17T09:19:35.503] debug:  _handle_node_reg_resp: slurmctld sent back 8 TRES.
[2025-09-17T09:19:35.504] debug2: Finish processing RPC: REQUEST_NODE_REGISTRATION_STATUS
[2025-09-17T09:19:35.504] debug2: Finish processing RPC: REQUEST_NODE_REGISTRATION_STATUS
[2025-09-17T09:22:55.676] debug2: Start processing RPC: REQUEST_PING
[2025-09-17T09:22:55.676] debug2: Processing RPC: REQUEST_PING
[2025-09-17T09:22:55.676] debug2: Finish processing RPC: REQUEST_PING
[2025-09-17T09:22:55.676] debug2: Start processing RPC: REQUEST_PING
[2025-09-17T09:22:55.677] debug2: Processing RPC: REQUEST_PING
[2025-09-17T09:22:55.677] debug2: Finish processing RPC: REQUEST_PING
[2025-09-17T09:26:15.874] debug2: Start processing RPC: REQUEST_PING
[2025-09-17T09:26:15.874] debug2: Processing RPC: REQUEST_PING
[2025-09-17T09:26:15.874] debug2: Start processing RPC: REQUEST_PING
[2025-09-17T09:26:15.874] debug2: Processing RPC: REQUEST_PING
[2025-09-17T09:26:15.874] debug2: Finish processing RPC: REQUEST_PING
[2025-09-17T09:26:15.874] debug2: Finish processing RPC: REQUEST_PING
[2025-09-17T09:29:35.315] debug2: Start processing RPC: REQUEST_PING
[2025-09-17T09:29:35.316] debug2: Processing RPC: REQUEST_PING
[2025-09-17T09:29:35.316] debug2: Start processing RPC: REQUEST_PING
[2025-09-17T09:29:35.316] debug2: Processing RPC: REQUEST_PING
[2025-09-17T09:29:35.316] debug2: Finish processing RPC: REQUEST_PING
[2025-09-17T09:29:35.316] debug2: Finish processing RPC: REQUEST_PING
[2025-09-17T09:32:55.864] debug2: Start processing RPC: REQUEST_PING
[2025-09-17T09:32:55.864] debug2: Start processing RPC: REQUEST_PING
[2025-09-17T09:32:55.864] debug2: Processing RPC: REQUEST_PING
[2025-09-17T09:32:55.864] debug2: Processing RPC: REQUEST_PING
[2025-09-17T09:32:55.864] debug2: Finish processing RPC: REQUEST_PING
[2025-09-17T09:32:55.864] debug2: Finish processing RPC: REQUEST_PING
[2025-09-17T09:36:15.379] debug2: Start processing RPC: REQUEST_PING
[2025-09-17T09:36:15.379] debug2: Start processing RPC: REQUEST_PING
[2025-09-17T09:36:15.379] debug2: Processing RPC: REQUEST_PING
[2025-09-17T09:36:15.379] debug2: Processing RPC: REQUEST_PING
[2025-09-17T09:36:15.379] debug2: Finish processing RPC: REQUEST_PING
[2025-09-17T09:36:15.379] debug2: Finish processing RPC: REQUEST_PING
[2025-09-17T09:39:35.278] debug2: Start processing RPC: REQUEST_PING
[2025-09-17T09:39:35.278] debug2: Start processing RPC: REQUEST_PING
[2025-09-17T09:39:35.278] debug2: Processing RPC: REQUEST_PING
[2025-09-17T09:39:35.278] debug2: Processing RPC: REQUEST_PING
[2025-09-17T09:39:35.278] debug2: Finish processing RPC: REQUEST_PING
[2025-09-17T09:39:35.278] debug2: Finish processing RPC: REQUEST_PING
[2025-09-17T09:42:55.942] debug2: Start processing RPC: REQUEST_PING
[2025-09-17T09:42:55.942] debug2: Start processing RPC: REQUEST_PING
[2025-09-17T09:42:55.942] debug2: Processing RPC: REQUEST_PING
[2025-09-17T09:42:55.942] debug2: Processing RPC: REQUEST_PING
[2025-09-17T09:42:55.943] debug2: Finish processing RPC: REQUEST_PING
[2025-09-17T09:42:55.943] debug2: Finish processing RPC: REQUEST_PING
[2025-09-17T09:46:15.823] debug2: Start processing RPC: REQUEST_PING
[2025-09-17T09:46:15.823] debug2: Start processing RPC: REQUEST_PING
[2025-09-17T09:46:15.823] debug2: Processing RPC: REQUEST_PING
[2025-09-17T09:46:15.823] debug2: Processing RPC: REQUEST_PING
[2025-09-17T09:46:15.823] debug2: Finish processing RPC: REQUEST_PING
[2025-09-17T09:46:15.823] debug2: Finish processing RPC: REQUEST_PING
[2025-09-17T09:49:35.775] debug2: Start processing RPC: REQUEST_PING
[2025-09-17T09:49:35.775] debug2: Processing RPC: REQUEST_PING
[2025-09-17T09:49:35.775] debug2: Start processing RPC: REQUEST_PING
[2025-09-17T09:49:35.776] debug2: Processing RPC: REQUEST_PING
[2025-09-17T09:49:35.776] debug2: Finish processing RPC: REQUEST_PING
[2025-09-17T09:49:35.776] debug2: Finish processing RPC: REQUEST_PING
[2025-09-17T09:52:55.770] debug2: Start processing RPC: REQUEST_NODE_REGISTRATION_STATUS
[2025-09-17T09:52:55.770] debug2: Start processing RPC: REQUEST_NODE_REGISTRATION_STATUS
[2025-09-17T09:52:55.770] debug2: Processing RPC: REQUEST_NODE_REGISTRATION_STATUS
[2025-09-17T09:52:55.771] debug2: Processing RPC: REQUEST_NODE_REGISTRATION_STATUS
[2025-09-17T09:52:55.773] debug:  _handle_node_reg_resp: slurmctld sent back 8 TRES.
[2025-09-17T09:52:55.773] debug:  _handle_node_reg_resp: slurmctld sent back 8 TRES.
[2025-09-17T09:52:55.773] debug2: Finish processing RPC: REQUEST_NODE_REGISTRATION_STATUS
[2025-09-17T09:52:55.773] debug2: Finish processing RPC: REQUEST_NODE_REGISTRATION_STATUS
[2025-09-17T09:56:15.187] debug2: Start processing RPC: REQUEST_PING
[2025-09-17T09:56:15.187] debug2: Start processing RPC: REQUEST_PING
[2025-09-17T09:56:15.187] debug2: Processing RPC: REQUEST_PING
[2025-09-17T09:56:15.187] debug2: Processing RPC: REQUEST_PING
[2025-09-17T09:56:15.188] debug2: Finish processing RPC: REQUEST_PING
[2025-09-17T09:56:15.188] debug2: Finish processing RPC: REQUEST_PING
[2025-09-17T09:59:35.640] debug2: Start processing RPC: REQUEST_PING
[2025-09-17T09:59:35.640] debug2: Start processing RPC: REQUEST_PING
[2025-09-17T09:59:35.640] debug2: Processing RPC: REQUEST_PING
[2025-09-17T09:59:35.640] debug2: Processing RPC: REQUEST_PING
[2025-09-17T09:59:35.640] debug2: Finish processing RPC: REQUEST_PING
[2025-09-17T09:59:35.640] debug2: Finish processing RPC: REQUEST_PING
[2025-09-17T10:02:55.398] debug2: Start processing RPC: REQUEST_PING
[2025-09-17T10:02:55.398] debug2: Processing RPC: REQUEST_PING
[2025-09-17T10:02:55.398] debug2: Start processing RPC: REQUEST_PING
[2025-09-17T10:02:55.398] debug2: Processing RPC: REQUEST_PING
[2025-09-17T10:02:55.399] debug2: Finish processing RPC: REQUEST_PING
[2025-09-17T10:02:55.399] debug2: Finish processing RPC: REQUEST_PING
[2025-09-17T10:06:15.113] debug2: Start processing RPC: REQUEST_PING
[2025-09-17T10:06:15.113] debug2: Start processing RPC: REQUEST_PING
[2025-09-17T10:06:15.114] debug2: Processing RPC: REQUEST_PING
[2025-09-17T10:06:15.114] debug2: Processing RPC: REQUEST_PING
[2025-09-17T10:06:15.114] debug2: Finish processing RPC: REQUEST_PING
[2025-09-17T10:06:15.114] debug2: Finish processing RPC: REQUEST_PING
[2025-09-17T10:09:35.048] debug2: Start processing RPC: REQUEST_PING
[2025-09-17T10:09:35.048] debug2: Start processing RPC: REQUEST_PING
[2025-09-17T10:09:35.049] debug2: Processing RPC: REQUEST_PING
[2025-09-17T10:09:35.049] debug2: Processing RPC: REQUEST_PING
[2025-09-17T10:09:35.049] debug2: Finish processing RPC: REQUEST_PING
[2025-09-17T10:09:35.049] debug2: Finish processing RPC: REQUEST_PING
[2025-09-17T10:12:55.296] debug2: Start processing RPC: REQUEST_PING
[2025-09-17T10:12:55.296] debug2: Start processing RPC: REQUEST_PING
[2025-09-17T10:12:55.297] debug2: Processing RPC: REQUEST_PING
[2025-09-17T10:12:55.297] debug2: Processing RPC: REQUEST_PING
[2025-09-17T10:12:55.297] debug2: Finish processing RPC: REQUEST_PING
[2025-09-17T10:12:55.297] debug2: Finish processing RPC: REQUEST_PING
[2025-09-17T10:16:15.743] debug2: Start processing RPC: REQUEST_PING
[2025-09-17T10:16:15.743] debug2: Processing RPC: REQUEST_PING
[2025-09-17T10:16:15.743] debug2: Start processing RPC: REQUEST_PING
[2025-09-17T10:16:15.743] debug2: Processing RPC: REQUEST_PING
[2025-09-17T10:16:15.743] debug2: Finish processing RPC: REQUEST_PING
[2025-09-17T10:16:15.743] debug2: Finish processing RPC: REQUEST_PING
[2025-09-17T10:19:35.975] debug2: Start processing RPC: REQUEST_PING
[2025-09-17T10:19:35.975] debug2: Start processing RPC: REQUEST_PING
[2025-09-17T10:19:35.975] debug2: Processing RPC: REQUEST_PING
[2025-09-17T10:19:35.975] debug2: Processing RPC: REQUEST_PING
[2025-09-17T10:19:35.975] debug2: Finish processing RPC: REQUEST_PING
[2025-09-17T10:19:35.975] debug2: Finish processing RPC: REQUEST_PING
